"STATION","NAME","DATE","TMAX","TMAX_ATTRIBUTES","TMIN","TMIN_ATTRIBUTES"
"MXM00076681","GEOGRAFIA UNAM, MX","2015-01-13","72",",,S","37",",,S"
"MXM00076681","GEOGRAFIA UNAM, MX","2015-01-19",,,,
"MXM00076681","GEOGRAFIA UNAM, MX","2015-01-26",,,,
"MXM00076681","GEOGRAFIA UNAM, MX","2015-02-09","76",",,S","37",",,S"
"MXM00076681","GEOGRAFIA UNAM, MX","2015-02-17","78",",,S","52",",,S"
"MXM00076681","GEOGRAFIA UNAM, MX","2015-02-24","84",",,S","44",",,S"
"MXM00076681","GEOGRAFIA UNAM, MX","2015-03-03","83",",,S","44",",,S"
"MXM00076681","GEOGRAFIA UNAM, MX","2015-03-09","77",",,S","45",",,S"
"MXM00076681","GEOGRAFIA UNAM, MX","2015-03-24",,,,
"MXM00076681","GEOGRAFIA UNAM, MX","2015-04-10","84",",,S","53",",,S"
"MXM00076681","GEOGRAFIA UNAM, MX","2015-04-13","80",",,S","51",",,S"
"MXM00076681","GEOGRAFIA UNAM, MX","2015-04-15","81",",,S","52",",,S"
"MXM00076681","GEOGRAFIA UNAM, MX","2015-04-16",,,,
"MXM00076681","GEOGRAFIA UNAM, MX","2015-04-17","81",",,S","53",",,S"
"MXM00076681","GEOGRAFIA UNAM, MX","2015-04-22","89",",,S","54",",,S"
"MXM00076681","GEOGRAFIA UNAM, MX","2015-04-23",,,,
"MXM00076681","GEOGRAFIA UNAM, MX","2015-04-28","85",",,S","54",",,S"
"MXM00076681","GEOGRAFIA UNAM, MX","2015-04-29",,,,
"MXM00076681","GEOGRAFIA UNAM, MX","2015-05-04","81",",,S","50",",,S"
"MXM00076681","GEOGRAFIA UNAM, MX","2015-05-12","83",",,S","60",",,S"
"MXM00076681","GEOGRAFIA UNAM, MX","2015-05-13","78",",,S","54",",,S"
"MXM00076681","GEOGRAFIA UNAM, MX","2015-05-19",,,,
"MXM00076681","GEOGRAFIA UNAM, MX","2015-05-28",,,,
"MXM00076681","GEOGRAFIA UNAM, MX","2015-06-02",,,,
"MXM00076681","GEOGRAFIA UNAM, MX","2015-06-09","80",",,S","49",",,S"
"MXM00076681","GEOGRAFIA UNAM, MX","2015-06-16",,,,
"MXM00076681","GEOGRAFIA UNAM, MX","2015-06-25","74",",,S","53",",,S"
"MXM00076681","GEOGRAFIA UNAM, MX","2015-07-21","74",",,S","52",",,S"
"MXM00076681","GEOGRAFIA UNAM, MX","2015-07-30","82",",,S","53",",,S"
"MXM00076681","GEOGRAFIA UNAM, MX","2015-07-31","81",",,S","52",",,S"
"MXM00076681","GEOGRAFIA UNAM, MX","2015-08-14","74",",,S","54",",,S"
"MXM00076681","GEOGRAFIA UNAM, MX","2015-08-18","72",",,S","56",",,S"
"MXM00076681","GEOGRAFIA UNAM, MX","2015-08-20","79",",,S","52",",,S"
"MXM00076681","GEOGRAFIA UNAM, MX","2015-08-25","74",",,S","58",",,S"
"MXM00076681","GEOGRAFIA UNAM, MX","2015-08-26","76",",,S","56",",,S"
"MXM00076681","GEOGRAFIA UNAM, MX","2015-08-27","74",",,S","56",",,S"
"MXM00076681","GEOGRAFIA UNAM, MX","2015-08-28","77",",,S","56",",,S"
"MXM00076681","GEOGRAFIA UNAM, MX","2015-08-31","72",",,S","54",",,S"
"MXM00076681","GEOGRAFIA UNAM, MX","2015-09-04",,,,
"MXM00076681","GEOGRAFIA UNAM, MX","2015-09-08",,,,
"MXM00076681","GEOGRAFIA UNAM, MX","2015-09-11",,,,
"MXM00076681","GEOGRAFIA UNAM, MX","2015-09-14","73",",,S","57",",,S"
"MXM00076681","GEOGRAFIA UNAM, MX","2015-09-22","77",",,S","59",",,S"
"MXM00076681","GEOGRAFIA UNAM, MX","2015-09-25","72",",,S","56",",,S"
"MXM00076681","GEOGRAFIA UNAM, MX","2015-09-28",,,,
"MXM00076681","GEOGRAFIA UNAM, MX","2015-09-29",,,,
"MXM00076681","GEOGRAFIA UNAM, MX","2015-09-30",,,,
"MXM00076681","GEOGRAFIA UNAM, MX","2015-10-06","81",",,S","57",",,S"
"MXM00076681","GEOGRAFIA UNAM, MX","2015-10-07","80",",,S","49",",,S"
"MXM00076681","GEOGRAFIA UNAM, MX","2015-10-15","81",",,S","56",",,S"
"MXM00076681","GEOGRAFIA UNAM, MX","2015-10-20",,,,
"MXM00076681","GEOGRAFIA UNAM, MX","2015-10-21","78",",,S","46",",,S"
"MXM00076681","GEOGRAFIA UNAM, MX","2015-10-27","73",",,S","53",",,S"
"MXM00076681","GEOGRAFIA UNAM, MX","2015-11-03",,,,
"MXM00076681","GEOGRAFIA UNAM, MX","2015-11-09",,,,
"MXM00076681","GEOGRAFIA UNAM, MX","2015-11-10","77",",,S","49",",,S"
"MXM00076681","GEOGRAFIA UNAM, MX","2015-11-17","78",",,S","48",",,S"
"MXM00076681","GEOGRAFIA UNAM, MX","2015-12-01",,,,
"MXM00076681","GEOGRAFIA UNAM, MX","2015-12-07",,,,
"MXM00076681","GEOGRAFIA UNAM, MX","2015-12-31",,,,
"MXM00076681","GEOGRAFIA UNAM, MX","2016-01-12","74",",,S","37",",,S"
"MXM00076681","GEOGRAFIA UNAM, MX","2016-02-08","74",",,S","36",",,S"
"MXM00076681","GEOGRAFIA UNAM, MX","2016-02-16",,,,
"MXM00076681","GEOGRAFIA UNAM, MX","2016-02-23",,,,
"MXM00076681","GEOGRAFIA UNAM, MX","2016-02-29","74",",,S","46",",,S"
"MXM00076681","GEOGRAFIA UNAM, MX","2016-03-01",,,,
"MXM00076681","GEOGRAFIA UNAM, MX","2016-03-08","74",",,S","53",",,S"
"MXM00076681","GEOGRAFIA UNAM, MX","2016-03-15",,,,
"MXM00076681","GEOGRAFIA UNAM, MX","2016-03-29","86",",,S","47",",,S"
"MXM00076681","GEOGRAFIA UNAM, MX","2016-04-05","87",",,S","49",",,S"
"MXM00076681","GEOGRAFIA UNAM, MX","2016-04-06","86",",,S","52",",,S"
"MXM00076681","GEOGRAFIA UNAM, MX","2016-04-08","88",",,S","53",",,S"
"MXM00076681","GEOGRAFIA UNAM, MX","2016-04-12","87",",,S","53",",,S"
"MXM00076681","GEOGRAFIA UNAM, MX","2016-04-13","87",",,S","54",",,S"
"MXM00076681","GEOGRAFIA UNAM, MX","2016-04-14","89",",,S","51",",,S"
"MXM00076681","GEOGRAFIA UNAM, MX","2016-04-15",,,,
"MXM00076681","GEOGRAFIA UNAM, MX","2016-04-19","77",",,S","49",",,S"
"MXM00076681","GEOGRAFIA UNAM, MX","2016-04-26",,,,
"MXM00076681","GEOGRAFIA UNAM, MX","2016-05-11","87",",,S","54",",,S"
"MXM00076681","GEOGRAFIA UNAM, MX","2016-05-27","85",",,S","53",",,S"
"MXM00076681","GEOGRAFIA UNAM, MX","2016-06-07","78",",,S","51",",,S"
"MXM00076681","GEOGRAFIA UNAM, MX","2016-06-15","79",",,S","59",",,S"
"MXM00076681","GEOGRAFIA UNAM, MX","2016-06-17","82",",,S","55",",,S"
"MXM00076681","GEOGRAFIA UNAM, MX","2016-06-22","78",",,S","55",",,S"
"MXM00076681","GEOGRAFIA UNAM, MX","2016-07-27","79",",,S","52",",,S"
"MXM00076681","GEOGRAFIA UNAM, MX","2016-07-28","73",",,S","51",",,S"
"MXM00076681","GEOGRAFIA UNAM, MX","2016-08-15","81",",,S","54",",,S"
"MXM00076681","GEOGRAFIA UNAM, MX","2016-08-18","77",",,S","60",",,S"
"MXM00076681","GEOGRAFIA UNAM, MX","2016-12-28",,,,
"MXM00076681","GEOGRAFIA UNAM, MX","2017-04-07","82",",,S","49",",,S"
"MXM00076681","GEOGRAFIA UNAM, MX","2017-04-11","82",",,S","51",",,S"
"MXM00076681","GEOGRAFIA UNAM, MX","2017-04-14","79",",,S","47",",,S"
"MXM00076681","GEOGRAFIA UNAM, MX","2017-06-16","83",",,S","53",",,S"
"MXM00076681","GEOGRAFIA UNAM, MX","2018-04-06","80",",,S","50",",,S"
"MXM00076681","GEOGRAFIA UNAM, MX","2018-04-12","78",",,S","53",",,S"
"MXM00076681","GEOGRAFIA UNAM, MX","2018-04-19","86",",,S","50",",,S"
"MXM00076681","GEOGRAFIA UNAM, MX","2018-04-20","87",",,S","48",",,S"
"MXM00076681","GEOGRAFIA UNAM, MX","2018-04-25","79",",,S","50",",,S"
"MXM00076681","GEOGRAFIA UNAM, MX","2018-05-15","85",",,S","52",",,S"
"MXM00076681","GEOGRAFIA UNAM, MX","2018-06-23",,,,
"MXM00076681","GEOGRAFIA UNAM, MX","2018-07-14","79",",,S","52",",,S"
"MXM00076681","GEOGRAFIA UNAM, MX","2018-07-16","77",",,S","54",",,S"
"MXM00076681","GEOGRAFIA UNAM, MX","2019-04-12","86",",,S","46",",,S"
"MXM00076680","MEXICO CITY, MX","2015-01-02","72",",,S","47",",,S"
"MXM00076680","MEXICO CITY, MX","2015-01-05","68",",,S","44",",,S"
"MXM00076680","MEXICO CITY, MX","2015-01-06","56",",,S","43",",,S"
"MXM00076680","MEXICO CITY, MX","2015-01-08","69",",,S","46",",,S"
"MXM00076680","MEXICO CITY, MX","2015-01-09",,,,
"MXM00076680","MEXICO CITY, MX","2015-01-10","68",",,S","45",",,S"
"MXM00076680","MEXICO CITY, MX","2015-01-11","70",",,S","46",",,S"
"MXM00076680","MEXICO CITY, MX","2015-01-12",,,,
"MXM00076680","MEXICO CITY, MX","2015-01-13","74",",,S","46",",,S"
"MXM00076680","MEXICO CITY, MX","2015-01-14","74",",,S","47",",,S"
"MXM00076680","MEXICO CITY, MX","2015-01-15","75",",,S","49",",,S"
"MXM00076680","MEXICO CITY, MX","2015-01-16","74",",,S","48",",,S"
"MXM00076680","MEXICO CITY, MX","2015-01-17","75",",,S","48",",,S"
"MXM00076680","MEXICO CITY, MX","2015-01-18","72",",,S","50",",,S"
"MXM00076680","MEXICO CITY, MX","2015-01-19",,,,
"MXM00076680","MEXICO CITY, MX","2015-01-20",,,,
"MXM00076680","MEXICO CITY, MX","2015-01-21",,,,
"MXM00076680","MEXICO CITY, MX","2015-01-22","76",",,S","51",",,S"
"MXM00076680","MEXICO CITY, MX","2015-01-23","76",",,S","50",",,S"
"MXM00076680","MEXICO CITY, MX","2015-01-24","75",",,S","50",",,S"
"MXM00076680","MEXICO CITY, MX","2015-01-26","76",",,S","48",",,S"
"MXM00076680","MEXICO CITY, MX","2015-01-27","73",",,S","48",",,S"
"MXM00076680","MEXICO CITY, MX","2015-01-28","75",",,S","47",",,S"
"MXM00076680","MEXICO CITY, MX","2015-01-29","74",",,S","47",",,S"
"MXM00076680","MEXICO CITY, MX","2015-01-30","73",",,S","45",",,S"
"MXM00076680","MEXICO CITY, MX","2015-01-31","71",",,S","45",",,S"
"MXM00076680","MEXICO CITY, MX","2015-02-01","77",",,S","45",",,S"
"MXM00076680","MEXICO CITY, MX","2015-02-02","76",",,S","47",",,S"
"MXM00076680","MEXICO CITY, MX","2015-02-03","72",",,S","47",",,S"
"MXM00076680","MEXICO CITY, MX","2015-02-04",,,,
"MXM00076680","MEXICO CITY, MX","2015-02-05","76",",,S","47",",,S"
"MXM00076680","MEXICO CITY, MX","2015-02-06","72",",,S","43",",,S"
"MXM00076680","MEXICO CITY, MX","2015-02-07",,,,
"MXM00076680","MEXICO CITY, MX","2015-02-08","74",",,S","43",",,S"
"MXM00076680","MEXICO CITY, MX","2015-02-10","72",",,S","45",",,S"
"MXM00076680","MEXICO CITY, MX","2015-02-11","71",",,S","43",",,S"
"MXM00076680","MEXICO CITY, MX","2015-02-12","66",",,S","48",",,S"
"MXM00076680","MEXICO CITY, MX","2015-02-13","67",",,S","45",",,S"
"MXM00076680","MEXICO CITY, MX","2015-02-14","61",",,S","45",",,S"
"MXM00076680","MEXICO CITY, MX","2015-02-15",,,,
"MXM00076680","MEXICO CITY, MX","2015-02-16","74",",,S","48",",,S"
"MXM00076680","MEXICO CITY, MX","2015-02-17","76",",,S","48",",,S"
"MXM00076680","MEXICO CITY, MX","2015-02-18",,,,
"MXM00076680","MEXICO CITY, MX","2015-02-19","81",",,S","51",",,S"
"MXM00076680","MEXICO CITY, MX","2015-02-20","79",",,S","51",",,S"
"MXM00076680","MEXICO CITY, MX","2015-02-21","77",",,S","53",",,S"
"MXM00076680","MEXICO CITY, MX","2015-02-22","79",",,S","53",",,S"
"MXM00076680","MEXICO CITY, MX","2015-02-23",,,,
"MXM00076680","MEXICO CITY, MX","2015-02-24","86",",,S","52",",,S"
"MXM00076680","MEXICO CITY, MX","2015-02-25","81",",,S","52",",,S"
"MXM00076680","MEXICO CITY, MX","2015-02-26","79",",,S","55",",,S"
"MXM00076680","MEXICO CITY, MX","2015-02-27","79",",,S","53",",,S"
"MXM00076680","MEXICO CITY, MX","2015-02-28",,,,
"MXM00076680","MEXICO CITY, MX","2015-03-01","81",",,S","52",",,S"
"MXM00076680","MEXICO CITY, MX","2015-03-02","81",",,S","53",",,S"
"MXM00076680","MEXICO CITY, MX","2015-03-03","84",",,S","53",",,S"
"MXM00076680","MEXICO CITY, MX","2015-03-04",,,,
"MXM00076680","MEXICO CITY, MX","2015-03-05","84",",,S","54",",,S"
"MXM00076680","MEXICO CITY, MX","2015-03-06",,,,
"MXM00076680","MEXICO CITY, MX","2015-03-07","76",",,S","48",",,S"
"MXM00076680","MEXICO CITY, MX","2015-03-09","78",",,S","54",",,S"
"MXM00076680","MEXICO CITY, MX","2015-03-10","78",",,S","53",",,S"
"MXM00076680","MEXICO CITY, MX","2015-03-11","71",",,S","47",",,S"
"MXM00076680","MEXICO CITY, MX","2015-03-12",,,,
"MXM00076680","MEXICO CITY, MX","2015-03-13","67",",,S","45",",,S"
"MXM00076680","MEXICO CITY, MX","2015-03-14","70",",,S","50",",,S"
"MXM00076680","MEXICO CITY, MX","2015-03-15",,,,
"MXM00076680","MEXICO CITY, MX","2015-03-16",,,,
"MXM00076680","MEXICO CITY, MX","2015-03-17","75",",,S","49",",,S"
"MXM00076680","MEXICO CITY, MX","2015-03-18","76",",,S","54",",,S"
"MXM00076680","MEXICO CITY, MX","2015-03-19","80",",,S","56",",,S"
"MXM00076680","MEXICO CITY, MX","2015-03-20","78",",,S","54",",,S"
"MXM00076680","MEXICO CITY, MX","2015-03-21","76",",,S","54",",,S"
"MXM00076680","MEXICO CITY, MX","2015-03-22","76",",,S","54",",,S"
"MXM00076680","MEXICO CITY, MX","2015-03-23","78",",,S","55",",,S"
"MXM00076680","MEXICO CITY, MX","2015-03-24","74",",,S","53",",,S"
"MXM00076680","MEXICO CITY, MX","2015-03-25","81",",,S","52",",,S"
"MXM00076680","MEXICO CITY, MX","2015-03-26","79",",,S","52",",,S"
"MXM00076680","MEXICO CITY, MX","2015-03-27","79",",,S","52",",,S"
"MXM00076680","MEXICO CITY, MX","2015-03-28","71",",,S","51",",,S"
"MXM00076680","MEXICO CITY, MX","2015-03-29",,,,
"MXM00076680","MEXICO CITY, MX","2015-03-30",,,,
"MXM00076680","MEXICO CITY, MX","2015-03-31",,,,
"MXM00076680","MEXICO CITY, MX","2015-04-01","79",",,S","49",",,S"
"MXM00076680","MEXICO CITY, MX","2015-04-02","81",",,S","54",",,S"
"MXM00076680","MEXICO CITY, MX","2015-04-03","79",",,S","54",",,S"
"MXM00076680","MEXICO CITY, MX","2015-04-04","81",",,S","56",",,S"
"MXM00076680","MEXICO CITY, MX","2015-04-06","81",",,S","51",",,S"
"MXM00076680","MEXICO CITY, MX","2015-04-07","83",",,S","54",",,S"
"MXM00076680","MEXICO CITY, MX","2015-04-08","82",",,S","54",",,S"
"MXM00076680","MEXICO CITY, MX","2015-04-09","85",",,S","54",",,S"
"MXM00076680","MEXICO CITY, MX","2015-04-10","86",",,S","59",",,S"
"MXM00076680","MEXICO CITY, MX","2015-04-13","79",",,S","53",",,S"
"MXM00076680","MEXICO CITY, MX","2015-04-14","80",",,S","56",",,S"
"MXM00076680","MEXICO CITY, MX","2015-04-15","82",",,S","56",",,S"
"MXM00076680","MEXICO CITY, MX","2015-04-16","81",",,S","55",",,S"
"MXM00076680","MEXICO CITY, MX","2015-04-17","84",",,S","56",",,S"
"MXM00076680","MEXICO CITY, MX","2015-04-18","83",",,S","57",",,S"
"MXM00076680","MEXICO CITY, MX","2015-04-19","83",",,S","57",",,S"
"MXM00076680","MEXICO CITY, MX","2015-04-20","81",",,S","58",",,S"
"MXM00076680","MEXICO CITY, MX","2015-04-21","86",",,S","58",",,S"
"MXM00076680","MEXICO CITY, MX","2015-04-23",,,,
"MXM00076680","MEXICO CITY, MX","2015-04-25","84",",,S","60",",,S"
"MXM00076680","MEXICO CITY, MX","2015-04-26","84",",,S","60",",,S"
"MXM00076680","MEXICO CITY, MX","2015-04-27","85",",,S","60",",,S"
"MXM00076680","MEXICO CITY, MX","2015-04-28","83",",,S","60",",,S"
"MXM00076680","MEXICO CITY, MX","2015-04-29",,,,
"MXM00076680","MEXICO CITY, MX","2015-05-01",,,,
"MXM00076680","MEXICO CITY, MX","2015-05-02","76",",,S","53",",,S"
"MXM00076680","MEXICO CITY, MX","2015-05-03","73",",,S","54",",,S"
"MXM00076680","MEXICO CITY, MX","2015-05-05","81",",,S","58",",,S"
"MXM00076680","MEXICO CITY, MX","2015-05-06","83",",,S","58",",,S"
"MXM00076680","MEXICO CITY, MX","2015-05-07","80",",,S","54",",,S"
"MXM00076680","MEXICO CITY, MX","2015-05-08","82",",,S","54",",,S"
"MXM00076680","MEXICO CITY, MX","2015-05-09","83",",,S","55",",,S"
"MXM00076680","MEXICO CITY, MX","2015-05-10","83",",,S","58",",,S"
"MXM00076680","MEXICO CITY, MX","2015-05-11","86",",,S","59",",,S"
"MXM00076680","MEXICO CITY, MX","2015-05-12","85",",,S","59",",,S"
"MXM00076680","MEXICO CITY, MX","2015-05-13","78",",,S","54",",,S"
"MXM00076680","MEXICO CITY, MX","2015-05-14","74",",,S","54",",,S"
"MXM00076680","MEXICO CITY, MX","2015-05-15","78",",,S","54",",,S"
"MXM00076680","MEXICO CITY, MX","2015-05-17","80",",,S","56",",,S"
"MXM00076680","MEXICO CITY, MX","2015-05-19","81",",,S","55",",,S"
"MXM00076680","MEXICO CITY, MX","2015-05-20","82",",,S","55",",,S"
"MXM00076680","MEXICO CITY, MX","2015-05-21","81",",,S","57",",,S"
"MXM00076680","MEXICO CITY, MX","2015-05-22","83",",,S","55",",,S"
"MXM00076680","MEXICO CITY, MX","2015-05-23","75",",,S","54",",,S"
"MXM00076680","MEXICO CITY, MX","2015-05-24","78",",,S","54",",,S"
"MXM00076680","MEXICO CITY, MX","2015-05-25",,,,
"MXM00076680","MEXICO CITY, MX","2015-05-26","81",",,S","56",",,S"
"MXM00076680","MEXICO CITY, MX","2015-05-27","77",",,S","57",",,S"
"MXM00076680","MEXICO CITY, MX","2015-05-28","81",",,S","55",",,S"
"MXM00076680","MEXICO CITY, MX","2015-05-29","79",",,S","55",",,S"
"MXM00076680","MEXICO CITY, MX","2015-05-30","73",",,S","55",",,S"
"MXM00076680","MEXICO CITY, MX","2015-05-31","64",",,S","53",",,S"
"MXM00076680","MEXICO CITY, MX","2015-06-01","71",",,S","54",",,S"
"MXM00076680","MEXICO CITY, MX","2015-06-02",,,,
"MXM00076680","MEXICO CITY, MX","2015-06-03","77",",,S","53",",,S"
"MXM00076680","MEXICO CITY, MX","2015-06-04",,,,
"MXM00076680","MEXICO CITY, MX","2015-06-05","81",",,S","57",",,S"
"MXM00076680","MEXICO CITY, MX","2015-06-06","75",",,S","58",",,S"
"MXM00076680","MEXICO CITY, MX","2015-06-07","74",",,S","58",",,S"
"MXM00076680","MEXICO CITY, MX","2015-06-08","79",",,S","54",",,S"
"MXM00076680","MEXICO CITY, MX","2015-06-09","79",",,S","54",",,S"
"MXM00076680","MEXICO CITY, MX","2015-06-10",,,,
"MXM00076680","MEXICO CITY, MX","2015-06-11","84",",,S","56",",,S"
"MXM00076680","MEXICO CITY, MX","2015-06-12",,,,
"MXM00076680","MEXICO CITY, MX","2015-06-13","85",",,S","58",",,S"
"MXM00076680","MEXICO CITY, MX","2015-06-14","81",",,S","58",",,S"
"MXM00076680","MEXICO CITY, MX","2015-06-15","80",",,S","58",",,S"
"MXM00076680","MEXICO CITY, MX","2015-06-16","78",",,S","58",",,S"
"MXM00076680","MEXICO CITY, MX","2015-06-17",,,,
"MXM00076680","MEXICO CITY, MX","2015-06-18",,,,
"MXM00076680","MEXICO CITY, MX","2015-06-19","74",",,S","57",",,S"
"MXM00076680","MEXICO CITY, MX","2015-06-20","79",",,S","57",",,S"
"MXM00076680","MEXICO CITY, MX","2015-06-21","76",",,S","57",",,S"
"MXM00076680","MEXICO CITY, MX","2015-06-22","77",",,S","58",",,S"
"MXM00076680","MEXICO CITY, MX","2015-06-23","78",",,S","59",",,S"
"MXM00076680","MEXICO CITY, MX","2015-06-24","80",",,S","56",",,S"
"MXM00076680","MEXICO CITY, MX","2015-06-25","75",",,S","55",",,S"
"MXM00076680","MEXICO CITY, MX","2015-06-26",,,,
"MXM00076680","MEXICO CITY, MX","2015-06-27",,,,
"MXM00076680","MEXICO CITY, MX","2015-06-28","76",",,S","56",",,S"
"MXM00076680","MEXICO CITY, MX","2015-06-30","74",",,S","57",",,S"
"MXM00076680","MEXICO CITY, MX","2015-07-01","77",",,S","56",",,S"
"MXM00076680","MEXICO CITY, MX","2015-07-02","75",",,S","56",",,S"
"MXM00076680","MEXICO CITY, MX","2015-07-03","69",",,S","55",",,S"
"MXM00076680","MEXICO CITY, MX","2015-07-04",,,,
"MXM00076680","MEXICO CITY, MX","2015-07-05","75",",,S","57",",,S"
"MXM00076680","MEXICO CITY, MX","2015-07-06",,,,
"MXM00076680","MEXICO CITY, MX","2015-07-07","79",",,S","54",",,S"
"MXM00076680","MEXICO CITY, MX","2015-07-08","77",",,S","54",",,S"
"MXM00076680","MEXICO CITY, MX","2015-07-09","77",",,S","52",",,S"
"MXM00076680","MEXICO CITY, MX","2015-07-10","74",",,S","52",",,S"
"MXM00076680","MEXICO CITY, MX","2015-07-11","72",",,S","52",",,S"
"MXM00076680","MEXICO CITY, MX","2015-07-13",,,,
"MXM00076680","MEXICO CITY, MX","2015-07-14","81",",,S","52",",,S"
"MXM00076680","MEXICO CITY, MX","2015-07-15","82",",,S","56",",,S"
"MXM00076680","MEXICO CITY, MX","2015-07-16","80",",,S","58",",,S"
"MXM00076680","MEXICO CITY, MX","2015-07-17","79",",,S","58",",,S"
"MXM00076680","MEXICO CITY, MX","2015-07-18","75",",,S","58",",,S"
"MXM00076680","MEXICO CITY, MX","2015-07-19","75",",,S","58",",,S"
"MXM00076680","MEXICO CITY, MX","2015-07-20","80",",,S","56",",,S"
"MXM00076680","MEXICO CITY, MX","2015-07-21","78",",,S","56",",,S"
"MXM00076680","MEXICO CITY, MX","2015-07-22","76",",,S","56",",,S"
"MXM00076680","MEXICO CITY, MX","2015-07-23","78",",,S","55",",,S"
"MXM00076680","MEXICO CITY, MX","2015-07-24",,,,
"MXM00076680","MEXICO CITY, MX","2015-07-25","80",",,S","54",",,S"
"MXM00076680","MEXICO CITY, MX","2015-07-26","82",",,S","54",",,S"
"MXM00076680","MEXICO CITY, MX","2015-07-27","83",",,S","57",",,S"
"MXM00076680","MEXICO CITY, MX","2015-07-28","83",",,S","58",",,S"
"MXM00076680","MEXICO CITY, MX","2015-07-29","83",",,S","57",",,S"
"MXM00076680","MEXICO CITY, MX","2015-07-30","82",",,S","57",",,S"
"MXM00076680","MEXICO CITY, MX","2015-07-31",,,,
"MXM00076680","MEXICO CITY, MX","2015-08-01","80",",,S","55",",,S"
"MXM00076680","MEXICO CITY, MX","2015-08-02","80",",,S","58",",,S"
"MXM00076680","MEXICO CITY, MX","2015-08-03","82",",,S","57",",,S"
"MXM00076680","MEXICO CITY, MX","2015-08-04","81",",,S","58",",,S"
"MXM00076680","MEXICO CITY, MX","2015-08-05","81",",,S","58",",,S"
"MXM00076680","MEXICO CITY, MX","2015-08-06","85",",,S","56",",,S"
"MXM00076680","MEXICO CITY, MX","2015-08-07","84",",,S","56",",,S"
"MXM00076680","MEXICO CITY, MX","2015-08-08","80",",,S","56",",,S"
"MXM00076680","MEXICO CITY, MX","2015-08-09","80",",,S","56",",,S"
"MXM00076680","MEXICO CITY, MX","2015-08-10","83",",,S","55",",,S"
"MXM00076680","MEXICO CITY, MX","2015-08-11",,,,
"MXM00076680","MEXICO CITY, MX","2015-08-12","77",",,S","55",",,S"
"MXM00076680","MEXICO CITY, MX","2015-08-13","76",",,S","54",",,S"
"MXM00076680","MEXICO CITY, MX","2015-08-14","74",",,S","56",",,S"
"MXM00076680","MEXICO CITY, MX","2015-08-15","79",",,S","55",",,S"
"MXM00076680","MEXICO CITY, MX","2015-08-16","81",",,S","55",",,S"
"MXM00076680","MEXICO CITY, MX","2015-08-17","82",",,S","55",",,S"
"MXM00076680","MEXICO CITY, MX","2015-08-18","74",",,S","55",",,S"
"MXM00076680","MEXICO CITY, MX","2015-08-19","77",",,S","57",",,S"
"MXM00076680","MEXICO CITY, MX","2015-08-20","80",",,S","56",",,S"
"MXM00076680","MEXICO CITY, MX","2015-08-21","80",",,S","56",",,S"
"MXM00076680","MEXICO CITY, MX","2015-08-22","78",",,S","58",",,S"
"MXM00076680","MEXICO CITY, MX","2015-08-23","73",",,S","55",",,S"
"MXM00076680","MEXICO CITY, MX","2015-08-24","80",",,S","55",",,S"
"MXM00076680","MEXICO CITY, MX","2015-08-25","81",",,S","55",",,S"
"MXM00076680","MEXICO CITY, MX","2015-08-26","76",",,S","55",",,S"
"MXM00076680","MEXICO CITY, MX","2015-08-27","74",",,S","55",",,S"
"MXM00076680","MEXICO CITY, MX","2015-08-28","74",",,S","55",",,S"
"MXM00076680","MEXICO CITY, MX","2015-08-29",,,,
"MXM00076680","MEXICO CITY, MX","2015-08-30","76",",,S","57",",,S"
"MXM00076680","MEXICO CITY, MX","2015-08-31",,,,
"MXM00076680","MEXICO CITY, MX","2015-09-01","76",",,S","56",",,S"
"MXM00076680","MEXICO CITY, MX","2015-09-02",,,,
"MXM00076680","MEXICO CITY, MX","2015-09-03",,,,
"MXM00076680","MEXICO CITY, MX","2015-09-04","76",",,S","56",",,S"
"MXM00076680","MEXICO CITY, MX","2015-09-05","77",",,S","54",",,S"
"MXM00076680","MEXICO CITY, MX","2015-09-06","80",",,S","54",",,S"
"MXM00076680","MEXICO CITY, MX","2015-09-07","80",",,S","56",",,S"
"MXM00076680","MEXICO CITY, MX","2015-09-08","80",",,S","56",",,S"
"MXM00076680","MEXICO CITY, MX","2015-09-09","81",",,S","56",",,S"
"MXM00076680","MEXICO CITY, MX","2015-09-10","82",",,S","56",",,S"
"MXM00076680","MEXICO CITY, MX","2015-09-11","81",",,S","56",",,S"
"MXM00076680","MEXICO CITY, MX","2015-09-12","80",",,S","56",",,S"
"MXM00076680","MEXICO CITY, MX","2015-09-13","76",",,S","59",",,S"
"MXM00076680","MEXICO CITY, MX","2015-09-14","75",",,S","58",",,S"
"MXM00076680","MEXICO CITY, MX","2015-09-15",,,,
"MXM00076680","MEXICO CITY, MX","2015-09-16","79",",,S","58",",,S"
"MXM00076680","MEXICO CITY, MX","2015-09-17",,,,
"MXM00076680","MEXICO CITY, MX","2015-09-18","77",",,S","57",",,S"
"MXM00076680","MEXICO CITY, MX","2015-09-19","81",",,S","56",",,S"
"MXM00076680","MEXICO CITY, MX","2015-09-20","78",",,S","56",",,S"
"MXM00076680","MEXICO CITY, MX","2015-09-21","79",",,S","58",",,S"
"MXM00076680","MEXICO CITY, MX","2015-09-22","78",",,S","57",",,S"
"MXM00076680","MEXICO CITY, MX","2015-09-23","75",",,S","54",",,S"
"MXM00076680","MEXICO CITY, MX","2015-09-24","80",",,S","54",",,S"
"MXM00076680","MEXICO CITY, MX","2015-09-25","75",",,S","56",",,S"
"MXM00076680","MEXICO CITY, MX","2015-09-26","70",",,S","55",",,S"
"MXM00076680","MEXICO CITY, MX","2015-09-27","71",",,S","54",",,S"
"MXM00076680","MEXICO CITY, MX","2015-09-28",,,,
"MXM00076680","MEXICO CITY, MX","2015-09-29",,,,
"MXM00076680","MEXICO CITY, MX","2015-09-30","69",",,S","53",",,S"
"MXM00076680","MEXICO CITY, MX","2015-10-01",,,,
"MXM00076680","MEXICO CITY, MX","2015-10-02",,,,
"MXM00076680","MEXICO CITY, MX","2015-10-03",,,,
"MXM00076680","MEXICO CITY, MX","2015-10-04","80",",,S","49",",,S"
"MXM00076680","MEXICO CITY, MX","2015-10-05","81",",,S","53",",,S"
"MXM00076680","MEXICO CITY, MX","2015-10-06","81",",,S","56",",,S"
"MXM00076680","MEXICO CITY, MX","2015-10-07",,,,
"MXM00076680","MEXICO CITY, MX","2015-10-08","82",",,S","54",",,S"
"MXM00076680","MEXICO CITY, MX","2015-10-09","82",",,S","55",",,S"
"MXM00076680","MEXICO CITY, MX","2015-10-10","77",",,S","55",",,S"
"MXM00076680","MEXICO CITY, MX","2015-10-11","81",",,S","55",",,S"
"MXM00076680","MEXICO CITY, MX","2015-10-12","78",",,S","56",",,S"
"MXM00076680","MEXICO CITY, MX","2015-10-13","79",",,S","56",",,S"
"MXM00076680","MEXICO CITY, MX","2015-10-14","78",",,S","56",",,S"
"MXM00076680","MEXICO CITY, MX","2015-10-15",,,,
"MXM00076680","MEXICO CITY, MX","2015-10-16","75",",,S","54",",,S"
"MXM00076680","MEXICO CITY, MX","2015-10-17","74",",,S","54",",,S"
"MXM00076680","MEXICO CITY, MX","2015-10-18",,,,
"MXM00076680","MEXICO CITY, MX","2015-10-19","60",",,S","50",",,S"
"MXM00076680","MEXICO CITY, MX","2015-10-20",,,,
"MXM00076680","MEXICO CITY, MX","2015-10-21","79",",,S","49",",,S"
"MXM00076680","MEXICO CITY, MX","2015-10-22",,,,
"MXM00076680","MEXICO CITY, MX","2015-10-23","76",",,S","59",",,S"
"MXM00076680","MEXICO CITY, MX","2015-10-24","78",",,S","59",",,S"
"MXM00076680","MEXICO CITY, MX","2015-10-25","74",",,S","59",",,S"
"MXM00076680","MEXICO CITY, MX","2015-10-26",,,,
"MXM00076680","MEXICO CITY, MX","2015-10-27",,,,
"MXM00076680","MEXICO CITY, MX","2015-10-28","74",",,S","57",",,S"
"MXM00076680","MEXICO CITY, MX","2015-10-29",,,,
"MXM00076680","MEXICO CITY, MX","2015-10-30","78",",,S","56",",,S"
"MXM00076680","MEXICO CITY, MX","2015-10-31","72",",,S","55",",,S"
"MXM00076680","MEXICO CITY, MX","2015-11-01","74",",,S","55",",,S"
"MXM00076680","MEXICO CITY, MX","2015-11-03",,,,
"MXM00076680","MEXICO CITY, MX","2015-11-04","80",",,S","56",",,S"
"MXM00076680","MEXICO CITY, MX","2015-11-05","79",",,S","55",",,S"
"MXM00076680","MEXICO CITY, MX","2015-11-06","79",",,S","53",",,S"
"MXM00076680","MEXICO CITY, MX","2015-11-07","78",",,S","53",",,S"
"MXM00076680","MEXICO CITY, MX","2015-11-08","76",",,S","56",",,S"
"MXM00076680","MEXICO CITY, MX","2015-11-09","72",",,S","53",",,S"
"MXM00076680","MEXICO CITY, MX","2015-11-10","78",",,S","53",",,S"
"MXM00076680","MEXICO CITY, MX","2015-11-11",,,,
"MXM00076680","MEXICO CITY, MX","2015-11-12","80",",,S","55",",,S"
"MXM00076680","MEXICO CITY, MX","2015-11-13","78",",,S","55",",,S"
"MXM00076680","MEXICO CITY, MX","2015-11-14","72",",,S","55",",,S"
"MXM00076680","MEXICO CITY, MX","2015-11-15","65",",,S","50",",,S"
"MXM00076680","MEXICO CITY, MX","2015-11-17","79",",,S","54",",,S"
"MXM00076680","MEXICO CITY, MX","2015-11-18",,,,
"MXM00076680","MEXICO CITY, MX","2015-11-19","78",",,S","54",",,S"
"MXM00076680","MEXICO CITY, MX","2015-11-20",,,,
"MXM00076680","MEXICO CITY, MX","2015-11-21","77",",,S","54",",,S"
"MXM00076680","MEXICO CITY, MX","2015-11-22",,,,
"MXM00076680","MEXICO CITY, MX","2015-11-23","65",",,S","49",",,S"
"MXM00076680","MEXICO CITY, MX","2015-11-24",,,,
"MXM00076680","MEXICO CITY, MX","2015-11-25",,,,
"MXM00076680","MEXICO CITY, MX","2015-11-26","79",",,S","53",",,S"
"MXM00076680","MEXICO CITY, MX","2015-11-27","76",",,S","51",",,S"
"MXM00076680","MEXICO CITY, MX","2015-11-28","76",",,S","51",",,S"
"MXM00076680","MEXICO CITY, MX","2015-11-29","76",",,S","55",",,S"
"MXM00076680","MEXICO CITY, MX","2015-11-30",,,,
"MXM00076680","MEXICO CITY, MX","2015-12-01","81",",,S","50",",,S"
"MXM00076680","MEXICO CITY, MX","2015-12-02","83",",,S","52",",,S"
"MXM00076680","MEXICO CITY, MX","2015-12-03","79",",,S","53",",,S"
"MXM00076680","MEXICO CITY, MX","2015-12-04",,,,
"MXM00076680","MEXICO CITY, MX","2015-12-05","67",",,S","49",",,S"
"MXM00076680","MEXICO CITY, MX","2015-12-07","69",",,S","48",",,S"
"MXM00076680","MEXICO CITY, MX","2015-12-08",,,,
"MXM00076680","MEXICO CITY, MX","2015-12-09","73",",,S","50",",,S"
"MXM00076680","MEXICO CITY, MX","2015-12-10","70",",,S","51",",,S"
"MXM00076680","MEXICO CITY, MX","2015-12-11","74",",,S","51",",,S"
"MXM00076680","MEXICO CITY, MX","2015-12-14",,,,
"MXM00076680","MEXICO CITY, MX","2015-12-16","77",",,S","50",",,S"
"MXM00076680","MEXICO CITY, MX","2015-12-17","78",",,S","52",",,S"
"MXM00076680","MEXICO CITY, MX","2015-12-18",,,,
"MXM00076680","MEXICO CITY, MX","2015-12-27","79",",,S","52",",,S"
"MXM00076680","MEXICO CITY, MX","2015-12-28","77",",,S","48",",,S"
"MXM00076680","MEXICO CITY, MX","2015-12-29",,,,
"MXM00076680","MEXICO CITY, MX","2015-12-30","81",",,S","50",",,S"
"MXM00076680","MEXICO CITY, MX","2015-12-31","81",",,S","54",",,S"
"MXM00076680","MEXICO CITY, MX","2016-01-03","77",",,S","53",",,S"
"MXM00076680","MEXICO CITY, MX","2016-01-04","73",",,S","49",",,S"
"MXM00076680","MEXICO CITY, MX","2016-01-05","68",",,S","48",",,S"
"MXM00076680","MEXICO CITY, MX","2016-01-06","71",",,S","48",",,S"
"MXM00076680","MEXICO CITY, MX","2016-01-07","70",",,S","48",",,S"
"MXM00076680","MEXICO CITY, MX","2016-01-08",,,,
"MXM00076680","MEXICO CITY, MX","2016-01-09","72",",,S","44",",,S"
"MXM00076680","MEXICO CITY, MX","2016-01-10","73",",,S","44",",,S"
"MXM00076680","MEXICO CITY, MX","2016-01-12","74",",,S","44",",,S"
"MXM00076680","MEXICO CITY, MX","2016-01-13","66",",,S","46",",,S"
"MXM00076680","MEXICO CITY, MX","2016-01-14",,,,
"MXM00076680","MEXICO CITY, MX","2016-01-15",,,,
"MXM00076680","MEXICO CITY, MX","2016-01-16","72",",,S","45",",,S"
"MXM00076680","MEXICO CITY, MX","2016-01-17","68",",,S","43",",,S"
"MXM00076680","MEXICO CITY, MX","2016-01-18","78",",,S","45",",,S"
"MXM00076680","MEXICO CITY, MX","2016-01-19","73",",,S","43",",,S"
"MXM00076680","MEXICO CITY, MX","2016-01-20",,,,
"MXM00076680","MEXICO CITY, MX","2016-01-21",,,,
"MXM00076680","MEXICO CITY, MX","2016-01-22","73",",,S","45",",,S"
"MXM00076680","MEXICO CITY, MX","2016-01-23","73",",,S","44",",,S"
"MXM00076680","MEXICO CITY, MX","2016-01-26","78",",,S","54",",,S"
"MXM00076680","MEXICO CITY, MX","2016-01-27","69",",,S","46",",,S"
"MXM00076680","MEXICO CITY, MX","2016-01-28","71",",,S","36",",,S"
"MXM00076680","MEXICO CITY, MX","2016-01-29","58",",,S","36",",,S"
"MXM00076680","MEXICO CITY, MX","2016-01-30","64",",,S","47",",,S"
"MXM00076680","MEXICO CITY, MX","2016-01-31","73",",,S","47",",,S"
"MXM00076680","MEXICO CITY, MX","2016-02-01","77",",,S","50",",,S"
"MXM00076680","MEXICO CITY, MX","2016-02-02",,,,
"MXM00076680","MEXICO CITY, MX","2016-02-03",,,,
"MXM00076680","MEXICO CITY, MX","2016-02-04","83",",,S","50",",,S"
"MXM00076680","MEXICO CITY, MX","2016-02-05",,,,
"MXM00076680","MEXICO CITY, MX","2016-02-06","77",",,S","43",",,S"
"MXM00076680","MEXICO CITY, MX","2016-02-07","69",",,S","41",",,S"
"MXM00076680","MEXICO CITY, MX","2016-02-08","73",",,S","41",",,S"
"MXM00076680","MEXICO CITY, MX","2016-02-09","70",",,S","42",",,S"
"MXM00076680","MEXICO CITY, MX","2016-02-10","62",",,S","42",",,S"
"MXM00076680","MEXICO CITY, MX","2016-02-11",,,,
"MXM00076680","MEXICO CITY, MX","2016-02-12","71",",,S","41",",,S"
"MXM00076680","MEXICO CITY, MX","2016-02-13","71",",,S","43",",,S"
"MXM00076680","MEXICO CITY, MX","2016-02-14","74",",,S","43",",,S"
"MXM00076680","MEXICO CITY, MX","2016-02-15","77",",,S","43",",,S"
"MXM00076680","MEXICO CITY, MX","2016-02-16","76",",,S","49",",,S"
"MXM00076680","MEXICO CITY, MX","2016-02-17","75",",,S","49",",,S"
"MXM00076680","MEXICO CITY, MX","2016-02-18","77",",,S","42",",,S"
"MXM00076680","MEXICO CITY, MX","2016-02-19",,,,
"MXM00076680","MEXICO CITY, MX","2016-02-20","81",",,S","49",",,S"
"MXM00076680","MEXICO CITY, MX","2016-02-21","78",",,S","49",",,S"
"MXM00076680","MEXICO CITY, MX","2016-02-22","83",",,S","51",",,S"
"MXM00076680","MEXICO CITY, MX","2016-02-23","81",",,S","54",",,S"
"MXM00076680","MEXICO CITY, MX","2016-02-24","83",",,S","51",",,S"
"MXM00076680","MEXICO CITY, MX","2016-02-25","82",",,S","50",",,S"
"MXM00076680","MEXICO CITY, MX","2016-02-26","81",",,S","50",",,S"
"MXM00076680","MEXICO CITY, MX","2016-02-27","77",",,S","48",",,S"
"MXM00076680","MEXICO CITY, MX","2016-02-28","71",",,S","54",",,S"
"MXM00076680","MEXICO CITY, MX","2016-02-29","74",",,S","53",",,S"
"MXM00076680","MEXICO CITY, MX","2016-03-01","74",",,S","53",",,S"
"MXM00076680","MEXICO CITY, MX","2016-03-02","81",",,S","50",",,S"
"MXM00076680","MEXICO CITY, MX","2016-03-03",,,,
"MXM00076680","MEXICO CITY, MX","2016-03-04","69",",,S","51",",,S"
"MXM00076680","MEXICO CITY, MX","2016-03-05","69",",,S","47",",,S"
"MXM00076680","MEXICO CITY, MX","2016-03-06","76",",,S","47",",,S"
"MXM00076680","MEXICO CITY, MX","2016-03-08","76",",,S","51",",,S"
"MXM00076680","MEXICO CITY, MX","2016-03-09","72",",,S","52",",,S"
"MXM00076680","MEXICO CITY, MX","2016-03-10","65",",,S","48",",,S"
"MXM00076680","MEXICO CITY, MX","2016-03-11",,,,
"MXM00076680","MEXICO CITY, MX","2016-03-12",,,,
"MXM00076680","MEXICO CITY, MX","2016-03-13","77",",,S","44",",,S"
"MXM00076680","MEXICO CITY, MX","2016-03-14","82",",,S","49",",,S"
"MXM00076680","MEXICO CITY, MX","2016-03-15","84",",,S","52",",,S"
"MXM00076680","MEXICO CITY, MX","2016-03-16","86",",,S","48",",,S"
"MXM00076680","MEXICO CITY, MX","2016-03-17","82",",,S","58",",,S"
"MXM00076680","MEXICO CITY, MX","2016-03-18","82",",,S","57",",,S"
"MXM00076680","MEXICO CITY, MX","2016-03-19","79",",,S","56",",,S"
"MXM00076680","MEXICO CITY, MX","2016-03-20","75",",,S","51",",,S"
"MXM00076680","MEXICO CITY, MX","2016-03-22","68",",,S","48",",,S"
"MXM00076680","MEXICO CITY, MX","2016-03-23","76",",,S","52",",,S"
"MXM00076680","MEXICO CITY, MX","2016-03-24","78",",,S","52",",,S"
"MXM00076680","MEXICO CITY, MX","2016-03-25","80",",,S","54",",,S"
"MXM00076680","MEXICO CITY, MX","2016-03-26","79",",,S","54",",,S"
"MXM00076680","MEXICO CITY, MX","2016-03-27","81",",,S","58",",,S"
"MXM00076680","MEXICO CITY, MX","2016-03-28","85",",,S","59",",,S"
"MXM00076680","MEXICO CITY, MX","2016-03-29","83",",,S","58",",,S"
"MXM00076680","MEXICO CITY, MX","2016-03-30","83",",,S","58",",,S"
"MXM00076680","MEXICO CITY, MX","2016-03-31","85",",,S","58",",,S"
"MXM00076680","MEXICO CITY, MX","2016-04-01","86",",,S","59",",,S"
"MXM00076680","MEXICO CITY, MX","2016-04-02","84",",,S","57",",,S"
"MXM00076680","MEXICO CITY, MX","2016-04-03","85",",,S","51",",,S"
"MXM00076680","MEXICO CITY, MX","2016-04-04","85",",,S","50",",,S"
"MXM00076680","MEXICO CITY, MX","2016-04-05","86",",,S","56",",,S"
"MXM00076680","MEXICO CITY, MX","2016-04-06","87",",,S","54",",,S"
"MXM00076680","MEXICO CITY, MX","2016-04-07",,,,
"MXM00076680","MEXICO CITY, MX","2016-04-08","87",",,S","56",",,S"
"MXM00076680","MEXICO CITY, MX","2016-04-09","87",",,S","58",",,S"
"MXM00076680","MEXICO CITY, MX","2016-04-10","87",",,S","58",",,S"
"MXM00076680","MEXICO CITY, MX","2016-04-11","87",",,S","57",",,S"
"MXM00076680","MEXICO CITY, MX","2016-04-12","89",",,S","57",",,S"
"MXM00076680","MEXICO CITY, MX","2016-04-13","88",",,S","61",",,S"
"MXM00076680","MEXICO CITY, MX","2016-04-14","89",",,S","59",",,S"
"MXM00076680","MEXICO CITY, MX","2016-04-15","86",",,S","59",",,S"
"MXM00076680","MEXICO CITY, MX","2016-04-16","85",",,S","60",",,S"
"MXM00076680","MEXICO CITY, MX","2016-04-17","85",",,S","61",",,S"
"MXM00076680","MEXICO CITY, MX","2016-04-18","84",",,S","62",",,S"
"MXM00076680","MEXICO CITY, MX","2016-04-19","85",",,S","54",",,S"
"MXM00076680","MEXICO CITY, MX","2016-04-20","80",",,S","53",",,S"
"MXM00076680","MEXICO CITY, MX","2016-04-21","72",",,S","52",",,S"
"MXM00076680","MEXICO CITY, MX","2016-04-22","67",",,S","50",",,S"
"MXM00076680","MEXICO CITY, MX","2016-04-23","70",",,S","52",",,S"
"MXM00076680","MEXICO CITY, MX","2016-04-25",,,,
"MXM00076680","MEXICO CITY, MX","2016-04-26","82",",,S","56",",,S"
"MXM00076680","MEXICO CITY, MX","2016-04-27",,,,
"MXM00076680","MEXICO CITY, MX","2016-04-28","85",",,S","55",",,S"
"MXM00076680","MEXICO CITY, MX","2016-04-29","87",",,S","57",",,S"
"MXM00076680","MEXICO CITY, MX","2016-04-30","86",",,S","60",",,S"
"MXM00076680","MEXICO CITY, MX","2016-05-01","83",",,S","56",",,S"
"MXM00076680","MEXICO CITY, MX","2016-05-02","89",",,S","56",",,S"
"MXM00076680","MEXICO CITY, MX","2016-05-03","91",",,S","59",",,S"
"MXM00076680","MEXICO CITY, MX","2016-05-04","87",",,S","59",",,S"
"MXM00076680","MEXICO CITY, MX","2016-05-05","86",",,S","58",",,S"
"MXM00076680","MEXICO CITY, MX","2016-05-06","83",",,S","58",",,S"
"MXM00076680","MEXICO CITY, MX","2016-05-07",,,,
"MXM00076680","MEXICO CITY, MX","2016-05-08","86",",,S","60",",,S"
"MXM00076680","MEXICO CITY, MX","2016-05-10","86",",,S","59",",,S"
"MXM00076680","MEXICO CITY, MX","2016-05-11","86",",,S","57",",,S"
"MXM00076680","MEXICO CITY, MX","2016-05-12","77",",,S","56",",,S"
"MXM00076680","MEXICO CITY, MX","2016-05-13","79",",,S","55",",,S"
"MXM00076680","MEXICO CITY, MX","2016-05-15","78",",,S","56",",,S"
"MXM00076680","MEXICO CITY, MX","2016-05-16","77",",,S","60",",,S"
"MXM00076680","MEXICO CITY, MX","2016-05-17","79",",,S","57",",,S"
"MXM00076680","MEXICO CITY, MX","2016-05-18","81",",,S","58",",,S"
"MXM00076680","MEXICO CITY, MX","2016-05-19","82",",,S","58",",,S"
"MXM00076680","MEXICO CITY, MX","2016-05-20",,,,
"MXM00076680","MEXICO CITY, MX","2016-05-21","88",",,S","60",",,S"
"MXM00076680","MEXICO CITY, MX","2016-05-22","87",",,S","61",",,S"
"MXM00076680","MEXICO CITY, MX","2016-05-23","89",",,S","62",",,S"
"MXM00076680","MEXICO CITY, MX","2016-05-24","86",",,S","59",",,S"
"MXM00076680","MEXICO CITY, MX","2016-05-25",,,,
"MXM00076680","MEXICO CITY, MX","2016-05-26","89",",,S","59",",,S"
"MXM00076680","MEXICO CITY, MX","2016-05-27","84",",,S","57",",,S"
"MXM00076680","MEXICO CITY, MX","2016-05-28",,,,
"MXM00076680","MEXICO CITY, MX","2016-05-29","84",",,S","57",",,S"
"MXM00076680","MEXICO CITY, MX","2016-05-30","83",",,S","59",",,S"
"MXM00076680","MEXICO CITY, MX","2016-05-31","83",",,S","57",",,S"
"MXM00076680","MEXICO CITY, MX","2016-06-01","83",",,S","56",",,S"
"MXM00076680","MEXICO CITY, MX","2016-06-02",,,,
"MXM00076680","MEXICO CITY, MX","2016-06-03","78",",,S","57",",,S"
"MXM00076680","MEXICO CITY, MX","2016-06-04","74",",,S","57",",,S"
"MXM00076680","MEXICO CITY, MX","2016-06-05","77",",,S","53",",,S"
"MXM00076680","MEXICO CITY, MX","2016-06-06","76",",,S","54",",,S"
"MXM00076680","MEXICO CITY, MX","2016-06-07","76",",,S","54",",,S"
"MXM00076680","MEXICO CITY, MX","2016-06-08","79",",,S","54",",,S"
"MXM00076680","MEXICO CITY, MX","2016-06-09","83",",,S","54",",,S"
"MXM00076680","MEXICO CITY, MX","2016-06-10","77",",,S","58",",,S"
"MXM00076680","MEXICO CITY, MX","2016-06-11",,,,
"MXM00076680","MEXICO CITY, MX","2016-06-12",,,,
"MXM00076680","MEXICO CITY, MX","2016-06-13",,,,
"MXM00076680","MEXICO CITY, MX","2016-06-14","79",",,S","57",",,S"
"MXM00076680","MEXICO CITY, MX","2016-06-15","78",",,S","57",",,S"
"MXM00076680","MEXICO CITY, MX","2016-06-16","80",",,S","58",",,S"
"MXM00076680","MEXICO CITY, MX","2016-06-17","82",",,S","57",",,S"
"MXM00076680","MEXICO CITY, MX","2016-06-18","80",",,S","57",",,S"
"MXM00076680","MEXICO CITY, MX","2016-06-19","79",",,S","57",",,S"
"MXM00076680","MEXICO CITY, MX","2016-06-20","77",",,S","57",",,S"
"MXM00076680","MEXICO CITY, MX","2016-06-21",,,,
"MXM00076680","MEXICO CITY, MX","2016-06-22",,,,
"MXM00076680","MEXICO CITY, MX","2016-06-23","78",",,S","54",",,S"
"MXM00076680","MEXICO CITY, MX","2016-06-24",,,,
"MXM00076680","MEXICO CITY, MX","2016-06-25","78",",,S","57",",,S"
"MXM00076680","MEXICO CITY, MX","2016-06-26","78",",,S","58",",,S"
"MXM00076680","MEXICO CITY, MX","2016-06-27",,,,
"MXM00076680","MEXICO CITY, MX","2016-06-28","80",",,S","56",",,S"
"MXM00076680","MEXICO CITY, MX","2016-06-29","79",",,S","56",",,S"
"MXM00076680","MEXICO CITY, MX","2016-06-30","77",",,S","54",",,S"
"MXM00076680","MEXICO CITY, MX","2016-07-01","71",",,S","56",",,S"
"MXM00076680","MEXICO CITY, MX","2016-07-02","75",",,S","56",",,S"
"MXM00076680","MEXICO CITY, MX","2016-07-03",,,,
"MXM00076680","MEXICO CITY, MX","2016-07-04","80",",,S","55",",,S"
"MXM00076680","MEXICO CITY, MX","2016-07-05","80",",,S","55",",,S"
"MXM00076680","MEXICO CITY, MX","2016-07-06","80",",,S","56",",,S"
"MXM00076680","MEXICO CITY, MX","2016-07-07","80",",,S","55",",,S"
"MXM00076680","MEXICO CITY, MX","2016-07-08","82",",,S","54",",,S"
"MXM00076680","MEXICO CITY, MX","2016-07-09","79",",,S","54",",,S"
"MXM00076680","MEXICO CITY, MX","2016-07-10","81",",,S","58",",,S"
"MXM00076680","MEXICO CITY, MX","2016-07-11","80",",,S","58",",,S"
"MXM00076680","MEXICO CITY, MX","2016-07-12",,,,
"MXM00076680","MEXICO CITY, MX","2016-07-13","72",",,S","54",",,S"
"MXM00076680","MEXICO CITY, MX","2016-07-14","75",",,S","54",",,S"
"MXM00076680","MEXICO CITY, MX","2016-07-15",,,,
"MXM00076680","MEXICO CITY, MX","2016-07-16","77",",,S","54",",,S"
"MXM00076680","MEXICO CITY, MX","2016-07-17","78",",,S","55",",,S"
"MXM00076680","MEXICO CITY, MX","2016-07-18",,,,
"MXM00076680","MEXICO CITY, MX","2016-07-19",,,,
"MXM00076680","MEXICO CITY, MX","2016-07-20","75",",,S","55",",,S"
"MXM00076680","MEXICO CITY, MX","2016-07-21","73",",,S","56",",,S"
"MXM00076680","MEXICO CITY, MX","2016-07-22",,,,
"MXM00076680","MEXICO CITY, MX","2016-07-23",,,,
"MXM00076680","MEXICO CITY, MX","2016-07-24","79",",,S","56",",,S"
"MXM00076680","MEXICO CITY, MX","2016-07-25","80",",,S","56",",,S"
"MXM00076680","MEXICO CITY, MX","2016-07-26","80",",,S","54",",,S"
"MXM00076680","MEXICO CITY, MX","2016-07-27","79",",,S","56",",,S"
"MXM00076680","MEXICO CITY, MX","2016-07-28","79",",,S","54",",,S"
"MXM00076680","MEXICO CITY, MX","2016-07-29","78",",,S","54",",,S"
"MXM00076680","MEXICO CITY, MX","2016-07-30","81",",,S","55",",,S"
"MXM00076680","MEXICO CITY, MX","2016-07-31","75",",,S","56",",,S"
"MXM00076680","MEXICO CITY, MX","2016-08-01",,,,
"MXM00076680","MEXICO CITY, MX","2016-08-02","76",",,S","55",",,S"
"MXM00076680","MEXICO CITY, MX","2016-08-03","80",",,S","56",",,S"
"MXM00076680","MEXICO CITY, MX","2016-08-04","81",",,S","56",",,S"
"MXM00076680","MEXICO CITY, MX","2016-08-05","80",",,S","55",",,S"
"MXM00076680","MEXICO CITY, MX","2016-08-06",,,,
"MXM00076680","MEXICO CITY, MX","2016-08-07","75",",,S","59",",,S"
"MXM00076680","MEXICO CITY, MX","2016-08-08",,,,
"MXM00076680","MEXICO CITY, MX","2016-08-09",,,,
"MXM00076680","MEXICO CITY, MX","2016-08-10","80",",,S","58",",,S"
"MXM00076680","MEXICO CITY, MX","2016-08-11","79",",,S","56",",,S"
"MXM00076680","MEXICO CITY, MX","2016-08-12","80",",,S","56",",,S"
"MXM00076680","MEXICO CITY, MX","2016-08-13",,,,
"MXM00076680","MEXICO CITY, MX","2016-08-14","82",",,S","54",",,S"
"MXM00076680","MEXICO CITY, MX","2016-08-15","81",",,S","56",",,S"
"MXM00076680","MEXICO CITY, MX","2016-08-16","79",",,S","57",",,S"
"MXM00076680","MEXICO CITY, MX","2016-08-17",,,,
"MXM00076680","MEXICO CITY, MX","2016-08-18","78",",,S","59",",,S"
"MXM00076680","MEXICO CITY, MX","2016-08-19","77",",,S","59",",,S"
"MXM00076680","MEXICO CITY, MX","2016-08-20",,,,
"MXM00076680","MEXICO CITY, MX","2016-08-21","80",",,S","56",",,S"
"MXM00076680","MEXICO CITY, MX","2016-08-22",,,,
"MXM00076680","MEXICO CITY, MX","2016-08-23","77",",,S","54",",,S"
"MXM00076680","MEXICO CITY, MX","2016-08-24",,,,
"MXM00076680","MEXICO CITY, MX","2016-08-25","76",",,S","55",",,S"
"MXM00076680","MEXICO CITY, MX","2016-08-26","74",",,S","56",",,S"
"MXM00076680","MEXICO CITY, MX","2016-08-27","78",",,S","56",",,S"
"MXM00076680","MEXICO CITY, MX","2016-08-28",,,,
"MXM00076680","MEXICO CITY, MX","2016-08-29",,,,
"MXM00076680","MEXICO CITY, MX","2016-08-30","79",",,S","57",",,S"
"MXM00076680","MEXICO CITY, MX","2016-08-31","79",",,S","55",",,S"
"MXM00076680","MEXICO CITY, MX","2016-09-01","80",",,S","55",",,S"
"MXM00076680","MEXICO CITY, MX","2016-09-02",,,,
"MXM00076680","MEXICO CITY, MX","2016-09-03",,,,
"MXM00076680","MEXICO CITY, MX","2016-09-04","69",",,S","58",",,S"
"MXM00076680","MEXICO CITY, MX","2016-09-05",,,,
"MXM00076680","MEXICO CITY, MX","2016-09-06",,,,
"MXM00076680","MEXICO CITY, MX","2016-09-07","79",",,S","54",",,S"
"MXM00076680","MEXICO CITY, MX","2016-09-08","79",",,S","54",",,S"
"MXM00076680","MEXICO CITY, MX","2016-09-09","79",",,S","55",",,S"
"MXM00076680","MEXICO CITY, MX","2016-09-10","79",",,S","55",",,S"
"MXM00076680","MEXICO CITY, MX","2016-09-11","81",",,S","56",",,S"
"MXM00076680","MEXICO CITY, MX","2016-09-12","78",",,S","58",",,S"
"MXM00076680","MEXICO CITY, MX","2016-09-13","78",",,S","59",",,S"
"MXM00076680","MEXICO CITY, MX","2016-09-14","78",",,S","55",",,S"
"MXM00076680","MEXICO CITY, MX","2016-09-15","78",",,S","55",",,S"
"MXM00076680","MEXICO CITY, MX","2016-09-16","80",",,S","58",",,S"
"MXM00076680","MEXICO CITY, MX","2016-09-17","81",",,S","56",",,S"
"MXM00076680","MEXICO CITY, MX","2016-09-18","81",",,S","56",",,S"
"MXM00076680","MEXICO CITY, MX","2016-09-19","81",",,S","58",",,S"
"MXM00076680","MEXICO CITY, MX","2016-09-20","77",",,S","54",",,S"
"MXM00076680","MEXICO CITY, MX","2016-09-21","77",",,S","55",",,S"
"MXM00076680","MEXICO CITY, MX","2016-09-22",,,,
"MXM00076680","MEXICO CITY, MX","2016-09-23","75",",,S","54",",,S"
"MXM00076680","MEXICO CITY, MX","2016-09-24","76",",,S","55",",,S"
"MXM00076680","MEXICO CITY, MX","2016-09-25","74",",,S","55",",,S"
"MXM00076680","MEXICO CITY, MX","2016-09-26","77",",,S","57",",,S"
"MXM00076680","MEXICO CITY, MX","2016-09-27","74",",,S","57",",,S"
"MXM00076680","MEXICO CITY, MX","2016-09-28","67",",,S","57",",,S"
"MXM00076680","MEXICO CITY, MX","2016-09-29",,,,
"MXM00076680","MEXICO CITY, MX","2016-09-30","75",",,S","55",",,S"
"MXM00076680","MEXICO CITY, MX","2016-10-01","75",",,S","56",",,S"
"MXM00076680","MEXICO CITY, MX","2016-10-02","75",",,S","56",",,S"
"MXM00076680","MEXICO CITY, MX","2016-10-03",,,,
"MXM00076680","MEXICO CITY, MX","2016-10-04","81",",,S","55",",,S"
"MXM00076680","MEXICO CITY, MX","2016-10-05","78",",,S","57",",,S"
"MXM00076680","MEXICO CITY, MX","2016-10-06","80",",,S","57",",,S"
"MXM00076680","MEXICO CITY, MX","2016-10-07","79",",,S","55",",,S"
"MXM00076680","MEXICO CITY, MX","2016-10-08","78",",,S","55",",,S"
"MXM00076680","MEXICO CITY, MX","2016-10-09",,,,
"MXM00076680","MEXICO CITY, MX","2016-10-10","64",",,S","52",",,S"
"MXM00076680","MEXICO CITY, MX","2016-10-11",,,,
"MXM00076680","MEXICO CITY, MX","2016-10-12","78",",,S","54",",,S"
"MXM00076680","MEXICO CITY, MX","2016-10-13","78",",,S","57",",,S"
"MXM00076680","MEXICO CITY, MX","2016-10-14","79",",,S","50",",,S"
"MXM00076680","MEXICO CITY, MX","2016-10-15","81",",,S","50",",,S"
"MXM00076680","MEXICO CITY, MX","2016-10-16","78",",,S","53",",,S"
"MXM00076680","MEXICO CITY, MX","2016-10-17","78",",,S","53",",,S"
"MXM00076680","MEXICO CITY, MX","2016-10-18","78",",,S","54",",,S"
"MXM00076680","MEXICO CITY, MX","2016-10-19","80",",,S","54",",,S"
"MXM00076680","MEXICO CITY, MX","2016-10-20","77",",,S","54",",,S"
"MXM00076680","MEXICO CITY, MX","2016-10-21","75",",,S","54",",,S"
"MXM00076680","MEXICO CITY, MX","2016-10-22","65",",,S","54",",,S"
"MXM00076680","MEXICO CITY, MX","2016-10-23",,,,
"MXM00076680","MEXICO CITY, MX","2016-10-24",,,,
"MXM00076680","MEXICO CITY, MX","2016-10-25","76",",,S","53",",,S"
"MXM00076680","MEXICO CITY, MX","2016-10-26","73",",,S","51",",,S"
"MXM00076680","MEXICO CITY, MX","2016-10-27","72",",,S","51",",,S"
"MXM00076680","MEXICO CITY, MX","2016-10-28","65",",,S","46",",,S"
"MXM00076680","MEXICO CITY, MX","2016-10-29",,,,
"MXM00076680","MEXICO CITY, MX","2016-10-30",,,,
"MXM00076680","MEXICO CITY, MX","2016-10-31","74",",,S","52",",,S"
"MXM00076680","MEXICO CITY, MX","2016-11-01",,,,
"MXM00076680","MEXICO CITY, MX","2016-11-02","77",",,S","50",",,S"
"MXM00076680","MEXICO CITY, MX","2016-11-03","78",",,S","53",",,S"
"MXM00076680","MEXICO CITY, MX","2016-11-04","73",",,S","55",",,S"
"MXM00076680","MEXICO CITY, MX","2016-11-05",,,,
"MXM00076680","MEXICO CITY, MX","2016-11-06",,,,
"MXM00076680","MEXICO CITY, MX","2016-11-07","77",",,S","53",",,S"
"MXM00076680","MEXICO CITY, MX","2016-11-08","77",",,S","53",",,S"
"MXM00076680","MEXICO CITY, MX","2016-11-09",,,,
"MXM00076680","MEXICO CITY, MX","2016-11-10",,,,
"MXM00076680","MEXICO CITY, MX","2016-11-11","61",",,S","52",",,S"
"MXM00076680","MEXICO CITY, MX","2016-11-12","63",",,S","52",",,S"
"MXM00076680","MEXICO CITY, MX","2016-11-13","71",",,S","51",",,S"
"MXM00076680","MEXICO CITY, MX","2016-11-14","68",",,S","51",",,S"
"MXM00076680","MEXICO CITY, MX","2016-11-15","74",",,S","52",",,S"
"MXM00076680","MEXICO CITY, MX","2016-11-16",,,,
"MXM00076680","MEXICO CITY, MX","2016-11-17","66",",,S","49",",,S"
"MXM00076680","MEXICO CITY, MX","2016-11-18",,,,
"MXM00076680","MEXICO CITY, MX","2016-11-19","71",",,S","52",",,S"
"MXM00076680","MEXICO CITY, MX","2016-11-20",,,,
"MXM00076680","MEXICO CITY, MX","2016-11-21",,,,
"MXM00076680","MEXICO CITY, MX","2016-11-22","72",",,S","44",",,S"
"MXM00076680","MEXICO CITY, MX","2016-11-23","73",",,S","47",",,S"
"MXM00076680","MEXICO CITY, MX","2016-11-24","72",",,S","47",",,S"
"MXM00076680","MEXICO CITY, MX","2016-11-25","72",",,S","45",",,S"
"MXM00076680","MEXICO CITY, MX","2016-11-26","71",",,S","45",",,S"
"MXM00076680","MEXICO CITY, MX","2016-11-27",,,,
"MXM00076680","MEXICO CITY, MX","2016-11-28",,,,
"MXM00076680","MEXICO CITY, MX","2016-11-29","75",",,S","46",",,S"
"MXM00076680","MEXICO CITY, MX","2016-11-30",,,,
"MXM00076680","MEXICO CITY, MX","2016-12-01","79",",,S","52",",,S"
"MXM00076680","MEXICO CITY, MX","2016-12-02","79",",,S","52",",,S"
"MXM00076680","MEXICO CITY, MX","2016-12-03","78",",,S","51",",,S"
"MXM00076680","MEXICO CITY, MX","2016-12-04","80",",,S","51",",,S"
"MXM00076680","MEXICO CITY, MX","2016-12-05","74",",,S","53",",,S"
"MXM00076680","MEXICO CITY, MX","2016-12-06",,,,
"MXM00076680","MEXICO CITY, MX","2016-12-07","79",",,S","49",",,S"
"MXM00076680","MEXICO CITY, MX","2016-12-08","80",",,S","51",",,S"
"MXM00076680","MEXICO CITY, MX","2016-12-10","69",",,S","50",",,S"
"MXM00076680","MEXICO CITY, MX","2016-12-11","68",",,S","50",",,S"
"MXM00076680","MEXICO CITY, MX","2016-12-12",,,,
"MXM00076680","MEXICO CITY, MX","2016-12-13","76",",,S","50",",,S"
"MXM00076680","MEXICO CITY, MX","2016-12-14",,,,
"MXM00076680","MEXICO CITY, MX","2016-12-15","79",",,S","49",",,S"
"MXM00076680","MEXICO CITY, MX","2016-12-16","76",",,S","52",",,S"
"MXM00076680","MEXICO CITY, MX","2016-12-17","74",",,S","52",",,S"
"MXM00076680","MEXICO CITY, MX","2016-12-18","76",",,S","52",",,S"
"MXM00076680","MEXICO CITY, MX","2016-12-19","76",",,S","51",",,S"
"MXM00076680","MEXICO CITY, MX","2016-12-20","74",",,S","51",",,S"
"MXM00076680","MEXICO CITY, MX","2016-12-21","73",",,S","48",",,S"
"MXM00076680","MEXICO CITY, MX","2016-12-22","75",",,S","46",",,S"
"MXM00076680","MEXICO CITY, MX","2016-12-23","76",",,S","46",",,S"
"MXM00076680","MEXICO CITY, MX","2016-12-24","76",",,S","46",",,S"
"MXM00076680","MEXICO CITY, MX","2016-12-25","77",",,S","47",",,S"
"MXM00076680","MEXICO CITY, MX","2016-12-26","76",",,S","48",",,S"
"MXM00076680","MEXICO CITY, MX","2016-12-27","76",",,S","49",",,S"
"MXM00076680","MEXICO CITY, MX","2016-12-28","75",",,S","49",",,S"
"MXM00076680","MEXICO CITY, MX","2016-12-29","77",",,S","50",",,S"
"MXM00076680","MEXICO CITY, MX","2016-12-30","75",",,S","50",",,S"
"MXM00076680","MEXICO CITY, MX","2016-12-31","69",",,S","49",",,S"
"MXM00076680","MEXICO CITY, MX","2017-01-01",,,,
"MXM00076680","MEXICO CITY, MX","2017-01-02","75",",,S","49",",,S"
"MXM00076680","MEXICO CITY, MX","2017-01-03","78",",,S","49",",,S"
"MXM00076680","MEXICO CITY, MX","2017-01-04",,,,
"MXM00076680","MEXICO CITY, MX","2017-01-05","79",",,S","48",",,S"
"MXM00076680","MEXICO CITY, MX","2017-01-06","81",",,S","49",",,S"
"MXM00076680","MEXICO CITY, MX","2017-01-07","81",",,S","51",",,S"
"MXM00076680","MEXICO CITY, MX","2017-01-09",,,,
"MXM00076680","MEXICO CITY, MX","2017-01-10",,,,
"MXM00076680","MEXICO CITY, MX","2017-01-11","74",",,S","43",",,S"
"MXM00076680","MEXICO CITY, MX","2017-01-12","73",",,S","45",",,S"
"MXM00076680","MEXICO CITY, MX","2017-01-13","74",",,S","47",",,S"
"MXM00076680","MEXICO CITY, MX","2017-01-14","74",",,S","44",",,S"
"MXM00076680","MEXICO CITY, MX","2017-01-15","73",",,S","44",",,S"
"MXM00076680","MEXICO CITY, MX","2017-01-16",,,,
"MXM00076680","MEXICO CITY, MX","2017-01-17","76",",,S","46",",,S"
"MXM00076680","MEXICO CITY, MX","2017-01-18","74",",,S","48",",,S"
"MXM00076680","MEXICO CITY, MX","2017-01-19","76",",,S","48",",,S"
"MXM00076680","MEXICO CITY, MX","2017-01-20","75",",,S","49",",,S"
"MXM00076680","MEXICO CITY, MX","2017-01-21",,,,
"MXM00076680","MEXICO CITY, MX","2017-01-22","77",",,S","46",",,S"
"MXM00076680","MEXICO CITY, MX","2017-01-23","76",",,S","46",",,S"
"MXM00076680","MEXICO CITY, MX","2017-01-24","79",",,S","47",",,S"
"MXM00076680","MEXICO CITY, MX","2017-01-25","78",",,S","47",",,S"
"MXM00076680","MEXICO CITY, MX","2017-01-26","82",",,S","47",",,S"
"MXM00076680","MEXICO CITY, MX","2017-01-27","82",",,S","49",",,S"
"MXM00076680","MEXICO CITY, MX","2017-01-28","81",",,S","49",",,S"
"MXM00076680","MEXICO CITY, MX","2017-01-29","77",",,S","44",",,S"
"MXM00076680","MEXICO CITY, MX","2017-01-30",,,,
"MXM00076680","MEXICO CITY, MX","2017-01-31","72",",,S","44",",,S"
"MXM00076680","MEXICO CITY, MX","2017-02-01","76",",,S","48",",,S"
"MXM00076680","MEXICO CITY, MX","2017-02-02","75",",,S","48",",,S"
"MXM00076680","MEXICO CITY, MX","2017-02-03",,,,
"MXM00076680","MEXICO CITY, MX","2017-02-04","76",",,S","48",",,S"
"MXM00076680","MEXICO CITY, MX","2017-02-05","73",",,S","49",",,S"
"MXM00076680","MEXICO CITY, MX","2017-02-06","75",",,S","49",",,S"
"MXM00076680","MEXICO CITY, MX","2017-02-07",,,,
"MXM00076680","MEXICO CITY, MX","2017-02-08","79",",,S","51",",,S"
"MXM00076680","MEXICO CITY, MX","2017-02-09","77",",,S","52",",,S"
"MXM00076680","MEXICO CITY, MX","2017-02-10","75",",,S","46",",,S"
"MXM00076680","MEXICO CITY, MX","2017-02-11",,,,
"MXM00076680","MEXICO CITY, MX","2017-02-12","81",",,S","46",",,S"
"MXM00076680","MEXICO CITY, MX","2017-02-13","80",",,S","49",",,S"
"MXM00076680","MEXICO CITY, MX","2017-02-14","78",",,S","50",",,S"
"MXM00076680","MEXICO CITY, MX","2017-02-15","78",",,S","48",",,S"
"MXM00076680","MEXICO CITY, MX","2017-02-16","77",",,S","48",",,S"
"MXM00076680","MEXICO CITY, MX","2017-02-17","71",",,S","50",",,S"
"MXM00076680","MEXICO CITY, MX","2017-02-18",,,,
"MXM00076680","MEXICO CITY, MX","2017-02-19","80",",,S","45",",,S"
"MXM00076680","MEXICO CITY, MX","2017-02-20","75",",,S","46",",,S"
"MXM00076680","MEXICO CITY, MX","2017-02-21","77",",,S","51",",,S"
"MXM00076680","MEXICO CITY, MX","2017-02-22",,,,
"MXM00076680","MEXICO CITY, MX","2017-02-23","80",",,S","49",",,S"
"MXM00076680","MEXICO CITY, MX","2017-02-24","78",",,S","49",",,S"
"MXM00076680","MEXICO CITY, MX","2017-02-25","79",",,S","49",",,S"
"MXM00076680","MEXICO CITY, MX","2017-02-26","80",",,S","49",",,S"
"MXM00076680","MEXICO CITY, MX","2017-02-27","81",",,S","52",",,S"
"MXM00076680","MEXICO CITY, MX","2017-02-28","82",",,S","53",",,S"
"MXM00076680","MEXICO CITY, MX","2017-03-01","85",",,S","54",",,S"
"MXM00076680","MEXICO CITY, MX","2017-03-02","82",",,S","51",",,S"
"MXM00076680","MEXICO CITY, MX","2017-03-03","78",",,S","50",",,S"
"MXM00076680","MEXICO CITY, MX","2017-03-04","76",",,S","49",",,S"
"MXM00076680","MEXICO CITY, MX","2017-03-05","75",",,S","49",",,S"
"MXM00076680","MEXICO CITY, MX","2017-03-06","75",",,S","50",",,S"
"MXM00076680","MEXICO CITY, MX","2017-03-07","76",",,S","53",",,S"
"MXM00076680","MEXICO CITY, MX","2017-03-08","75",",,S","50",",,S"
"MXM00076680","MEXICO CITY, MX","2017-03-09",,,,
"MXM00076680","MEXICO CITY, MX","2017-03-10","76",",,S","49",",,S"
"MXM00076680","MEXICO CITY, MX","2017-03-11","74",",,S","49",",,S"
"MXM00076680","MEXICO CITY, MX","2017-03-12","78",",,S","52",",,S"
"MXM00076680","MEXICO CITY, MX","2017-03-13","74",",,S","50",",,S"
"MXM00076680","MEXICO CITY, MX","2017-03-14","73",",,S","47",",,S"
"MXM00076680","MEXICO CITY, MX","2017-03-15","74",",,S","52",",,S"
"MXM00076680","MEXICO CITY, MX","2017-03-16","72",",,S","47",",,S"
"MXM00076680","MEXICO CITY, MX","2017-03-17","72",",,S","49",",,S"
"MXM00076680","MEXICO CITY, MX","2017-03-18","74",",,S","47",",,S"
"MXM00076680","MEXICO CITY, MX","2017-03-19","76",",,S","47",",,S"
"MXM00076680","MEXICO CITY, MX","2017-03-20","76",",,S","47",",,S"
"MXM00076680","MEXICO CITY, MX","2017-03-21","75",",,S","48",",,S"
"MXM00076680","MEXICO CITY, MX","2017-03-22","76",",,S","50",",,S"
"MXM00076680","MEXICO CITY, MX","2017-03-23",,,,
"MXM00076680","MEXICO CITY, MX","2017-03-24","80",",,S","49",",,S"
"MXM00076680","MEXICO CITY, MX","2017-03-25","83",",,S","53",",,S"
"MXM00076680","MEXICO CITY, MX","2017-03-26","83",",,S","53",",,S"
"MXM00076680","MEXICO CITY, MX","2017-03-28","82",",,S","52",",,S"
"MXM00076680","MEXICO CITY, MX","2017-03-29","82",",,S","54",",,S"
"MXM00076680","MEXICO CITY, MX","2017-03-30","82",",,S","55",",,S"
"MXM00076680","MEXICO CITY, MX","2017-03-31","84",",,S","55",",,S"
"MXM00076680","MEXICO CITY, MX","2017-04-01",,,,
"MXM00076680","MEXICO CITY, MX","2017-04-02","84",",,S","55",",,S"
"MXM00076680","MEXICO CITY, MX","2017-04-03",,,,
"MXM00076680","MEXICO CITY, MX","2017-04-04","85",",,S","53",",,S"
"MXM00076680","MEXICO CITY, MX","2017-04-05","85",",,S","55",",,S"
"MXM00076680","MEXICO CITY, MX","2017-04-06","87",",,S","56",",,S"
"MXM00076680","MEXICO CITY, MX","2017-04-07","79",",,S","53",",,S"
"MXM00076680","MEXICO CITY, MX","2017-04-08","84",",,S","53",",,S"
"MXM00076680","MEXICO CITY, MX","2017-04-09","82",",,S","53",",,S"
"MXM00076680","MEXICO CITY, MX","2017-04-10","83",",,S","58",",,S"
"MXM00076680","MEXICO CITY, MX","2017-04-11","84",",,S","58",",,S"
"MXM00076680","MEXICO CITY, MX","2017-04-12","80",",,S","51",",,S"
"MXM00076680","MEXICO CITY, MX","2017-04-13",,,,
"MXM00076680","MEXICO CITY, MX","2017-04-14","77",",,S","52",",,S"
"MXM00076680","MEXICO CITY, MX","2017-04-15","79",",,S","51",",,S"
"MXM00076680","MEXICO CITY, MX","2017-04-16","78",",,S","53",",,S"
"MXM00076680","MEXICO CITY, MX","2017-04-17","80",",,S","51",",,S"
"MXM00076680","MEXICO CITY, MX","2017-04-18","75",",,S","50",",,S"
"MXM00076680","MEXICO CITY, MX","2017-04-19","71",",,S","47",",,S"
"MXM00076680","MEXICO CITY, MX","2017-04-20",,,,
"MXM00076680","MEXICO CITY, MX","2017-04-21","78",",,S","50",",,S"
"MXM00076680","MEXICO CITY, MX","2017-04-22",,,,
"MXM00076680","MEXICO CITY, MX","2017-04-23","81",",,S","53",",,S"
"MXM00076680","MEXICO CITY, MX","2017-04-24","81",",,S","53",",,S"
"MXM00076680","MEXICO CITY, MX","2017-04-25","81",",,S","55",",,S"
"MXM00076680","MEXICO CITY, MX","2017-04-26","80",",,S","56",",,S"
"MXM00076680","MEXICO CITY, MX","2017-04-28","84",",,S","56",",,S"
"MXM00076680","MEXICO CITY, MX","2017-04-29","85",",,S","62",",,S"
"MXM00076680","MEXICO CITY, MX","2017-04-30",,,,
"MXM00076680","MEXICO CITY, MX","2017-05-01","90",",,S","57",",,S"
"MXM00076680","MEXICO CITY, MX","2017-05-02","87",",,S","59",",,S"
"MXM00076680","MEXICO CITY, MX","2017-05-03","84",",,S","58",",,S"
"MXM00076680","MEXICO CITY, MX","2017-05-04","83",",,S","58",",,S"
"MXM00076680","MEXICO CITY, MX","2017-05-05","80",",,S","56",",,S"
"MXM00076680","MEXICO CITY, MX","2017-05-06",,,,
"MXM00076680","MEXICO CITY, MX","2017-05-08","82",",,S","59",",,S"
"MXM00076680","MEXICO CITY, MX","2017-05-09","85",",,S","56",",,S"
"MXM00076680","MEXICO CITY, MX","2017-05-10","80",",,S","56",",,S"
"MXM00076680","MEXICO CITY, MX","2017-05-11",,,,
"MXM00076680","MEXICO CITY, MX","2017-05-12",,,,
"MXM00076680","MEXICO CITY, MX","2017-05-13","83",",,S","56",",,S"
"MXM00076680","MEXICO CITY, MX","2017-05-14","83",",,S","56",",,S"
"MXM00076680","MEXICO CITY, MX","2017-05-15",,,,
"MXM00076680","MEXICO CITY, MX","2017-05-16","84",",,S","58",",,S"
"MXM00076680","MEXICO CITY, MX","2017-05-17","87",",,S","62",",,S"
"MXM00076680","MEXICO CITY, MX","2017-05-18","89",",,S","63",",,S"
"MXM00076680","MEXICO CITY, MX","2017-05-19",,,,
"MXM00076680","MEXICO CITY, MX","2017-05-20","92",",,S","62",",,S"
"MXM00076680","MEXICO CITY, MX","2017-05-21","89",",,S","60",",,S"
"MXM00076680","MEXICO CITY, MX","2017-05-22","87",",,S","60",",,S"
"MXM00076680","MEXICO CITY, MX","2017-05-23","89",",,S","62",",,S"
"MXM00076680","MEXICO CITY, MX","2017-05-24","91",",,S","62",",,S"
"MXM00076680","MEXICO CITY, MX","2017-05-25","87",",,S","56",",,S"
"MXM00076680","MEXICO CITY, MX","2017-05-26","86",",,S","58",",,S"
"MXM00076680","MEXICO CITY, MX","2017-05-27","86",",,S","58",",,S"
"MXM00076680","MEXICO CITY, MX","2017-05-28","84",",,S","61",",,S"
"MXM00076680","MEXICO CITY, MX","2017-05-29","86",",,S","59",",,S"
"MXM00076680","MEXICO CITY, MX","2017-05-30","83",",,S","58",",,S"
"MXM00076680","MEXICO CITY, MX","2017-05-31","80",",,S","58",",,S"
"MXM00076680","MEXICO CITY, MX","2017-06-01","76",",,S","58",",,S"
"MXM00076680","MEXICO CITY, MX","2017-06-02",,,,
"MXM00076680","MEXICO CITY, MX","2017-06-03","81",",,S","58",",,S"
"MXM00076680","MEXICO CITY, MX","2017-06-04",,,,
"MXM00076680","MEXICO CITY, MX","2017-06-05","88",",,S","56",",,S"
"MXM00076680","MEXICO CITY, MX","2017-06-06","83",",,S","61",",,S"
"MXM00076680","MEXICO CITY, MX","2017-06-07","82",",,S","55",",,S"
"MXM00076680","MEXICO CITY, MX","2017-06-08","81",",,S","55",",,S"
"MXM00076680","MEXICO CITY, MX","2017-06-09","82",",,S","56",",,S"
"MXM00076680","MEXICO CITY, MX","2017-06-10","81",",,S","59",",,S"
"MXM00076680","MEXICO CITY, MX","2017-06-11","80",",,S","57",",,S"
"MXM00076680","MEXICO CITY, MX","2017-06-12","84",",,S","57",",,S"
"MXM00076680","MEXICO CITY, MX","2017-06-13","83",",,S","56",",,S"
"MXM00076680","MEXICO CITY, MX","2017-06-14","73",",,S","60",",,S"
"MXM00076680","MEXICO CITY, MX","2017-06-15",,,,
"MXM00076680","MEXICO CITY, MX","2017-06-16",,,,
"MXM00076680","MEXICO CITY, MX","2017-06-17","83",",,S","56",",,S"
"MXM00076680","MEXICO CITY, MX","2017-06-18","82",",,S","56",",,S"
"MXM00076680","MEXICO CITY, MX","2017-06-19","81",",,S","56",",,S"
"MXM00076680","MEXICO CITY, MX","2017-06-20","80",",,S","55",",,S"
"MXM00076680","MEXICO CITY, MX","2017-06-21",,,,
"MXM00076680","MEXICO CITY, MX","2017-06-22","80",",,S","54",",,S"
"MXM00076680","MEXICO CITY, MX","2017-06-23","83",",,S","58",",,S"
"MXM00076680","MEXICO CITY, MX","2017-06-24","85",",,S","58",",,S"
"MXM00076680","MEXICO CITY, MX","2017-06-25","85",",,S","58",",,S"
"MXM00076680","MEXICO CITY, MX","2017-06-26","76",",,S","56",",,S"
"MXM00076680","MEXICO CITY, MX","2017-06-27",,,,
"MXM00076680","MEXICO CITY, MX","2017-06-28",,,,
"MXM00076680","MEXICO CITY, MX","2017-06-29",,,,
"MXM00076680","MEXICO CITY, MX","2017-06-30",,,,
"MXM00076680","MEXICO CITY, MX","2017-07-01","74",",,S","56",",,S"
"MXM00076680","MEXICO CITY, MX","2017-07-02",,,,
"MXM00076680","MEXICO CITY, MX","2017-07-03","80",",,S","56",",,S"
"MXM00076680","MEXICO CITY, MX","2017-07-04","71",",,S","56",",,S"
"MXM00076680","MEXICO CITY, MX","2017-07-05","76",",,S","55",",,S"
"MXM00076680","MEXICO CITY, MX","2017-07-06","76",",,S","54",",,S"
"MXM00076680","MEXICO CITY, MX","2017-07-07","75",",,S","56",",,S"
"MXM00076680","MEXICO CITY, MX","2017-07-08","72",",,S","56",",,S"
"MXM00076680","MEXICO CITY, MX","2017-07-09","74",",,S","56",",,S"
"MXM00076680","MEXICO CITY, MX","2017-07-10",,,,
"MXM00076680","MEXICO CITY, MX","2017-07-11","72",",,S","55",",,S"
"MXM00076680","MEXICO CITY, MX","2017-07-12","72",",,S","56",",,S"
"MXM00076680","MEXICO CITY, MX","2017-07-13",,,,
"MXM00076680","MEXICO CITY, MX","2017-07-14","79",",,S","55",",,S"
"MXM00076680","MEXICO CITY, MX","2017-07-15","78",",,S","55",",,S"
"MXM00076680","MEXICO CITY, MX","2017-07-16","78",",,S","55",",,S"
"MXM00076680","MEXICO CITY, MX","2017-07-17","80",",,S","54",",,S"
"MXM00076680","MEXICO CITY, MX","2017-07-18","77",",,S","54",",,S"
"MXM00076680","MEXICO CITY, MX","2017-07-19",,,,
"MXM00076680","MEXICO CITY, MX","2017-07-20","78",",,S","54",",,S"
"MXM00076680","MEXICO CITY, MX","2017-07-21","80",",,S","54",",,S"
"MXM00076680","MEXICO CITY, MX","2017-07-22","81",",,S","56",",,S"
"MXM00076680","MEXICO CITY, MX","2017-07-23","79",",,S","54",",,S"
"MXM00076680","MEXICO CITY, MX","2017-07-24","75",",,S","54",",,S"
"MXM00076680","MEXICO CITY, MX","2017-07-25","77",",,S","55",",,S"
"MXM00076680","MEXICO CITY, MX","2017-07-26","74",",,S","56",",,S"
"MXM00076680","MEXICO CITY, MX","2017-07-27","78",",,S","57",",,S"
"MXM00076680","MEXICO CITY, MX","2017-07-28",,,,
"MXM00076680","MEXICO CITY, MX","2017-07-29","80",",,S","53",",,S"
"MXM00076680","MEXICO CITY, MX","2017-07-30","81",",,S","56",",,S"
"MXM00076680","MEXICO CITY, MX","2017-07-31","81",",,S","56",",,S"
"MXM00076680","MEXICO CITY, MX","2017-08-01","81",",,S","57",",,S"
"MXM00076680","MEXICO CITY, MX","2017-08-02","79",",,S","58",",,S"
"MXM00076680","MEXICO CITY, MX","2017-08-03","82",",,S","58",",,S"
"MXM00076680","MEXICO CITY, MX","2017-08-04","83",",,S","58",",,S"
"MXM00076680","MEXICO CITY, MX","2017-08-05","80",",,S","58",",,S"
"MXM00076680","MEXICO CITY, MX","2017-08-06","81",",,S","58",",,S"
"MXM00076680","MEXICO CITY, MX","2017-08-07","83",",,S","58",",,S"
"MXM00076680","MEXICO CITY, MX","2017-08-08","83",",,S","59",",,S"
"MXM00076680","MEXICO CITY, MX","2017-08-09","81",",,S","58",",,S"
"MXM00076680","MEXICO CITY, MX","2017-08-10",,,,
"MXM00076680","MEXICO CITY, MX","2017-08-11",,,,
"MXM00076680","MEXICO CITY, MX","2017-08-12","76",",,S","55",",,S"
"MXM00076680","MEXICO CITY, MX","2017-08-13","76",",,S","55",",,S"
"MXM00076680","MEXICO CITY, MX","2017-08-14","77",",,S","57",",,S"
"MXM00076680","MEXICO CITY, MX","2017-08-15","80",",,S","56",",,S"
"MXM00076680","MEXICO CITY, MX","2017-08-16","81",",,S","56",",,S"
"MXM00076680","MEXICO CITY, MX","2017-08-17","79",",,S","59",",,S"
"MXM00076680","MEXICO CITY, MX","2017-08-18","80",",,S","56",",,S"
"MXM00076680","MEXICO CITY, MX","2017-08-19","79",",,S","56",",,S"
"MXM00076680","MEXICO CITY, MX","2017-08-20",,,,
"MXM00076680","MEXICO CITY, MX","2017-08-21","80",",,S","57",",,S"
"MXM00076680","MEXICO CITY, MX","2017-08-22",,,,
"MXM00076680","MEXICO CITY, MX","2017-08-23","79",",,S","56",",,S"
"MXM00076680","MEXICO CITY, MX","2017-08-24","80",",,S","56",",,S"
"MXM00076680","MEXICO CITY, MX","2017-08-25","75",",,S","57",",,S"
"MXM00076680","MEXICO CITY, MX","2017-08-26","75",",,S","60",",,S"
"MXM00076680","MEXICO CITY, MX","2017-08-27","80",",,S","60",",,S"
"MXM00076680","MEXICO CITY, MX","2017-08-28","71",",,S","56",",,S"
"MXM00076680","MEXICO CITY, MX","2017-08-29",,,,
"MXM00076680","MEXICO CITY, MX","2017-08-30",,,,
"MXM00076680","MEXICO CITY, MX","2017-08-31",,,,
"MXM00076680","MEXICO CITY, MX","2017-09-01","73",",,S","55",",,S"
"MXM00076680","MEXICO CITY, MX","2017-09-02","75",",,S","57",",,S"
"MXM00076680","MEXICO CITY, MX","2017-09-03",,,,
"MXM00076680","MEXICO CITY, MX","2017-09-04",,,,
"MXM00076680","MEXICO CITY, MX","2017-09-05","71",",,S","56",",,S"
"MXM00076680","MEXICO CITY, MX","2017-09-06","74",",,S","56",",,S"
"MXM00076680","MEXICO CITY, MX","2017-09-07",,,,
"MXM00076680","MEXICO CITY, MX","2017-09-08","68",",,S","55",",,S"
"MXM00076680","MEXICO CITY, MX","2017-09-09","70",",,S","57",",,S"
"MXM00076680","MEXICO CITY, MX","2017-09-10","70",",,S","54",",,S"
"MXM00076680","MEXICO CITY, MX","2017-09-11",,,,
"MXM00076680","MEXICO CITY, MX","2017-09-12",,,,
"MXM00076680","MEXICO CITY, MX","2017-09-13","76",",,S","49",",,S"
"MXM00076680","MEXICO CITY, MX","2017-09-14",,,,
"MXM00076680","MEXICO CITY, MX","2017-09-15","80",",,S","58",",,S"
"MXM00076680","MEXICO CITY, MX","2017-09-16",,,,
"MXM00076680","MEXICO CITY, MX","2017-09-17","83",",,S","57",",,S"
"MXM00076680","MEXICO CITY, MX","2017-09-18","83",",,S","56",",,S"
"MXM00076680","MEXICO CITY, MX","2017-09-19","79",",,S","59",",,S"
"MXM00076680","MEXICO CITY, MX","2017-09-21","80",",,S","58",",,S"
"MXM00076680","MEXICO CITY, MX","2017-09-22","76",",,S","57",",,S"
"MXM00076680","MEXICO CITY, MX","2017-09-23","77",",,S","57",",,S"
"MXM00076680","MEXICO CITY, MX","2017-09-24","77",",,S","57",",,S"
"MXM00076680","MEXICO CITY, MX","2017-09-25","80",",,S","59",",,S"
"MXM00076680","MEXICO CITY, MX","2017-09-26","78",",,S","58",",,S"
"MXM00076680","MEXICO CITY, MX","2017-09-27","81",",,S","58",",,S"
"MXM00076680","MEXICO CITY, MX","2017-09-28","77",",,S","58",",,S"
"MXM00076680","MEXICO CITY, MX","2017-09-29",,,,
"MXM00076680","MEXICO CITY, MX","2017-09-30","66",",,S","55",",,S"
"MXM00076680","MEXICO CITY, MX","2017-10-01",,,,
"MXM00076680","MEXICO CITY, MX","2017-10-02","68",",,S","56",",,S"
"MXM00076680","MEXICO CITY, MX","2017-10-03","71",",,S","56",",,S"
"MXM00076680","MEXICO CITY, MX","2017-10-05",,,,
"MXM00076680","MEXICO CITY, MX","2017-10-06","73",",,S","54",",,S"
"MXM00076680","MEXICO CITY, MX","2017-10-07",,,,
"MXM00076680","MEXICO CITY, MX","2017-10-08","78",",,S","50",",,S"
"MXM00076680","MEXICO CITY, MX","2017-10-09","79",",,S","56",",,S"
"MXM00076680","MEXICO CITY, MX","2017-10-10","82",",,S","56",",,S"
"MXM00076680","MEXICO CITY, MX","2017-10-11",,,,
"MXM00076680","MEXICO CITY, MX","2017-10-12","68",",,S","53",",,S"
"MXM00076680","MEXICO CITY, MX","2017-10-13",,,,
"MXM00076680","MEXICO CITY, MX","2017-10-14",,,,
"MXM00076680","MEXICO CITY, MX","2017-10-15","78",",,S","54",",,S"
"MXM00076680","MEXICO CITY, MX","2017-10-16",,,,
"MXM00076680","MEXICO CITY, MX","2017-10-17","69",",,S","55",",,S"
"MXM00076680","MEXICO CITY, MX","2017-10-18",,,,
"MXM00076680","MEXICO CITY, MX","2017-10-19","78",",,S","53",",,S"
"MXM00076680","MEXICO CITY, MX","2017-10-20","78",",,S","55",",,S"
"MXM00076680","MEXICO CITY, MX","2017-10-21","80",",,S","55",",,S"
"MXM00076680","MEXICO CITY, MX","2017-10-22","80",",,S","53",",,S"
"MXM00076680","MEXICO CITY, MX","2017-10-23","78",",,S","53",",,S"
"MXM00076680","MEXICO CITY, MX","2017-10-24","69",",,S","53",",,S"
"MXM00076680","MEXICO CITY, MX","2017-10-25","67",",,S","50",",,S"
"MXM00076680","MEXICO CITY, MX","2017-10-26",,,,
"MXM00076680","MEXICO CITY, MX","2017-10-27","78",",,S","45",",,S"
"MXM00076680","MEXICO CITY, MX","2017-10-28","77",",,S","49",",,S"
"MXM00076680","MEXICO CITY, MX","2017-10-29","77",",,S","49",",,S"
"MXM00076680","MEXICO CITY, MX","2017-10-30","77",",,S","54",",,S"
"MXM00076680","MEXICO CITY, MX","2017-10-31","77",",,S","57",",,S"
"MXM00076680","MEXICO CITY, MX","2017-11-01","78",",,S","56",",,S"
"MXM00076680","MEXICO CITY, MX","2017-11-02","79",",,S","56",",,S"
"MXM00076680","MEXICO CITY, MX","2017-11-03","80",",,S","55",",,S"
"MXM00076680","MEXICO CITY, MX","2017-11-04","80",",,S","51",",,S"
"MXM00076680","MEXICO CITY, MX","2017-11-05",,,,
"MXM00076680","MEXICO CITY, MX","2017-11-06","80",",,S","49",",,S"
"MXM00076680","MEXICO CITY, MX","2017-11-07","82",",,S","50",",,S"
"MXM00076680","MEXICO CITY, MX","2017-11-08",,,,
"MXM00076680","MEXICO CITY, MX","2017-11-09","83",",,S","50",",,S"
"MXM00076680","MEXICO CITY, MX","2017-11-10","75",",,S","50",",,S"
"MXM00076680","MEXICO CITY, MX","2017-11-11","77",",,S","49",",,S"
"MXM00076680","MEXICO CITY, MX","2017-11-12","76",",,S","53",",,S"
"MXM00076680","MEXICO CITY, MX","2017-11-13","76",",,S","53",",,S"
"MXM00076680","MEXICO CITY, MX","2017-11-14","72",",,S","51",",,S"
"MXM00076680","MEXICO CITY, MX","2017-11-15",,,,
"MXM00076680","MEXICO CITY, MX","2017-11-16","75",",,S","46",",,S"
"MXM00076680","MEXICO CITY, MX","2017-11-17","76",",,S","46",",,S"
"MXM00076680","MEXICO CITY, MX","2017-11-18","77",",,S","47",",,S"
"MXM00076680","MEXICO CITY, MX","2017-11-19","78",",,S","48",",,S"
"MXM00076680","MEXICO CITY, MX","2017-11-20",,,,
"MXM00076680","MEXICO CITY, MX","2017-11-21","73",",,S","47",",,S"
"MXM00076680","MEXICO CITY, MX","2017-11-22","76",",,S","47",",,S"
"MXM00076680","MEXICO CITY, MX","2017-11-23","67",",,S","42",",,S"
"MXM00076680","MEXICO CITY, MX","2017-11-24",,,,
"MXM00076680","MEXICO CITY, MX","2017-11-25","72",",,S","43",",,S"
"MXM00076680","MEXICO CITY, MX","2017-11-26","74",",,S","44",",,S"
"MXM00076680","MEXICO CITY, MX","2017-11-27","75",",,S","42",",,S"
"MXM00076680","MEXICO CITY, MX","2017-11-28",,,,
"MXM00076680","MEXICO CITY, MX","2017-11-29","74",",,S","44",",,S"
"MXM00076680","MEXICO CITY, MX","2017-11-30","76",",,S","44",",,S"
"MXM00076680","MEXICO CITY, MX","2017-12-01","71",",,S","40",",,S"
"MXM00076680","MEXICO CITY, MX","2017-12-02","69",",,S","38",",,S"
"MXM00076680","MEXICO CITY, MX","2017-12-03",,,,
"MXM00076680","MEXICO CITY, MX","2017-12-04",,,,
"MXM00076680","MEXICO CITY, MX","2017-12-05","75",",,S","47",",,S"
"MXM00076680","MEXICO CITY, MX","2017-12-06","78",",,S","47",",,S"
"MXM00076680","MEXICO CITY, MX","2017-12-07","78",",,S","47",",,S"
"MXM00076680","MEXICO CITY, MX","2017-12-08",,,,
"MXM00076680","MEXICO CITY, MX","2017-12-09",,,,
"MXM00076680","MEXICO CITY, MX","2017-12-10","65",",,S","37",",,S"
"MXM00076680","MEXICO CITY, MX","2017-12-11",,,,
"MXM00076680","MEXICO CITY, MX","2017-12-12","69",",,S","36",",,S"
"MXM00076680","MEXICO CITY, MX","2017-12-14",,,,
"MXM00076680","MEXICO CITY, MX","2017-12-15","76",",,S","45",",,S"
"MXM00076680","MEXICO CITY, MX","2017-12-16",,,,
"MXM00076680","MEXICO CITY, MX","2017-12-17","73",",,S","49",",,S"
"MXM00076680","MEXICO CITY, MX","2017-12-18",,,,
"MXM00076680","MEXICO CITY, MX","2017-12-19","78",",,S","49",",,S"
"MXM00076680","MEXICO CITY, MX","2017-12-20",,,,
"MXM00076680","MEXICO CITY, MX","2017-12-21","78",",,S","48",",,S"
"MXM00076680","MEXICO CITY, MX","2017-12-22","77",",,S","48",",,S"
"MXM00076680","MEXICO CITY, MX","2017-12-23","77",",,S","47",",,S"
"MXM00076680","MEXICO CITY, MX","2017-12-24",,,,
"MXM00076680","MEXICO CITY, MX","2017-12-25","76",",,S","45",",,S"
"MXM00076680","MEXICO CITY, MX","2017-12-26","72",",,S","44",",,S"
"MXM00076680","MEXICO CITY, MX","2017-12-27","75",",,S","45",",,S"
"MXM00076680","MEXICO CITY, MX","2017-12-28","74",",,S","46",",,S"
"MXM00076680","MEXICO CITY, MX","2017-12-29","73",",,S","43",",,S"
"MXM00076680","MEXICO CITY, MX","2017-12-30","72",",,S","45",",,S"
"MXM00076680","MEXICO CITY, MX","2017-12-31","72",",,S","45",",,S"
"MXM00076680","MEXICO CITY, MX","2018-01-01","72",",,S","45",",,S"
"MXM00076680","MEXICO CITY, MX","2018-01-02","72",",,S","42",",,S"
"MXM00076680","MEXICO CITY, MX","2018-01-03","72",",,S","42",",,S"
"MXM00076680","MEXICO CITY, MX","2018-01-04","73",",,S","45",",,S"
"MXM00076680","MEXICO CITY, MX","2018-01-05","71",",,S","45",",,S"
"MXM00076680","MEXICO CITY, MX","2018-01-06","73",",,S","47",",,S"
"MXM00076680","MEXICO CITY, MX","2018-01-07","73",",,S","44",",,S"
"MXM00076680","MEXICO CITY, MX","2018-01-08","76",",,S","44",",,S"
"MXM00076680","MEXICO CITY, MX","2018-01-09",,,,
"MXM00076680","MEXICO CITY, MX","2018-01-10",,,,
"MXM00076680","MEXICO CITY, MX","2018-01-11","77",",,S","42",",,S"
"MXM00076680","MEXICO CITY, MX","2018-01-12","77",",,S","44",",,S"
"MXM00076680","MEXICO CITY, MX","2018-01-13","71",",,S","43",",,S"
"MXM00076680","MEXICO CITY, MX","2018-01-14","70",",,S","35",",,S"
"MXM00076680","MEXICO CITY, MX","2018-01-15",,,,
"MXM00076680","MEXICO CITY, MX","2018-01-16","71",",,S","38",",,S"
"MXM00076680","MEXICO CITY, MX","2018-01-17","69",",,S","40",",,S"
"MXM00076680","MEXICO CITY, MX","2018-01-18","69",",,S","39",",,S"
"MXM00076680","MEXICO CITY, MX","2018-01-19","69",",,S","41",",,S"
"MXM00076680","MEXICO CITY, MX","2018-01-20",,,,
"MXM00076680","MEXICO CITY, MX","2018-01-21",,,,
"MXM00076680","MEXICO CITY, MX","2018-01-22","77",",,S","47",",,S"
"MXM00076680","MEXICO CITY, MX","2018-01-23","78",",,S","47",",,S"
"MXM00076680","MEXICO CITY, MX","2018-01-24","74",",,S","47",",,S"
"MXM00076680","MEXICO CITY, MX","2018-01-25","69",",,S","45",",,S"
"MXM00076680","MEXICO CITY, MX","2018-01-26","67",",,S","45",",,S"
"MXM00076680","MEXICO CITY, MX","2018-01-27",,,,
"MXM00076680","MEXICO CITY, MX","2018-01-28","72",",,S","48",",,S"
"MXM00076680","MEXICO CITY, MX","2018-01-29",,,,
"MXM00076680","MEXICO CITY, MX","2018-01-30","52",",,S","35",",,S"
"MXM00076680","MEXICO CITY, MX","2018-01-31",,,,
"MXM00076680","MEXICO CITY, MX","2018-02-01",,,,
"MXM00076680","MEXICO CITY, MX","2018-02-02","76",",,S","46",",,S"
"MXM00076680","MEXICO CITY, MX","2018-02-03","77",",,S","49",",,S"
"MXM00076680","MEXICO CITY, MX","2018-02-04","76",",,S","49",",,S"
"MXM00076680","MEXICO CITY, MX","2018-02-05",,,,
"MXM00076680","MEXICO CITY, MX","2018-02-06","80",",,S","52",",,S"
"MXM00076680","MEXICO CITY, MX","2018-02-07","79",",,S","51",",,S"
"MXM00076680","MEXICO CITY, MX","2018-02-08","75",",,S","50",",,S"
"MXM00076680","MEXICO CITY, MX","2018-02-09","72",",,S","47",",,S"
"MXM00076680","MEXICO CITY, MX","2018-02-10","68",",,S","48",",,S"
"MXM00076680","MEXICO CITY, MX","2018-02-11",,,,
"MXM00076680","MEXICO CITY, MX","2018-02-12",,,,
"MXM00076680","MEXICO CITY, MX","2018-02-13","76",",,S","49",",,S"
"MXM00076680","MEXICO CITY, MX","2018-02-14","76",",,S","49",",,S"
"MXM00076680","MEXICO CITY, MX","2018-02-15","77",",,S","49",",,S"
"MXM00076680","MEXICO CITY, MX","2018-02-16","78",",,S","49",",,S"
"MXM00076680","MEXICO CITY, MX","2018-02-17",,,,
"MXM00076680","MEXICO CITY, MX","2018-02-18","78",",,S","49",",,S"
"MXM00076680","MEXICO CITY, MX","2018-02-19","77",",,S","49",",,S"
"MXM00076680","MEXICO CITY, MX","2018-02-20","75",",,S","54",",,S"
"MXM00076680","MEXICO CITY, MX","2018-02-21",,,,
"MXM00076680","MEXICO CITY, MX","2018-02-22","77",",,S","51",",,S"
"MXM00076680","MEXICO CITY, MX","2018-02-23","77",",,S","52",",,S"
"MXM00076680","MEXICO CITY, MX","2018-02-24",,,,
"MXM00076680","MEXICO CITY, MX","2018-02-26","80",",,S","53",",,S"
"MXM00076680","MEXICO CITY, MX","2018-02-27","81",",,S","55",",,S"
"MXM00076680","MEXICO CITY, MX","2018-02-28","81",",,S","55",",,S"
"MXM00076680","MEXICO CITY, MX","2018-03-01","83",",,S","55",",,S"
"MXM00076680","MEXICO CITY, MX","2018-03-02","81",",,S","54",",,S"
"MXM00076680","MEXICO CITY, MX","2018-03-03","81",",,S","51",",,S"
"MXM00076680","MEXICO CITY, MX","2018-03-05","84",",,S","51",",,S"
"MXM00076680","MEXICO CITY, MX","2018-03-06","82",",,S","53",",,S"
"MXM00076680","MEXICO CITY, MX","2018-03-07","79",",,S","53",",,S"
"MXM00076680","MEXICO CITY, MX","2018-03-08",,,,
"MXM00076680","MEXICO CITY, MX","2018-03-09","79",",,S","49",",,S"
"MXM00076680","MEXICO CITY, MX","2018-03-13","82",",,S","51",",,S"
"MXM00076680","MEXICO CITY, MX","2018-03-14","81",",,S","51",",,S"
"MXM00076680","MEXICO CITY, MX","2018-03-15",,,,
"MXM00076680","MEXICO CITY, MX","2018-03-16","79",",,S","51",",,S"
"MXM00076680","MEXICO CITY, MX","2018-03-17",,,,
"MXM00076680","MEXICO CITY, MX","2018-03-19",,,,
"MXM00076680","MEXICO CITY, MX","2018-03-20","86",",,S","56",",,S"
"MXM00076680","MEXICO CITY, MX","2018-03-21","85",",,S","54",",,S"
"MXM00076680","MEXICO CITY, MX","2018-03-22","82",",,S","54",",,S"
"MXM00076680","MEXICO CITY, MX","2018-03-23","80",",,S","52",",,S"
"MXM00076680","MEXICO CITY, MX","2018-03-24",,,,
"MXM00076680","MEXICO CITY, MX","2018-03-25","83",",,S","53",",,S"
"MXM00076680","MEXICO CITY, MX","2018-03-26",,,,
"MXM00076680","MEXICO CITY, MX","2018-03-27","86",",,S","56",",,S"
"MXM00076680","MEXICO CITY, MX","2018-03-28","85",",,S","56",",,S"
"MXM00076680","MEXICO CITY, MX","2018-03-29","84",",,S","55",",,S"
"MXM00076680","MEXICO CITY, MX","2018-03-30","83",",,S","54",",,S"
"MXM00076680","MEXICO CITY, MX","2018-03-31",,,,
"MXM00076680","MEXICO CITY, MX","2018-04-01",,,,
"MXM00076680","MEXICO CITY, MX","2018-04-02","82",",,S","51",",,S"
"MXM00076680","MEXICO CITY, MX","2018-04-03","81",",,S","54",",,S"
"MXM00076680","MEXICO CITY, MX","2018-04-04","81",",,S","55",",,S"
"MXM00076680","MEXICO CITY, MX","2018-04-05","81",",,S","55",",,S"
"MXM00076680","MEXICO CITY, MX","2018-04-06","81",",,S","56",",,S"
"MXM00076680","MEXICO CITY, MX","2018-04-07","76",",,S","52",",,S"
"MXM00076680","MEXICO CITY, MX","2018-04-08",,,,
"MXM00076680","MEXICO CITY, MX","2018-04-09","83",",,S","62",",,S"
"MXM00076680","MEXICO CITY, MX","2018-04-10","83",",,S","54",",,S"
"MXM00076680","MEXICO CITY, MX","2018-04-11","78",",,S","52",",,S"
"MXM00076680","MEXICO CITY, MX","2018-04-12","74",",,S","52",",,S"
"MXM00076680","MEXICO CITY, MX","2018-04-13","77",",,S","54",",,S"
"MXM00076680","MEXICO CITY, MX","2018-04-14","81",",,S","54",",,S"
"MXM00076680","MEXICO CITY, MX","2018-04-16","80",",,S","51",",,S"
"MXM00076680","MEXICO CITY, MX","2018-04-17",,,,
"MXM00076680","MEXICO CITY, MX","2018-04-18","82",",,S","56",",,S"
"MXM00076680","MEXICO CITY, MX","2018-04-19","82",",,S","56",",,S"
"MXM00076680","MEXICO CITY, MX","2018-04-20","82",",,S","52",",,S"
"MXM00076680","MEXICO CITY, MX","2018-04-21",,,,
"MXM00076680","MEXICO CITY, MX","2018-04-22","85",",,S","56",",,S"
"MXM00076680","MEXICO CITY, MX","2018-04-23","86",",,S","56",",,S"
"MXM00076680","MEXICO CITY, MX","2018-04-24","80",",,S","57",",,S"
"MXM00076680","MEXICO CITY, MX","2018-04-25","76",",,S","54",",,S"
"MXM00076680","MEXICO CITY, MX","2018-04-26",,,,
"MXM00076680","MEXICO CITY, MX","2018-04-27","79",",,S","55",",,S"
"MXM00076680","MEXICO CITY, MX","2018-04-28","81",",,S","55",",,S"
"MXM00076680","MEXICO CITY, MX","2018-04-29","81",",,S","55",",,S"
"MXM00076680","MEXICO CITY, MX","2018-04-30","82",",,S","55",",,S"
"MXM00076680","MEXICO CITY, MX","2018-05-01","79",",,S","54",",,S"
"MXM00076680","MEXICO CITY, MX","2018-05-02","81",",,S","54",",,S"
"MXM00076680","MEXICO CITY, MX","2018-05-03",,,,
"MXM00076680","MEXICO CITY, MX","2018-05-04","83",",,S","55",",,S"
"MXM00076680","MEXICO CITY, MX","2018-05-05","83",",,S","56",",,S"
"MXM00076680","MEXICO CITY, MX","2018-05-06",,,,
"MXM00076680","MEXICO CITY, MX","2018-05-07","77",",,S","54",",,S"
"MXM00076680","MEXICO CITY, MX","2018-05-08","73",",,S","55",",,S"
"MXM00076680","MEXICO CITY, MX","2018-05-09",,,,
"MXM00076680","MEXICO CITY, MX","2018-05-10","76",",,S","54",",,S"
"MXM00076680","MEXICO CITY, MX","2018-05-11","79",",,S","54",",,S"
"MXM00076680","MEXICO CITY, MX","2018-05-12",,,,
"MXM00076680","MEXICO CITY, MX","2018-05-13","83",",,S","56",",,S"
"MXM00076680","MEXICO CITY, MX","2018-05-15",,,,
"MXM00076680","MEXICO CITY, MX","2018-05-16","83",",,S","56",",,S"
"MXM00076680","MEXICO CITY, MX","2018-05-17","82",",,S","57",",,S"
"MXM00076680","MEXICO CITY, MX","2018-05-18",,,,
"MXM00076680","MEXICO CITY, MX","2018-05-19","85",",,S","58",",,S"
"MXM00076680","MEXICO CITY, MX","2018-05-20","80",",,S","58",",,S"
"MXM00076680","MEXICO CITY, MX","2018-05-21","86",",,S","58",",,S"
"MXM00076680","MEXICO CITY, MX","2018-05-22",,,,
"MXM00076680","MEXICO CITY, MX","2018-05-23","82",",,S","54",",,S"
"MXM00076680","MEXICO CITY, MX","2018-05-24","83",",,S","55",",,S"
"MXM00076680","MEXICO CITY, MX","2018-05-25","83",",,S","56",",,S"
"MXM00076680","MEXICO CITY, MX","2018-05-26","81",",,S","55",",,S"
"MXM00076680","MEXICO CITY, MX","2018-05-27","81",",,S","55",",,S"
"MXM00076680","MEXICO CITY, MX","2018-05-28",,,,
"MXM00076680","MEXICO CITY, MX","2018-05-29","85",",,S","58",",,S"
"MXM00076680","MEXICO CITY, MX","2018-05-30",,,,
"MXM00076680","MEXICO CITY, MX","2018-05-31","89",",,S","60",",,S"
"MXM00076680","MEXICO CITY, MX","2018-06-01","91",",,S","58",",,S"
"MXM00076680","MEXICO CITY, MX","2018-06-02","85",",,S","58",",,S"
"MXM00076680","MEXICO CITY, MX","2018-06-03","81",",,S","56",",,S"
"MXM00076680","MEXICO CITY, MX","2018-06-04","80",",,S","55",",,S"
"MXM00076680","MEXICO CITY, MX","2018-06-05","84",",,S","55",",,S"
"MXM00076680","MEXICO CITY, MX","2018-06-06","85",",,S","56",",,S"
"MXM00076680","MEXICO CITY, MX","2018-06-07","86",",,S","58",",,S"
"MXM00076680","MEXICO CITY, MX","2018-06-08","83",",,S","58",",,S"
"MXM00076680","MEXICO CITY, MX","2018-06-09","82",",,S","58",",,S"
"MXM00076680","MEXICO CITY, MX","2018-06-10","78",",,S","57",",,S"
"MXM00076680","MEXICO CITY, MX","2018-06-11","84",",,S","57",",,S"
"MXM00076680","MEXICO CITY, MX","2018-06-12","86",",,S","59",",,S"
"MXM00076680","MEXICO CITY, MX","2018-06-13",,,,
"MXM00076680","MEXICO CITY, MX","2018-06-14",,,,
"MXM00076680","MEXICO CITY, MX","2018-06-15",,,,
"MXM00076680","MEXICO CITY, MX","2018-06-16","74",",,S","58",",,S"
"MXM00076680","MEXICO CITY, MX","2018-06-17","86",",,S","56",",,S"
"MXM00076680","MEXICO CITY, MX","2018-06-19",,,,
"MXM00076680","MEXICO CITY, MX","2018-06-20","77",",,S","55",",,S"
"MXM00076680","MEXICO CITY, MX","2018-06-21","74",",,S","56",",,S"
"MXM00076680","MEXICO CITY, MX","2018-06-22","76",",,S","56",",,S"
"MXM00076680","MEXICO CITY, MX","2018-06-23","80",",,S","56",",,S"
"MXM00076680","MEXICO CITY, MX","2018-06-24","79",",,S","56",",,S"
"MXM00076680","MEXICO CITY, MX","2018-06-25","79",",,S","56",",,S"
"MXM00076680","MEXICO CITY, MX","2018-06-26","75",",,S","57",",,S"
"MXM00076680","MEXICO CITY, MX","2018-06-27","78",",,S","54",",,S"
"MXM00076680","MEXICO CITY, MX","2018-06-28",,,,
"MXM00076680","MEXICO CITY, MX","2018-06-29","79",",,S","54",",,S"
"MXM00076680","MEXICO CITY, MX","2018-06-30","76",",,S","54",",,S"
"MXM00076680","MEXICO CITY, MX","2018-07-01","76",",,S","54",",,S"
"MXM00076680","MEXICO CITY, MX","2018-07-02","80",",,S","54",",,S"
"MXM00076680","MEXICO CITY, MX","2018-07-03","79",",,S","56",",,S"
"MXM00076680","MEXICO CITY, MX","2018-07-04","77",",,S","58",",,S"
"MXM00076680","MEXICO CITY, MX","2018-07-05","79",",,S","56",",,S"
"MXM00076680","MEXICO CITY, MX","2018-07-06",,,,
"MXM00076680","MEXICO CITY, MX","2018-07-07","74",",,S","54",",,S"
"MXM00076680","MEXICO CITY, MX","2018-07-08","78",",,S","58",",,S"
"MXM00076680","MEXICO CITY, MX","2018-07-09","76",",,S","53",",,S"
"MXM00076680","MEXICO CITY, MX","2018-07-10",,,,
"MXM00076680","MEXICO CITY, MX","2018-07-11","76",",,S","53",",,S"
"MXM00076680","MEXICO CITY, MX","2018-07-12","75",",,S","53",",,S"
"MXM00076680","MEXICO CITY, MX","2018-07-13","75",",,S","53",",,S"
"MXM00076680","MEXICO CITY, MX","2018-07-14","77",",,S","54",",,S"
"MXM00076680","MEXICO CITY, MX","2018-07-15","77",",,S","54",",,S"
"MXM00076680","MEXICO CITY, MX","2018-07-16","78",",,S","54",",,S"
"MXM00076680","MEXICO CITY, MX","2018-07-17","78",",,S","56",",,S"
"MXM00076680","MEXICO CITY, MX","2018-07-18","79",",,S","54",",,S"
"MXM00076680","MEXICO CITY, MX","2018-07-19","80",",,S","54",",,S"
"MXM00076680","MEXICO CITY, MX","2018-07-20","79",",,S","54",",,S"
"MXM00076680","MEXICO CITY, MX","2018-07-21","77",",,S","55",",,S"
"MXM00076680","MEXICO CITY, MX","2018-07-22","79",",,S","55",",,S"
"MXM00076680","MEXICO CITY, MX","2018-07-23","83",",,S","58",",,S"
"MXM00076680","MEXICO CITY, MX","2018-07-24","85",",,S","60",",,S"
"MXM00076680","MEXICO CITY, MX","2018-07-25","84",",,S","56",",,S"
"MXM00076680","MEXICO CITY, MX","2018-07-26",,,,
"MXM00076680","MEXICO CITY, MX","2018-07-27","76",",,S","55",",,S"
"MXM00076680","MEXICO CITY, MX","2018-07-28","82",",,S","55",",,S"
"MXM00076680","MEXICO CITY, MX","2018-07-29","81",",,S","54",",,S"
"MXM00076680","MEXICO CITY, MX","2018-07-31","81",",,S","56",",,S"
"MXM00076680","MEXICO CITY, MX","2018-08-01","80",",,S","57",",,S"
"MXM00076680","MEXICO CITY, MX","2018-08-02","78",",,S","56",",,S"
"MXM00076680","MEXICO CITY, MX","2018-08-03","75",",,S","56",",,S"
"MXM00076680","MEXICO CITY, MX","2018-08-04","74",",,S","56",",,S"
"MXM00076680","MEXICO CITY, MX","2018-08-05","70",",,S","55",",,S"
"MXM00076680","MEXICO CITY, MX","2018-08-06","76",",,S","54",",,S"
"MXM00076680","MEXICO CITY, MX","2018-08-07","77",",,S","54",",,S"
"MXM00076680","MEXICO CITY, MX","2018-08-09","77",",,S","55",",,S"
"MXM00076680","MEXICO CITY, MX","2018-08-10","74",",,S","54",",,S"
"MXM00076680","MEXICO CITY, MX","2018-08-11","78",",,S","54",",,S"
"MXM00076680","MEXICO CITY, MX","2018-08-12","78",",,S","56",",,S"
"MXM00076680","MEXICO CITY, MX","2018-08-13",,,,
"MXM00076680","MEXICO CITY, MX","2018-08-14","78",",,S","51",",,S"
"MXM00076680","MEXICO CITY, MX","2018-08-15","78",",,S","51",",,S"
"MXM00076680","MEXICO CITY, MX","2018-08-16","75",",,S","54",",,S"
"MXM00076680","MEXICO CITY, MX","2018-08-17","78",",,S","54",",,S"
"MXM00076680","MEXICO CITY, MX","2018-08-18","79",",,S","53",",,S"
"MXM00076680","MEXICO CITY, MX","2018-08-19","78",",,S","53",",,S"
"MXM00076680","MEXICO CITY, MX","2018-08-20","81",",,S","55",",,S"
"MXM00076680","MEXICO CITY, MX","2018-08-21","77",",,S","55",",,S"
"MXM00076680","MEXICO CITY, MX","2018-08-22","73",",,S","55",",,S"
"MXM00076680","MEXICO CITY, MX","2018-08-23",,,,
"MXM00076680","MEXICO CITY, MX","2018-08-24","77",",,S","54",",,S"
"MXM00076680","MEXICO CITY, MX","2018-08-25","78",",,S","56",",,S"
"MXM00076680","MEXICO CITY, MX","2018-08-26","80",",,S","54",",,S"
"MXM00076680","MEXICO CITY, MX","2018-08-27",,,,
"MXM00076680","MEXICO CITY, MX","2018-08-28","73",",,S","55",",,S"
"MXM00076680","MEXICO CITY, MX","2018-08-29","74",",,S","55",",,S"
"MXM00076680","MEXICO CITY, MX","2018-08-30","75",",,S","55",",,S"
"MXM00076680","MEXICO CITY, MX","2018-08-31","78",",,S","55",",,S"
"MXM00076680","MEXICO CITY, MX","2018-09-01","78",",,S","54",",,S"
"MXM00076680","MEXICO CITY, MX","2018-09-02","79",",,S","54",",,S"
"MXM00076680","MEXICO CITY, MX","2018-09-03","79",",,S","54",",,S"
"MXM00076680","MEXICO CITY, MX","2018-09-04","80",",,S","58",",,S"
"MXM00076680","MEXICO CITY, MX","2018-09-05","81",",,S","56",",,S"
"MXM00076680","MEXICO CITY, MX","2018-09-06","77",",,S","56",",,S"
"MXM00076680","MEXICO CITY, MX","2018-09-07",,,,
"MXM00076680","MEXICO CITY, MX","2018-09-08",,,,
"MXM00076680","MEXICO CITY, MX","2018-09-09","78",",,S","54",",,S"
"MXM00076680","MEXICO CITY, MX","2018-09-10","80",",,S","54",",,S"
"MXM00076680","MEXICO CITY, MX","2018-09-11","81",",,S","57",",,S"
"MXM00076680","MEXICO CITY, MX","2018-09-12","78",",,S","57",",,S"
"MXM00076680","MEXICO CITY, MX","2018-09-13","70",",,S","56",",,S"
"MXM00076680","MEXICO CITY, MX","2018-09-14","74",",,S","56",",,S"
"MXM00076680","MEXICO CITY, MX","2018-09-16","80",",,S","57",",,S"
"MXM00076680","MEXICO CITY, MX","2018-09-18","74",",,S","56",",,S"
"MXM00076680","MEXICO CITY, MX","2018-09-19","75",",,S","56",",,S"
"MXM00076680","MEXICO CITY, MX","2018-09-20","79",",,S","56",",,S"
"MXM00076680","MEXICO CITY, MX","2018-09-21","80",",,S","56",",,S"
"MXM00076680","MEXICO CITY, MX","2018-09-22","81",",,S","58",",,S"
"MXM00076680","MEXICO CITY, MX","2018-09-23","80",",,S","57",",,S"
"MXM00076680","MEXICO CITY, MX","2018-09-24","80",",,S","53",",,S"
"MXM00076680","MEXICO CITY, MX","2018-09-25","79",",,S","53",",,S"
"MXM00076680","MEXICO CITY, MX","2018-09-26","80",",,S","56",",,S"
"MXM00076680","MEXICO CITY, MX","2018-09-27","79",",,S","53",",,S"
"MXM00076680","MEXICO CITY, MX","2018-09-28","77",",,S","55",",,S"
"MXM00076680","MEXICO CITY, MX","2018-09-29","75",",,S","54",",,S"
"MXM00076680","MEXICO CITY, MX","2018-09-30","74",",,S","56",",,S"
"MXM00076680","MEXICO CITY, MX","2018-10-02","73",",,S","53",",,S"
"MXM00076680","MEXICO CITY, MX","2018-10-03","73",",,S","53",",,S"
"MXM00076680","MEXICO CITY, MX","2018-10-04","72",",,S","56",",,S"
"MXM00076680","MEXICO CITY, MX","2018-10-05","76",",,S","54",",,S"
"MXM00076680","MEXICO CITY, MX","2018-10-06","81",",,S","54",",,S"
"MXM00076680","MEXICO CITY, MX","2018-10-07","75",",,S","54",",,S"
"MXM00076680","MEXICO CITY, MX","2018-10-09","76",",,S","55",",,S"
"MXM00076680","MEXICO CITY, MX","2018-10-10","79",",,S","58",",,S"
"MXM00076680","MEXICO CITY, MX","2018-10-11","77",",,S","58",",,S"
"MXM00076680","MEXICO CITY, MX","2018-10-12",,,,
"MXM00076680","MEXICO CITY, MX","2018-10-13","77",",,S","56",",,S"
"MXM00076680","MEXICO CITY, MX","2018-10-14",,,,
"MXM00076680","MEXICO CITY, MX","2018-10-15","81",",,S","57",",,S"
"MXM00076680","MEXICO CITY, MX","2018-10-16","80",",,S","58",",,S"
"MXM00076680","MEXICO CITY, MX","2018-10-17","76",",,S","54",",,S"
"MXM00076680","MEXICO CITY, MX","2018-10-18","66",",,S","54",",,S"
"MXM00076680","MEXICO CITY, MX","2018-10-19",,,,
"MXM00076680","MEXICO CITY, MX","2018-10-20",,,,
"MXM00076680","MEXICO CITY, MX","2018-10-21","72",",,S","54",",,S"
"MXM00076680","MEXICO CITY, MX","2018-10-22",,,,
"MXM00076680","MEXICO CITY, MX","2018-10-23","76",",,S","52",",,S"
"MXM00076680","MEXICO CITY, MX","2018-10-24","79",",,S","51",",,S"
"MXM00076680","MEXICO CITY, MX","2018-10-25","80",",,S","51",",,S"
"MXM00076680","MEXICO CITY, MX","2018-10-26","80",",,S","55",",,S"
"MXM00076680","MEXICO CITY, MX","2018-10-27","80",",,S","56",",,S"
"MXM00076680","MEXICO CITY, MX","2018-10-28","71",",,S","54",",,S"
"MXM00076680","MEXICO CITY, MX","2018-10-29","71",",,S","54",",,S"
"MXM00076680","MEXICO CITY, MX","2018-10-30",,,,
"MXM00076680","MEXICO CITY, MX","2018-11-01","77",",,S","54",",,S"
"MXM00076680","MEXICO CITY, MX","2018-11-02","68",",,S","55",",,S"
"MXM00076680","MEXICO CITY, MX","2018-11-03","71",",,S","54",",,S"
"MXM00076680","MEXICO CITY, MX","2018-11-06",,,,
"MXM00076680","MEXICO CITY, MX","2018-11-07","80",",,S","51",",,S"
"MXM00076680","MEXICO CITY, MX","2018-11-08","78",",,S","53",",,S"
"MXM00076680","MEXICO CITY, MX","2018-11-09","79",",,S","53",",,S"
"MXM00076680","MEXICO CITY, MX","2018-11-10",,,,
"MXM00076680","MEXICO CITY, MX","2018-11-11","76",",,S","53",",,S"
"MXM00076680","MEXICO CITY, MX","2018-11-12","76",",,S","53",",,S"
"MXM00076680","MEXICO CITY, MX","2018-11-13","78",",,S","52",",,S"
"MXM00076680","MEXICO CITY, MX","2018-11-14",,,,
"MXM00076680","MEXICO CITY, MX","2018-11-15",,,,
"MXM00076680","MEXICO CITY, MX","2018-11-16","70",",,S","42",",,S"
"MXM00076680","MEXICO CITY, MX","2018-11-17","72",",,S","42",",,S"
"MXM00076680","MEXICO CITY, MX","2018-11-19",,,,
"MXM00076680","MEXICO CITY, MX","2018-11-20","78",",,S","44",",,S"
"MXM00076680","MEXICO CITY, MX","2018-11-21","78",",,S","47",",,S"
"MXM00076680","MEXICO CITY, MX","2018-11-22",,,,
"MXM00076680","MEXICO CITY, MX","2018-11-23","78",",,S","50",",,S"
"MXM00076680","MEXICO CITY, MX","2018-11-24","78",",,S","51",",,S"
"MXM00076680","MEXICO CITY, MX","2018-11-27","72",",,S","49",",,S"
"MXM00076680","MEXICO CITY, MX","2018-11-28","73",",,S","49",",,S"
"MXM00076680","MEXICO CITY, MX","2018-11-29","66",",,S","55",",,S"
"MXM00076680","MEXICO CITY, MX","2018-11-30",,,,
"MXM00076680","MEXICO CITY, MX","2018-12-01",,,,
"MXM00076680","MEXICO CITY, MX","2018-12-02","80",",,S","49",",,S"
"MXM00076680","MEXICO CITY, MX","2018-12-03","80",",,S","49",",,S"
"MXM00076680","MEXICO CITY, MX","2018-12-04","79",",,S","51",",,S"
"MXM00076680","MEXICO CITY, MX","2018-12-05","77",",,S","50",",,S"
"MXM00076680","MEXICO CITY, MX","2018-12-06","77",",,S","48",",,S"
"MXM00076680","MEXICO CITY, MX","2018-12-07",,,,
"MXM00076680","MEXICO CITY, MX","2018-12-08",,,,
"MXM00076680","MEXICO CITY, MX","2018-12-09","79",",,S","49",",,S"
"MXM00076680","MEXICO CITY, MX","2018-12-10","73",",,S","50",",,S"
"MXM00076680","MEXICO CITY, MX","2018-12-11","70",",,S","46",",,S"
"MXM00076680","MEXICO CITY, MX","2018-12-12","68",",,S","46",",,S"
"MXM00076680","MEXICO CITY, MX","2018-12-13",,,,
"MXM00076680","MEXICO CITY, MX","2018-12-14","71",",,S","50",",,S"
"MXM00076680","MEXICO CITY, MX","2018-12-15","73",",,S","44",",,S"
"MXM00076680","MEXICO CITY, MX","2018-12-16",,,,
"MXM00076680","MEXICO CITY, MX","2018-12-17","73",",,S","45",",,S"
"MXM00076680","MEXICO CITY, MX","2018-12-18",,,,
"MXM00076680","MEXICO CITY, MX","2018-12-19","76",",,S","45",",,S"
"MXM00076680","MEXICO CITY, MX","2018-12-20",,,,
"MXM00076680","MEXICO CITY, MX","2018-12-21","69",",,S","38",",,S"
"MXM00076680","MEXICO CITY, MX","2018-12-22","70",",,S","38",",,S"
"MXM00076680","MEXICO CITY, MX","2018-12-23","72",",,S","41",",,S"
"MXM00076680","MEXICO CITY, MX","2018-12-24","73",",,S","41",",,S"
"MXM00076680","MEXICO CITY, MX","2018-12-26","73",",,S","46",",,S"
"MXM00076680","MEXICO CITY, MX","2018-12-27","76",",,S","46",",,S"
"MXM00076680","MEXICO CITY, MX","2018-12-28","76",",,S","45",",,S"
"MXM00076680","MEXICO CITY, MX","2018-12-29",,,,
"MXM00076680","MEXICO CITY, MX","2018-12-30","80",",,S","46",",,S"
"MXM00076680","MEXICO CITY, MX","2018-12-31","73",",,S","47",",,S"
"MXM00076680","MEXICO CITY, MX","2019-01-01","76",",,S","47",",,S"
"MXM00076680","MEXICO CITY, MX","2019-01-02","77",",,S","45",",,S"
"MXM00076680","MEXICO CITY, MX","2019-01-03",,,,
"MXM00076680","MEXICO CITY, MX","2019-01-04","74",",,S","45",",,S"
"MXM00076680","MEXICO CITY, MX","2019-01-05","75",",,S","45",",,S"
"MXM00076680","MEXICO CITY, MX","2019-01-06","76",",,S","47",",,S"
"MXM00076680","MEXICO CITY, MX","2019-01-07","76",",,S","49",",,S"
"MXM00076680","MEXICO CITY, MX","2019-01-08","74",",,S","45",",,S"
"MXM00076680","MEXICO CITY, MX","2019-01-09","75",",,S","45",",,S"
"MXM00076680","MEXICO CITY, MX","2019-01-10","70",",,S","43",",,S"
"MXM00076680","MEXICO CITY, MX","2019-01-11",,,,
"MXM00076680","MEXICO CITY, MX","2019-01-12","75",",,S","48",",,S"
"MXM00076680","MEXICO CITY, MX","2019-01-13",,,,
"MXM00076680","MEXICO CITY, MX","2019-01-14","66",",,S","41",",,S"
"MXM00076680","MEXICO CITY, MX","2019-01-15","69",",,S","45",",,S"
"MXM00076680","MEXICO CITY, MX","2019-01-16","70",",,S","45",",,S"
"MXM00076680","MEXICO CITY, MX","2019-01-17","71",",,S","50",",,S"
"MXM00076680","MEXICO CITY, MX","2019-01-18",,,,
"MXM00076680","MEXICO CITY, MX","2019-01-19","76",",,S","49",",,S"
"MXM00076680","MEXICO CITY, MX","2019-01-20","71",",,S","47",",,S"
"MXM00076680","MEXICO CITY, MX","2019-01-21","73",",,S","44",",,S"
"MXM00076680","MEXICO CITY, MX","2019-01-22","77",",,S","44",",,S"
"MXM00076680","MEXICO CITY, MX","2019-01-23","78",",,S","44",",,S"
"MXM00076680","MEXICO CITY, MX","2019-01-24","78",",,S","49",",,S"
"MXM00076680","MEXICO CITY, MX","2019-01-25","79",",,S","49",",,S"
"MXM00076680","MEXICO CITY, MX","2019-01-26","80",",,S","49",",,S"
"MXM00076680","MEXICO CITY, MX","2019-01-27","77",",,S","49",",,S"
"MXM00076680","MEXICO CITY, MX","2019-01-28",,,,
"MXM00076680","MEXICO CITY, MX","2019-01-29","76",",,S","44",",,S"
"MXM00076680","MEXICO CITY, MX","2019-01-30","75",",,S","46",",,S"
"MXM00076680","MEXICO CITY, MX","2019-02-01","75",",,S","45",",,S"
"MXM00076680","MEXICO CITY, MX","2019-02-02","76",",,S","46",",,S"
"MXM00076680","MEXICO CITY, MX","2019-02-03",,,,
"MXM00076680","MEXICO CITY, MX","2019-02-04",,,,
"MXM00076680","MEXICO CITY, MX","2019-02-05","81",",,S","51",",,S"
"MXM00076680","MEXICO CITY, MX","2019-02-06",,,,
"MXM00076680","MEXICO CITY, MX","2019-02-07","83",",,S","53",",,S"
"MXM00076680","MEXICO CITY, MX","2019-02-08","82",",,S","51",",,S"
"MXM00076680","MEXICO CITY, MX","2019-02-09",,,,
"MXM00076680","MEXICO CITY, MX","2019-02-10",,,,
"MXM00076680","MEXICO CITY, MX","2019-02-11","78",",,S","49",",,S"
"MXM00076680","MEXICO CITY, MX","2019-02-12","79",",,S","53",",,S"
"MXM00076680","MEXICO CITY, MX","2019-02-13","71",",,S","48",",,S"
"MXM00076680","MEXICO CITY, MX","2019-02-14",,,,
"MXM00076680","MEXICO CITY, MX","2019-02-15","80",",,S","51",",,S"
"MXM00076680","MEXICO CITY, MX","2019-02-16",,,,
"MXM00076680","MEXICO CITY, MX","2019-02-17","86",",,S","55",",,S"
"MXM00076680","MEXICO CITY, MX","2019-02-18","87",",,S","55",",,S"
"MXM00076680","MEXICO CITY, MX","2019-02-19","87",",,S","54",",,S"
"MXM00076680","MEXICO CITY, MX","2019-02-20","82",",,S","51",",,S"
"MXM00076680","MEXICO CITY, MX","2019-02-21","82",",,S","51",",,S"
"MXM00076680","MEXICO CITY, MX","2019-02-22",,,,
"MXM00076680","MEXICO CITY, MX","2019-02-23","81",",,S","52",",,S"
"MXM00076680","MEXICO CITY, MX","2019-02-24","79",",,S","54",",,S"
"MXM00076680","MEXICO CITY, MX","2019-02-25","77",",,S","53",",,S"
"MXM00076680","MEXICO CITY, MX","2019-02-26",,,,
"MXM00076680","MEXICO CITY, MX","2019-02-27","79",",,S","51",",,S"
"MXM00076680","MEXICO CITY, MX","2019-02-28","82",",,S","53",",,S"
"MXM00076680","MEXICO CITY, MX","2019-03-01","84",",,S","54",",,S"
"MXM00076680","MEXICO CITY, MX","2019-03-02","84",",,S","55",",,S"
"MXM00076680","MEXICO CITY, MX","2019-03-03","85",",,S","57",",,S"
"MXM00076680","MEXICO CITY, MX","2019-03-04","87",",,S","56",",,S"
"MXM00076680","MEXICO CITY, MX","2019-03-05","85",",,S","55",",,S"
"MXM00076680","MEXICO CITY, MX","2019-03-06",,,,
"MXM00076680","MEXICO CITY, MX","2019-03-07",,,,
"MXM00076680","MEXICO CITY, MX","2019-03-08","85",",,S","55",",,S"
"MXM00076680","MEXICO CITY, MX","2019-03-09","83",",,S","56",",,S"
"MXM00076680","MEXICO CITY, MX","2019-03-11","89",",,S","59",",,S"
"MXM00076680","MEXICO CITY, MX","2019-03-12",,,,
"MXM00076680","MEXICO CITY, MX","2019-03-13","87",",,S","55",",,S"
"MXM00076680","MEXICO CITY, MX","2019-03-14","86",",,S","55",",,S"
"MXM00076680","MEXICO CITY, MX","2019-03-15","86",",,S","55",",,S"
"MXM00076680","MEXICO CITY, MX","2019-03-16","83",",,S","51",",,S"
"MXM00076680","MEXICO CITY, MX","2019-03-17","78",",,S","51",",,S"
"MXM00076680","MEXICO CITY, MX","2019-03-18","78",",,S","53",",,S"
"MXM00076680","MEXICO CITY, MX","2019-03-19","78",",,S","48",",,S"
"MXM00076680","MEXICO CITY, MX","2019-03-20","78",",,S","48",",,S"
"MXM00076680","MEXICO CITY, MX","2019-03-21","80",",,S","49",",,S"
"MXM00076680","MEXICO CITY, MX","2019-03-22","74",",,S","51",",,S"
"MXM00076680","MEXICO CITY, MX","2019-03-23","78",",,S","51",",,S"
"MXM00076680","MEXICO CITY, MX","2019-03-24","80",",,S","52",",,S"
"MXM00076680","MEXICO CITY, MX","2019-03-25","81",",,S","52",",,S"
"MXM00076680","MEXICO CITY, MX","2019-03-26","82",",,S","47",",,S"
"MXM00076680","MEXICO CITY, MX","2019-03-27","80",",,S","47",",,S"
"MXM00076680","MEXICO CITY, MX","2019-03-28",,,,
"MXM00076680","MEXICO CITY, MX","2019-03-29",,,,
"MXM00076680","MEXICO CITY, MX","2019-03-31","85",",,S","57",",,S"
"MXM00076680","MEXICO CITY, MX","2019-04-01","82",",,S","56",",,S"
"MXM00076680","MEXICO CITY, MX","2019-04-02","80",",,S","55",",,S"
"MXM00076680","MEXICO CITY, MX","2019-04-04","81",",,S","55",",,S"
"MXM00076680","MEXICO CITY, MX","2019-04-05","76",",,S","59",",,S"
"MXM00076680","MEXICO CITY, MX","2019-04-06","76",",,S","57",",,S"
"MXM00076680","MEXICO CITY, MX","2019-04-08","82",",,S","55",",,S"
"MXM00076680","MEXICO CITY, MX","2019-04-10",,,,
"MXM00076680","MEXICO CITY, MX","2019-04-11","83",",,S","53",",,S"
"MXM00076680","MEXICO CITY, MX","2019-04-12",,,,
"MXM00076680","MEXICO CITY, MX","2019-04-13",,,,
"MXM00076680","MEXICO CITY, MX","2019-04-14","85",",,S","55",",,S"
"MXM00076680","MEXICO CITY, MX","2019-04-15","85",",,S","54",",,S"
"MXM00076680","MEXICO CITY, MX","2019-04-16","87",",,S","54",",,S"
"MXM00076680","MEXICO CITY, MX","2019-04-17","87",",,S","60",",,S"
"MXM00076680","MEXICO CITY, MX","2019-04-18","89",",,S","60",",,S"
"MXM00076680","MEXICO CITY, MX","2019-04-19","90",",,S","51",",,S"
"MXM00076680","MEXICO CITY, MX","2019-04-20",,,,
"MXM00076680","MEXICO CITY, MX","2019-04-21",,,,
"MXM00076680","MEXICO CITY, MX","2019-04-22","88",",,S","57",",,S"
"MXM00076680","MEXICO CITY, MX","2019-04-23",,,,
"MXM00076680","MEXICO CITY, MX","2019-04-26","87",",,S","57",",,S"
"MXM00076680","MEXICO CITY, MX","2019-04-27","81",",,S","56",",,S"
"MXM00076680","MEXICO CITY, MX","2019-04-28","84",",,S","56",",,S"
"MXM00076680","MEXICO CITY, MX","2019-04-29",,,,
"MXM00076680","MEXICO CITY, MX","2019-04-30","84",",,S","55",",,S"
"MXM00076680","MEXICO CITY, MX","2019-05-01","85",",,S","55",",,S"
"MXM00076680","MEXICO CITY, MX","2019-05-02","86",",,S","55",",,S"
"MXM00076680","MEXICO CITY, MX","2019-05-03","85",",,S","57",",,S"
"MXM00076680","MEXICO CITY, MX","2019-05-04","83",",,S","57",",,S"
"MXM00076680","MEXICO CITY, MX","2019-05-06","82",",,S","50",",,S"
"MXM00076680","MEXICO CITY, MX","2019-05-07",,,,
"MXM00076680","MEXICO CITY, MX","2019-05-08","87",",,S","56",",,S"
"MXM00076680","MEXICO CITY, MX","2019-05-09","85",",,S","58",",,S"
"MXM00076680","MEXICO CITY, MX","2019-05-10",,,,
"MXM00076680","MEXICO CITY, MX","2019-05-11","88",",,S","59",",,S"
"MXM00076680","MEXICO CITY, MX","2019-05-12","87",",,S","59",",,S"
"MXM00076680","MEXICO CITY, MX","2019-05-13","87",",,S","59",",,S"
"MXM00076680","MEXICO CITY, MX","2019-05-14","86",",,S","58",",,S"
"MXM00076680","MEXICO CITY, MX","2019-05-15","89",",,S","58",",,S"
"MXM00076680","MEXICO CITY, MX","2019-05-16","87",",,S","58",",,S"
"MXM00076680","MEXICO CITY, MX","2019-05-17","81",",,S","58",",,S"
"MXM00076680","MEXICO CITY, MX","2019-05-18",,,,
"MXM00076680","MEXICO CITY, MX","2019-05-19","86",",,S","56",",,S"
"MXM00076680","MEXICO CITY, MX","2019-05-20","88",",,S","58",",,S"
"MXM00076680","MEXICO CITY, MX","2019-05-21","86",",,S","62",",,S"
"MXM00076680","MEXICO CITY, MX","2019-05-22","88",",,S","58",",,S"
"MXM00076680","MEXICO CITY, MX","2019-05-23","88",",,S","58",",,S"
"MXM00076680","MEXICO CITY, MX","2019-05-24","86",",,S","55",",,S"
"MXM00076680","MEXICO CITY, MX","2019-05-25","82",",,S","59",",,S"
"MXM00076680","MEXICO CITY, MX","2019-05-26","84",",,S","57",",,S"
"MXM00076680","MEXICO CITY, MX","2019-05-27","84",",,S","57",",,S"
"MXM00076680","MEXICO CITY, MX","2019-05-28","84",",,S","58",",,S"
"MXM00076680","MEXICO CITY, MX","2019-05-29","85",",,S","61",",,S"
"MXM00076680","MEXICO CITY, MX","2019-05-30","87",",,S","62",",,S"
"MXM00076680","MEXICO CITY, MX","2019-05-31","86",",,S","61",",,S"
"MXM00076680","MEXICO CITY, MX","2019-06-01","86",",,S","59",",,S"
"MXM00076680","MEXICO CITY, MX","2019-06-02",,,,
"MXM00076680","MEXICO CITY, MX","2019-06-03","72",",,S","58",",,S"
"MXM00076680","MEXICO CITY, MX","2019-06-04",,,,
"MXM00076680","MEXICO CITY, MX","2019-06-05","78",",,S","58",",,S"
"MXM00076680","MEXICO CITY, MX","2019-06-06","73",",,S","58",",,S"
"MXM00076680","MEXICO CITY, MX","2019-06-07","81",",,S","56",",,S"
"MXM00076680","MEXICO CITY, MX","2019-06-08","81",",,S","56",",,S"
"MXM00076680","MEXICO CITY, MX","2019-06-09",,,,
"MXM00076680","MEXICO CITY, MX","2019-06-10","85",",,S","56",",,S"
"MXM00076680","MEXICO CITY, MX","2019-06-11","79",",,S","56",",,S"
"MXM00076680","MEXICO CITY, MX","2019-06-12",,,,
"MXM00076680","MEXICO CITY, MX","2019-06-13","80",",,S","57",",,S"
"MXM00076680","MEXICO CITY, MX","2019-06-14",,,,
"MXM00076680","MEXICO CITY, MX","2019-06-15",,,,
"MXM00076680","MEXICO CITY, MX","2019-06-16","83",",,S","58",",,S"
"MXM00076680","MEXICO CITY, MX","2019-06-17","85",",,S","61",",,S"
"MXM00076680","MEXICO CITY, MX","2019-06-19","87",",,S","60",",,S"
"MXM00076680","MEXICO CITY, MX","2019-06-20","83",",,S","59",",,S"
"MXM00076680","MEXICO CITY, MX","2019-06-21",,,,
"MXM00076680","MEXICO CITY, MX","2019-06-22","88",",,S","60",",,S"
"MXM00076680","MEXICO CITY, MX","2019-06-23","79",",,S","61",",,S"
"MXM00076680","MEXICO CITY, MX","2019-06-24","72",",,S","58",",,S"
"MXM00076680","MEXICO CITY, MX","2019-06-25","73",",,S","57",",,S"
"MXM00076680","MEXICO CITY, MX","2019-06-26",,,,
"MXM00076680","MEXICO CITY, MX","2019-06-27","81",",,S","57",",,S"
"MXM00076680","MEXICO CITY, MX","2019-06-28","77",",,S","54",",,S"
"MXM00076680","MEXICO CITY, MX","2019-06-29","78",",,S","54",",,S"
"MXM00076680","MEXICO CITY, MX","2019-06-30",,,,
"MXM00076680","MEXICO CITY, MX","2019-07-01","77",",,S","52",",,S"
"MXM00076680","MEXICO CITY, MX","2019-07-02","76",",,S","56",",,S"
"MXM00076680","MEXICO CITY, MX","2019-07-03","74",",,S","54",",,S"
"MXM00076680","MEXICO CITY, MX","2019-07-04",,,,
"MXM00076680","MEXICO CITY, MX","2019-07-05",,,,
"MXM00076680","MEXICO CITY, MX","2019-07-06","83",",,S","57",",,S"
"MXM00076680","MEXICO CITY, MX","2019-07-07",,,,
"MXM00076680","MEXICO CITY, MX","2019-07-08","82",",,S","55",",,S"
"MXM00076680","MEXICO CITY, MX","2019-07-09","79",",,S","54",",,S"
"MXM00076680","MEXICO CITY, MX","2019-07-10","81",",,S","58",",,S"
"MXM00076680","MEXICO CITY, MX","2019-07-11","77",",,S","57",",,S"
"MXM00076680","MEXICO CITY, MX","2019-07-12","73",",,S","55",",,S"
"MXM00076680","MEXICO CITY, MX","2019-07-13",,,,
"MXM00076680","MEXICO CITY, MX","2019-07-14",,,,
"MXM00076680","MEXICO CITY, MX","2019-07-15","80",",,S","55",",,S"
"MXM00076680","MEXICO CITY, MX","2019-07-16","81",",,S","58",",,S"
"MXM00076680","MEXICO CITY, MX","2019-07-17","80",",,S","55",",,S"
"MXM00076680","MEXICO CITY, MX","2019-07-18","74",",,S","55",",,S"
"MXM00076680","MEXICO CITY, MX","2019-07-19","79",",,S","55",",,S"
"MXM00076680","MEXICO CITY, MX","2019-07-20",,,,
"MXM00076680","MEXICO CITY, MX","2019-07-21","78",",,S","55",",,S"
"MXM00076680","MEXICO CITY, MX","2019-07-22",,,,
"MXM00076680","MEXICO CITY, MX","2019-07-23","77",",,S","54",",,S"
"MXM00076680","MEXICO CITY, MX","2019-07-24","76",",,S","55",",,S"
"MXM00076680","MEXICO CITY, MX","2019-07-25","74",",,S","55",",,S"
"MXM00076680","MEXICO CITY, MX","2019-07-26","70",",,S","54",",,S"
"MXM00076680","MEXICO CITY, MX","2019-07-27",,,,
"MXM00076680","MEXICO CITY, MX","2019-07-28",,,,
"MXM00076680","MEXICO CITY, MX","2019-07-29","80",",,S","54",",,S"
"MXM00076680","MEXICO CITY, MX","2019-07-30","76",",,S","54",",,S"
"MXM00076680","MEXICO CITY, MX","2019-07-31","78",",,S","54",",,S"
"MXM00076680","MEXICO CITY, MX","2019-08-01","77",",,S","55",",,S"
"MXM00076680","MEXICO CITY, MX","2019-08-02","80",",,S","55",",,S"
"MXM00076680","MEXICO CITY, MX","2019-08-03","78",",,S","55",",,S"
"MXM00076680","MEXICO CITY, MX","2019-08-04","80",",,S","55",",,S"
"MXM00076680","MEXICO CITY, MX","2019-08-05","79",",,S","59",",,S"
"MXM00076680","MEXICO CITY, MX","2019-08-06","77",",,S","56",",,S"
"MXM00076680","MEXICO CITY, MX","2019-08-07","78",",,S","56",",,S"
"MXM00076680","MEXICO CITY, MX","2019-08-08",,,,
"MXM00076680","MEXICO CITY, MX","2019-08-09","82",",,S","55",",,S"
"MXM00076680","MEXICO CITY, MX","2019-08-10","81",",,S","58",",,S"
"MXM00076680","MEXICO CITY, MX","2019-08-11","80",",,S","58",",,S"
"MXM00076680","MEXICO CITY, MX","2019-08-12","80",",,S","58",",,S"
"MXM00076680","MEXICO CITY, MX","2019-08-13","80",",,S","56",",,S"
"MXM00076680","MEXICO CITY, MX","2019-08-14","83",",,S","54",",,S"
"MXM00076680","MEXICO CITY, MX","2019-08-15","82",",,S","58",",,S"
"MXM00076680","MEXICO CITY, MX","2019-08-16","83",",,S","57",",,S"
"MXM00076680","MEXICO CITY, MX","2019-08-17","83",",,S","57",",,S"
"MXM00076680","MEXICO CITY, MX","2019-08-18","82",",,S","59",",,S"
"MXM00076680","MEXICO CITY, MX","2019-08-19","82",",,S","59",",,S"
"MXM00076680","MEXICO CITY, MX","2019-08-20",,,,
"MXM00076680","MEXICO CITY, MX","2019-08-21","81",",,S","53",",,S"
"MXM00076680","MEXICO CITY, MX","2019-08-22","79",",,S","54",",,S"
"MXM00076680","MEXICO CITY, MX","2019-08-23","80",",,S","60",",,S"
"MXM00076680","MEXICO CITY, MX","2019-08-24","81",",,S","58",",,S"
"MXM00076680","MEXICO CITY, MX","2019-08-25",,,,
"MXM00076680","MEXICO CITY, MX","2019-08-26","85",",,S","56",",,S"
"MXM00076680","MEXICO CITY, MX","2019-08-27","82",",,S","56",",,S"
"MXM00076680","MEXICO CITY, MX","2019-08-28","82",",,S","58",",,S"
"MXM00076680","MEXICO CITY, MX","2019-08-29","82",",,S","56",",,S"
"MXM00076680","MEXICO CITY, MX","2019-08-30","81",",,S","54",",,S"
"MXM00076680","MEXICO CITY, MX","2019-08-31",,,,
"MXM00076680","MEXICO CITY, MX","2019-09-01","81",",,S","55",",,S"
"MXM00076680","MEXICO CITY, MX","2019-09-02","80",",,S","55",",,S"
"MXM00076680","MEXICO CITY, MX","2019-09-03","78",",,S","57",",,S"
"MXM00076680","MEXICO CITY, MX","2019-09-04","77",",,S","58",",,S"
"MXM00076680","MEXICO CITY, MX","2019-09-05","77",",,S","58",",,S"
"MXM00076680","MEXICO CITY, MX","2019-09-06","80",",,S","58",",,S"
"MXM00076680","MEXICO CITY, MX","2019-09-07","77",",,S","56",",,S"
"MXM00076680","MEXICO CITY, MX","2019-09-08","76",",,S","56",",,S"
"MXM00076680","MEXICO CITY, MX","2019-09-09","79",",,S","56",",,S"
"MXM00076680","MEXICO CITY, MX","2019-09-10",,,,
"MXM00076680","MEXICO CITY, MX","2019-09-11","70",",,S","56",",,S"
"MXM00076680","MEXICO CITY, MX","2019-09-12","77",",,S","57",",,S"
"MXM00076680","MEXICO CITY, MX","2019-09-13","76",",,S","56",",,S"
"MXM00076680","MEXICO CITY, MX","2019-09-14","67",",,S","56",",,S"
"MXM00076680","MEXICO CITY, MX","2019-09-15",,,,
"MXM00076680","MEXICO CITY, MX","2019-09-16","80",",,S","55",",,S"
"MXM00076680","MEXICO CITY, MX","2019-09-17","80",",,S","57",",,S"
"MXM00076680","MEXICO CITY, MX","2019-09-19","77",",,S","58",",,S"
"MXM00076680","MEXICO CITY, MX","2019-09-20","72",",,S","55",",,S"
"MXM00076680","MEXICO CITY, MX","2019-09-21","80",",,S","56",",,S"
"MXM00076680","MEXICO CITY, MX","2019-09-22","80",",,S","56",",,S"
"MXM00076680","MEXICO CITY, MX","2019-09-23",,,,
"MXM00076680","MEXICO CITY, MX","2019-09-24","81",",,S","55",",,S"
"MXM00076680","MEXICO CITY, MX","2019-09-25","80",",,S","58",",,S"
"MXM00076680","MEXICO CITY, MX","2019-09-26",,,,
"MXM00076680","MEXICO CITY, MX","2019-09-27","80",",,S","56",",,S"
"MXM00076680","MEXICO CITY, MX","2019-09-28","81",",,S","57",",,S"
"MXM00076680","MEXICO CITY, MX","2019-09-29",,,,
"MXM00076680","MEXICO CITY, MX","2019-10-01","77",",,S","56",",,S"
"MXM00076680","MEXICO CITY, MX","2019-10-03","79",",,S","55",",,S"
"MXM00076680","MEXICO CITY, MX","2019-10-04","80",",,S","58",",,S"
"MXM00076680","MEXICO CITY, MX","2019-10-05","78",",,S","56",",,S"
"MXM00076680","MEXICO CITY, MX","2019-10-06","77",",,S","56",",,S"
"MXM00076680","MEXICO CITY, MX","2019-10-07","78",",,S","54",",,S"
"MXM00076680","MEXICO CITY, MX","2019-10-09","72",",,S","54",",,S"
"MXM00076680","MEXICO CITY, MX","2019-10-11","82",",,S","59",",,S"
"MXM00076680","MEXICO CITY, MX","2019-10-12","80",",,S","58",",,S"
"MXM00076680","MEXICO CITY, MX","2019-10-13",,,,
"MXM00076680","MEXICO CITY, MX","2019-10-14","81",",,S","56",",,S"
"MXM00076680","MEXICO CITY, MX","2019-10-15","83",",,S","56",",,S"
"MXM00076680","MEXICO CITY, MX","2019-10-16","82",",,S","56",",,S"
"MXM00076680","MEXICO CITY, MX","2019-10-17",,,,
"MXM00076680","MEXICO CITY, MX","2019-10-18",,,,
"MXM00076680","MEXICO CITY, MX","2019-10-19",,,,
"MXM00076680","MEXICO CITY, MX","2019-10-20","80",",,S","58",",,S"
"MXM00076680","MEXICO CITY, MX","2019-10-21","78",",,S","57",",,S"
"MXM00076680","MEXICO CITY, MX","2019-10-22","69",",,S","57",",,S"
"MXM00076680","MEXICO CITY, MX","2019-10-23","70",",,S","55",",,S"
"MXM00076680","MEXICO CITY, MX","2019-10-24","74",",,S","55",",,S"
"MXM00076680","MEXICO CITY, MX","2019-10-25","76",",,S","55",",,S"
"MXM00076680","MEXICO CITY, MX","2019-10-26","71",",,S","55",",,S"
"MXM00076680","MEXICO CITY, MX","2019-10-27",,,,
"MXM00076680","MEXICO CITY, MX","2019-10-28",,,,
"MXM00076680","MEXICO CITY, MX","2019-10-29","79",",,S","58",",,S"
"MXM00076680","MEXICO CITY, MX","2019-10-30",,,,
"MXM00076680","MEXICO CITY, MX","2019-10-31","77",",,S","55",",,S"
"MXM00076680","MEXICO CITY, MX","2019-11-01","68",",,S","52",",,S"
"MXM00076680","MEXICO CITY, MX","2019-11-03",,,,
"MXM00076680","MEXICO CITY, MX","2019-11-04",,,,
"MXM00076680","MEXICO CITY, MX","2019-11-05","76",",,S","53",",,S"
"MXM00076680","MEXICO CITY, MX","2019-11-06","76",",,S","52",",,S"
"MXM00076680","MEXICO CITY, MX","2019-11-08","78",",,S","55",",,S"
"MXM00076680","MEXICO CITY, MX","2019-11-09","77",",,S","56",",,S"
"MXM00076680","MEXICO CITY, MX","2019-11-10","75",",,S","51",",,S"
"MXM00076680","MEXICO CITY, MX","2019-11-11","78",",,S","51",",,S"
"MXM00076680","MEXICO CITY, MX","2019-11-12","78",",,S","54",",,S"
"MXM00076680","MEXICO CITY, MX","2019-11-13","74",",,S","52",",,S"
"MXM00076680","MEXICO CITY, MX","2019-11-14",,,,
"MXM00076680","MEXICO CITY, MX","2019-11-15","76",",,S","51",",,S"
"MXM00076680","MEXICO CITY, MX","2019-11-16","73",",,S","50",",,S"
"MXM00076680","MEXICO CITY, MX","2019-11-17",,,,
"MXM00076680","MEXICO CITY, MX","2019-11-18","76",",,S","52",",,S"
"MXM00076680","MEXICO CITY, MX","2019-11-19",,,,
"MXM00076680","MEXICO CITY, MX","2019-11-20","76",",,S","54",",,S"
"MXM00076680","MEXICO CITY, MX","2019-11-21","77",",,S","54",",,S"
"MXM00076680","MEXICO CITY, MX","2019-11-22","78",",,S","54",",,S"
"MXM00076680","MEXICO CITY, MX","2019-11-23","80",",,S","54",",,S"
"MXM00076680","MEXICO CITY, MX","2019-11-24","78",",,S","52",",,S"
"MXM00076680","MEXICO CITY, MX","2019-11-26","81",",,S","53",",,S"
"MXM00076680","MEXICO CITY, MX","2019-11-27","80",",,S","55",",,S"
"MXM00076680","MEXICO CITY, MX","2019-11-28","82",",,S","52",",,S"
"MXM00076680","MEXICO CITY, MX","2019-11-30","80",",,S","54",",,S"
"MXM00076680","MEXICO CITY, MX","2019-12-01","79",",,S","55",",,S"
"MXM00076680","MEXICO CITY, MX","2019-12-02","79",",,S","51",",,S"
"MXM00076680","MEXICO CITY, MX","2019-12-03","73",",,S","51",",,S"
"MXM00076680","MEXICO CITY, MX","2019-12-04","76",",,S","51",",,S"
"MXM00076680","MEXICO CITY, MX","2019-12-05","75",",,S","49",",,S"
"MXM00076680","MEXICO CITY, MX","2019-12-06","75",",,S","49",",,S"
"MXM00076680","MEXICO CITY, MX","2019-12-07","77",",,S","49",",,S"
"MXM00076680","MEXICO CITY, MX","2019-12-08",,,,
"MXM00076680","MEXICO CITY, MX","2019-12-09","77",",,S","47",",,S"
"MXM00076680","MEXICO CITY, MX","2019-12-10",,,,
"MXM00076680","MEXICO CITY, MX","2019-12-11","80",",,S","49",",,S"
"MXM00076680","MEXICO CITY, MX","2019-12-12",,,,
"MXM00076680","MEXICO CITY, MX","2019-12-13","74",",,S","47",",,S"
"MXM00076680","MEXICO CITY, MX","2019-12-14",,,,
"MXM00076680","MEXICO CITY, MX","2019-12-15","77",",,S","47",",,S"
"MXM00076680","MEXICO CITY, MX","2019-12-16","78",",,S","47",",,S"
"MXM00076680","MEXICO CITY, MX","2019-12-17","74",",,S","47",",,S"
"MXM00076680","MEXICO CITY, MX","2019-12-18","76",",,S","45",",,S"
"MXM00076680","MEXICO CITY, MX","2019-12-19",,,,
"MXM00076680","MEXICO CITY, MX","2019-12-20","71",",,S","42",",,S"
"MXM00076680","MEXICO CITY, MX","2019-12-23",,,,
"MXM00076680","MEXICO CITY, MX","2019-12-24","72",",,S","45",",,S"
"MXM00076680","MEXICO CITY, MX","2019-12-30",,,,
"MXM00076680","MEXICO CITY, MX","2019-12-31","75",",,S","49",",,S"
"MXM00076680","MEXICO CITY, MX","2020-01-02","77",",,S","50",",,S"
"MXM00076680","MEXICO CITY, MX","2020-01-03",,,,
"MXM00076680","MEXICO CITY, MX","2020-01-04",,,,
"MXM00076680","MEXICO CITY, MX","2020-01-05",,,,
"MXM00076680","MEXICO CITY, MX","2020-01-06",,,,
"MXM00076680","MEXICO CITY, MX","2020-01-07","78",",,S","42",",,S"
"MXM00076680","MEXICO CITY, MX","2020-01-08",,,,
"MXM00076680","MEXICO CITY, MX","2020-01-09","74",",,S","42",",,S"
"MXM00076680","MEXICO CITY, MX","2020-01-13","78",",,S","49",",,S"
"MXM00076680","MEXICO CITY, MX","2020-01-14",,,,
"MXM00076680","MEXICO CITY, MX","2020-01-15","79",",,S","49",",,S"
"MXM00076680","MEXICO CITY, MX","2020-01-16","78",",,S","52",",,S"
"MXM00076680","MEXICO CITY, MX","2020-01-17","75",",,S","50",",,S"
"MXM00076680","MEXICO CITY, MX","2020-01-18","74",",,S","50",",,S"
"MXM00076680","MEXICO CITY, MX","2020-01-19","74",",,S","51",",,S"
"MXM00076680","MEXICO CITY, MX","2020-01-20",,,,
"MXM00076680","MEXICO CITY, MX","2020-01-21",,,,
"MXM00076680","MEXICO CITY, MX","2020-01-22",,,,
"MXM00076680","MEXICO CITY, MX","2020-01-23","74",",,S","43",",,S"
"MXM00076680","MEXICO CITY, MX","2020-01-24",,,,
"MXM00076680","MEXICO CITY, MX","2020-01-25",,,,
"MXM00076680","MEXICO CITY, MX","2020-01-26","72",",,S","47",",,S"
"MXM00076680","MEXICO CITY, MX","2020-01-27","76",",,S","50",",,S"
"MXM00076680","MEXICO CITY, MX","2020-01-28","75",",,S","45",",,S"
"MXM00076680","MEXICO CITY, MX","2020-01-29","76",",,S","45",",,S"
"MXM00076680","MEXICO CITY, MX","2020-01-30","76",",,S","46",",,S"
"MXM00076680","MEXICO CITY, MX","2020-01-31","72",",,S","50",",,S"
"MXM00076680","MEXICO CITY, MX","2020-02-01","76",",,S","51",",,S"
"MXM00076680","MEXICO CITY, MX","2020-02-02","71",",,S","51",",,S"
"MXM00076680","MEXICO CITY, MX","2020-02-03","71",",,S","51",",,S"
"MXM00076680","MEXICO CITY, MX","2020-02-04",,,,
"MXM00076680","MEXICO CITY, MX","2020-02-06",,,,
"MXM00076680","MEXICO CITY, MX","2020-02-07",,,,
"MXM00076680","MEXICO CITY, MX","2020-02-08","82",",,S","50",",,S"
"MXM00076680","MEXICO CITY, MX","2020-02-09","81",",,S","50",",,S"
"MXM00076680","MEXICO CITY, MX","2020-02-10",,,,
"MXM00076680","MEXICO CITY, MX","2020-02-11","85",",,S","54",",,S"
"MXM00076680","MEXICO CITY, MX","2020-02-12","84",",,S","54",",,S"
"MXM00076680","MEXICO CITY, MX","2020-02-13","79",",,S","53",",,S"
"MXM00076680","MEXICO CITY, MX","2020-02-14",,,,
"MXM00076680","MEXICO CITY, MX","2020-02-15",,,,
"MXM00076680","MEXICO CITY, MX","2020-02-16","78",",,S","52",",,S"
"MXM00076680","MEXICO CITY, MX","2020-02-18","87",",,S","52",",,S"
"MXM00076680","MEXICO CITY, MX","2020-02-19","86",",,S","53",",,S"
"MXM00076680","MEXICO CITY, MX","2020-02-20","84",",,S","52",",,S"
"MXM00076680","MEXICO CITY, MX","2020-02-21","79",",,S","51",",,S"
"MXM00076680","MEXICO CITY, MX","2020-02-22","79",",,S","50",",,S"
"MXM00076680","MEXICO CITY, MX","2020-02-23",,,,
"MXM00076680","MEXICO CITY, MX","2020-02-24","83",",,S","55",",,S"
"MXM00076680","MEXICO CITY, MX","2020-02-25","84",",,S","54",",,S"
"MXM00076680","MEXICO CITY, MX","2020-02-26","81",",,S","52",",,S"
"MXM00076680","MEXICO CITY, MX","2020-02-27",,,,
"MXM00076680","MEXICO CITY, MX","2020-02-28","80",",,S","42",",,S"
"MXM00076680","MEXICO CITY, MX","2020-02-29","79",",,S","51",",,S"
"MXM00076680","MEXICO CITY, MX","2020-03-01","81",",,S","51",",,S"
"MXM00076680","MEXICO CITY, MX","2020-03-02","83",",,S","55",",,S"
"MXM00076680","MEXICO CITY, MX","2020-03-03","81",",,S","56",",,S"
"MXM00076680","MEXICO CITY, MX","2020-03-04",,,,
"MXM00076680","MEXICO CITY, MX","2020-03-05","85",",,S","54",",,S"
"MXM00076680","MEXICO CITY, MX","2020-03-06","83",",,S","48",",,S"
"MXM00076680","MEXICO CITY, MX","2020-03-07","71",",,S","46",",,S"
"MXM00076680","MEXICO CITY, MX","2020-03-08",,,,
"MXM00076680","MEXICO CITY, MX","2020-03-09","81",",,S","50",",,S"
"MXM00076680","MEXICO CITY, MX","2020-03-10","85",",,S","50",",,S"
"MXM00076680","MEXICO CITY, MX","2020-03-11","83",",,S","51",",,S"
"MXM00076680","MEXICO CITY, MX","2020-03-12",,,,
"MXM00076680","MEXICO CITY, MX","2020-03-13","84",",,S","54",",,S"
"MXM00076680","MEXICO CITY, MX","2020-03-14","85",",,S","57",",,S"
"MXM00076680","MEXICO CITY, MX","2020-03-15","86",",,S","57",",,S"
"MXM00076680","MEXICO CITY, MX","2020-03-16","83",",,S","56",",,S"
"MXM00076680","MEXICO CITY, MX","2020-03-17","79",",,S","53",",,S"
"MXM00076680","MEXICO CITY, MX","2020-03-18","80",",,S","53",",,S"
"MXM00076680","MEXICO CITY, MX","2020-03-19",,,,
"MXM00076680","MEXICO CITY, MX","2020-03-23","83",",,S","55",",,S"
"MXM00076680","MEXICO CITY, MX","2020-03-24","86",",,S","55",",,S"
"MXM00076680","MEXICO CITY, MX","2020-03-25","89",",,S","55",",,S"
"MXM00076680","MEXICO CITY, MX","2020-03-26","90",",,S","56",",,S"
"MXM00076680","MEXICO CITY, MX","2020-03-27","91",",,S","57",",,S"
"MXM00076680","MEXICO CITY, MX","2020-03-31","87",",,S","56",",,S"
"MXM00076680","MEXICO CITY, MX","2020-04-01","84",",,S","55",",,S"
"MXM00076680","MEXICO CITY, MX","2020-04-02","85",",,S","55",",,S"
"MXM00076680","MEXICO CITY, MX","2020-04-03","83",",,S","56",",,S"
"MXM00076680","MEXICO CITY, MX","2020-04-04","85",",,S","56",",,S"
"MXM00076680","MEXICO CITY, MX","2020-04-05",,,,
"MXM00076680","MEXICO CITY, MX","2020-04-06","88",",,S","59",",,S"
"MXM00076680","MEXICO CITY, MX","2020-04-07","86",",,S","59",",,S"
"MXM00076680","MEXICO CITY, MX","2020-04-08","83",",,S","61",",,S"
"MXM00076680","MEXICO CITY, MX","2020-04-11",,,,
"MXM00076680","MEXICO CITY, MX","2020-04-12","88",",,S","59",",,S"
"MXM00076680","MEXICO CITY, MX","2020-04-13",,,,
"MXM00076680","MEXICO CITY, MX","2020-04-14","90",",,S","59",",,S"
"MXM00076680","MEXICO CITY, MX","2020-04-15","88",",,S","58",",,S"
"MXM00076680","MEXICO CITY, MX","2020-04-16","88",",,S","58",",,S"
"MXM00076680","MEXICO CITY, MX","2020-04-17","87",",,S","58",",,S"
"MXM00076680","MEXICO CITY, MX","2020-04-18","87",",,S","62",",,S"
"MXM00076680","MEXICO CITY, MX","2020-04-19","86",",,S","61",",,S"
"MXM00076680","MEXICO CITY, MX","2020-04-20","86",",,S","60",",,S"
"MXM00076680","MEXICO CITY, MX","2020-04-21","89",",,S","60",",,S"
"MXM00076680","MEXICO CITY, MX","2020-04-22","87",",,S","58",",,S"
"MXM00076680","MEXICO CITY, MX","2020-04-23","89",",,S","58",",,S"
"MXM00076680","MEXICO CITY, MX","2020-04-24","84",",,S","61",",,S"
"MXM00076680","MEXICO CITY, MX","2020-04-25","87",",,S","58",",,S"
"MXM00076680","MEXICO CITY, MX","2020-04-26","85",",,S","58",",,S"
"MXM00076680","MEXICO CITY, MX","2020-04-27","81",",,S","54",",,S"
"MXM00076680","MEXICO CITY, MX","2020-04-28","82",",,S","54",",,S"
"MXM00076680","MEXICO CITY, MX","2020-04-29","82",",,S","57",",,S"
"MXM00076680","MEXICO CITY, MX","2020-04-30",,,,
"MXM00076680","MEXICO CITY, MX","2020-05-01",,,,
"MXM00076680","MEXICO CITY, MX","2020-05-02","79",",,S","51",",,S"
"MXM00076680","MEXICO CITY, MX","2020-05-03",,,,
"MXM00076680","MEXICO CITY, MX","2020-05-04","85",",,S","56",",,S"
"MXM00076680","MEXICO CITY, MX","2020-05-05","86",",,S","57",",,S"
"MXM00076680","MEXICO CITY, MX","2020-05-06","84",",,S","53",",,S"
"MXM00076680","MEXICO CITY, MX","2020-05-07","71",",,S","52",",,S"
"MXM00076680","MEXICO CITY, MX","2020-05-08","74",",,S","53",",,S"
"MXM00076680","MEXICO CITY, MX","2020-05-12",,,,
"MXM00076680","MEXICO CITY, MX","2020-05-13",,,,
"MXM00076680","MEXICO CITY, MX","2020-05-16",,,,
"MXM00076680","MEXICO CITY, MX","2020-05-17","85",",,S","61",",,S"
"MXM00076680","MEXICO CITY, MX","2020-05-23",,,,
"MXM00076680","MEXICO CITY, MX","2020-05-24","84",",,S","62",",,S"
"MXM00076680","MEXICO CITY, MX","2020-05-25","86",",,S","60",",,S"
"MXM00076680","MEXICO CITY, MX","2020-05-30","76",",,S","55",",,S"
"MXM00076680","MEXICO CITY, MX","2020-05-31","75",",,S","55",",,S"
"MXM00076680","MEXICO CITY, MX","2020-06-01","71",",,S","54",",,S"
"MXM00076680","MEXICO CITY, MX","2020-06-07",,,,
"MXM00076680","MEXICO CITY, MX","2020-06-08","85",",,S","61",",,S"
"MXM00076680","MEXICO CITY, MX","2020-06-13",,,,
"MXM00076680","MEXICO CITY, MX","2020-06-14","79",",,S","53",",,S"
"MXM00076680","MEXICO CITY, MX","2020-06-27",,,,
"MXM00076680","MEXICO CITY, MX","2020-06-28","87",",,S","59",",,S"
"MXM00076680","MEXICO CITY, MX","2020-06-29","87",",,S","58",",,S"
"MXM00076680","MEXICO CITY, MX","2020-07-04","83",",,S","58",",,S"
"MXM00076680","MEXICO CITY, MX","2020-07-05","81",",,S","59",",,S"
"MXM00076680","MEXICO CITY, MX","2020-07-06","75",",,S","58",",,S"
"MXM00076680","MEXICO CITY, MX","2020-07-12",,,,
"MXM00076680","MEXICO CITY, MX","2020-07-13","74",",,S","54",",,S"
"MXM00076680","MEXICO CITY, MX","2020-07-19","81",",,S","55",",,S"
"MXM00076680","MEXICO CITY, MX","2020-07-20","79",",,S","54",",,S"
"MXM00076680","MEXICO CITY, MX","2020-07-27","79",",,S","58",",,S"
"MXM00076680","MEXICO CITY, MX","2020-08-01","75",",,S","57",",,S"
"MXM00076680","MEXICO CITY, MX","2020-08-02",,,,
"MXM00076680","MEXICO CITY, MX","2020-08-03","72",",,S","57",",,S"
"MXM00076680","MEXICO CITY, MX","2020-08-08","77",",,S","58",",,S"
"MXM00076680","MEXICO CITY, MX","2020-08-09","74",",,S","57",",,S"
"MXM00076680","MEXICO CITY, MX","2020-08-10","73",",,S","56",",,S"
"MXM00076680","MEXICO CITY, MX","2020-08-16","76",",,S","54",",,S"
"MXM00076680","MEXICO CITY, MX","2020-08-17","81",",,S","54",",,S"
"MXM00076680","MEXICO CITY, MX","2020-08-22","82",",,S","58",",,S"
"MXM00076680","MEXICO CITY, MX","2020-08-23","79",",,S","58",",,S"
"MXM00076680","MEXICO CITY, MX","2020-08-24","80",",,S","56",",,S"
"MXM00076680","MEXICO CITY, MX","2020-08-29","80",",,S","59",",,S"
"MXM00076680","MEXICO CITY, MX","2020-09-05","72",",,S","57",",,S"
"MXM00076680","MEXICO CITY, MX","2020-09-12",,,,
"MXM00076680","MEXICO CITY, MX","2020-09-13",,,,
"MXM00076680","MEXICO CITY, MX","2020-09-14","74",",,S","54",",,S"
"MXM00076680","MEXICO CITY, MX","2020-09-16","77",",,S","59",",,S"
"MXM00076680","MEXICO CITY, MX","2020-09-19","63",",,S","54",",,S"
"MXM00076680","MEXICO CITY, MX","2020-09-20",,,,
"MXM00076680","MEXICO CITY, MX","2020-09-21","73",",,S","56",",,S"
"MXM00076680","MEXICO CITY, MX","2020-09-26","74",",,S","55",",,S"
"MXM00076680","MEXICO CITY, MX","2020-09-27",,,,
"MXM00076680","MEXICO CITY, MX","2020-09-28","76",",,S","58",",,S"
"MXM00076680","MEXICO CITY, MX","2020-10-03",,,,
"MXM00076680","MEXICO CITY, MX","2020-10-04","76",",,S","53",",,S"
"MXM00076680","MEXICO CITY, MX","2020-10-05","73",",,S","45",",,S"
"MXM00076680","MEXICO CITY, MX","2020-10-11",,,,
"MXM00076680","MEXICO CITY, MX","2020-10-12","84",",,S","56",",,S"
"MXM00076680","MEXICO CITY, MX","2020-10-24","77",",,S","50",",,S"
"MXM00076680","MEXICO CITY, MX","2020-10-25",,,,
"MXM00076680","MEXICO CITY, MX","2020-10-26",,,,
"MXM00076680","MEXICO CITY, MX","2020-11-08","77",",,S","49",",,S"
"MXM00076680","MEXICO CITY, MX","2020-11-09","78",",,S","51",",,S"
"MXM00076680","MEXICO CITY, MX","2020-11-15","81",",,S","52",",,S"
"MXM00076680","MEXICO CITY, MX","2020-11-16","77",",,S","53",",,S"
"MXM00076680","MEXICO CITY, MX","2020-11-17","71",",,S","51",",,S"
"MXM00076680","MEXICO CITY, MX","2020-11-21",,,,
"MXM00076680","MEXICO CITY, MX","2020-11-22",,,,
"MXM00076680","MEXICO CITY, MX","2020-11-23","74",",,S","48",",,S"
"MXM00076680","MEXICO CITY, MX","2020-11-27","81",",,S","50",",,S"
"MXM00076680","MEXICO CITY, MX","2020-11-28","81",",,S","50",",,S"
"MXM00076680","MEXICO CITY, MX","2020-11-29","80",",,S","51",",,S"
"MXM00076680","MEXICO CITY, MX","2020-12-01","71",",,S","49",",,S"
"MXM00076680","MEXICO CITY, MX","2020-12-06","72",",,S","50",",,S"
"MXM00076680","MEXICO CITY, MX","2020-12-07","74",",,S","50",",,S"
"MXM00076680","MEXICO CITY, MX","2020-12-13",,,,
"MXM00076680","MEXICO CITY, MX","2020-12-14","79",",,S","50",",,S"
"MXM00076680","MEXICO CITY, MX","2020-12-20","75",",,S","51",",,S"
"MXM00076680","MEXICO CITY, MX","2020-12-21","76",",,S","51",",,S"
"MXM00076680","MEXICO CITY, MX","2020-12-26",,,,
"MXM00076680","MEXICO CITY, MX","2020-12-27","76",",,S","47",",,S"
"MXM00076680","MEXICO CITY, MX","2020-12-28","72",",,S","43",",,S"
