"STATION","NAME","DATE","TMAX","TMAX_ATTRIBUTES","TMIN","TMIN_ATTRIBUTES"
"MXM00076680","MEXICO CITY, MX","2020-01-02","77",",,S","50",",,S"
"MXM00076680","MEXICO CITY, MX","2020-01-03",,,,
"MXM00076680","MEXICO CITY, MX","2020-01-04",,,,
"MXM00076680","MEXICO CITY, MX","2020-01-05",,,,
"MXM00076680","MEXICO CITY, MX","2020-01-06",,,,
"MXM00076680","MEXICO CITY, MX","2020-01-07","78",",,S","42",",,S"
"MXM00076680","MEXICO CITY, MX","2020-01-08",,,,
"MXM00076680","MEXICO CITY, MX","2020-01-09","74",",,S","42",",,S"
"MXM00076680","MEXICO CITY, MX","2020-01-13","78",",,S","49",",,S"
"MXM00076680","MEXICO CITY, MX","2020-01-14",,,,
"MXM00076680","MEXICO CITY, MX","2020-01-15","79",",,S","49",",,S"
"MXM00076680","MEXICO CITY, MX","2020-01-16","78",",,S","52",",,S"
"MXM00076680","MEXICO CITY, MX","2020-01-17","75",",,S","50",",,S"
"MXM00076680","MEXICO CITY, MX","2020-01-18","74",",,S","50",",,S"
"MXM00076680","MEXICO CITY, MX","2020-01-19","74",",,S","51",",,S"
"MXM00076680","MEXICO CITY, MX","2020-01-20",,,,
"MXM00076680","MEXICO CITY, MX","2020-01-21",,,,
"MXM00076680","MEXICO CITY, MX","2020-01-22",,,,
"MXM00076680","MEXICO CITY, MX","2020-01-23","74",",,S","43",",,S"
"MXM00076680","MEXICO CITY, MX","2020-01-24",,,,
"MXM00076680","MEXICO CITY, MX","2020-01-25",,,,
"MXM00076680","MEXICO CITY, MX","2020-01-26","72",",,S","47",",,S"
"MXM00076680","MEXICO CITY, MX","2020-01-27","76",",,S","50",",,S"
"MXM00076680","MEXICO CITY, MX","2020-01-28","75",",,S","45",",,S"
"MXM00076680","MEXICO CITY, MX","2020-01-29","76",",,S","45",",,S"
"MXM00076680","MEXICO CITY, MX","2020-01-30","76",",,S","46",",,S"
"MXM00076680","MEXICO CITY, MX","2020-01-31","72",",,S","50",",,S"
"MXM00076680","MEXICO CITY, MX","2020-02-01","76",",,S","51",",,S"
"MXM00076680","MEXICO CITY, MX","2020-02-02","71",",,S","51",",,S"
"MXM00076680","MEXICO CITY, MX","2020-02-03","71",",,S","51",",,S"
"MXM00076680","MEXICO CITY, MX","2020-02-04",,,,
"MXM00076680","MEXICO CITY, MX","2020-02-06",,,,
"MXM00076680","MEXICO CITY, MX","2020-02-07",,,,
"MXM00076680","MEXICO CITY, MX","2020-02-08","82",",,S","50",",,S"
"MXM00076680","MEXICO CITY, MX","2020-02-09","81",",,S","50",",,S"
"MXM00076680","MEXICO CITY, MX","2020-02-10",,,,
"MXM00076680","MEXICO CITY, MX","2020-02-11","85",",,S","54",",,S"
"MXM00076680","MEXICO CITY, MX","2020-02-12","84",",,S","54",",,S"
"MXM00076680","MEXICO CITY, MX","2020-02-13","79",",,S","53",",,S"
"MXM00076680","MEXICO CITY, MX","2020-02-14",,,,
"MXM00076680","MEXICO CITY, MX","2020-02-15",,,,
"MXM00076680","MEXICO CITY, MX","2020-02-16","78",",,S","52",",,S"
"MXM00076680","MEXICO CITY, MX","2020-02-18","87",",,S","52",",,S"
"MXM00076680","MEXICO CITY, MX","2020-02-19","86",",,S","53",",,S"
"MXM00076680","MEXICO CITY, MX","2020-02-20","84",",,S","52",",,S"
"MXM00076680","MEXICO CITY, MX","2020-02-21","79",",,S","51",",,S"
"MXM00076680","MEXICO CITY, MX","2020-02-22","79",",,S","50",",,S"
"MXM00076680","MEXICO CITY, MX","2020-02-23",,,,
"MXM00076680","MEXICO CITY, MX","2020-02-24","83",",,S","55",",,S"
"MXM00076680","MEXICO CITY, MX","2020-02-25","84",",,S","54",",,S"
"MXM00076680","MEXICO CITY, MX","2020-02-26","81",",,S","52",",,S"
"MXM00076680","MEXICO CITY, MX","2020-02-27",,,,
"MXM00076680","MEXICO CITY, MX","2020-02-28","80",",,S","42",",,S"
"MXM00076680","MEXICO CITY, MX","2020-02-29","79",",,S","51",",,S"
"MXM00076680","MEXICO CITY, MX","2020-03-01","81",",,S","51",",,S"
"MXM00076680","MEXICO CITY, MX","2020-03-02","83",",,S","55",",,S"
"MXM00076680","MEXICO CITY, MX","2020-03-03","81",",,S","56",",,S"
"MXM00076680","MEXICO CITY, MX","2020-03-04",,,,
"MXM00076680","MEXICO CITY, MX","2020-03-05","85",",,S","54",",,S"
"MXM00076680","MEXICO CITY, MX","2020-03-06","83",",,S","48",",,S"
"MXM00076680","MEXICO CITY, MX","2020-03-07","71",",,S","46",",,S"
"MXM00076680","MEXICO CITY, MX","2020-03-08",,,,
"MXM00076680","MEXICO CITY, MX","2020-03-09","81",",,S","50",",,S"
"MXM00076680","MEXICO CITY, MX","2020-03-10","85",",,S","50",",,S"
"MXM00076680","MEXICO CITY, MX","2020-03-11","83",",,S","51",",,S"
"MXM00076680","MEXICO CITY, MX","2020-03-12",,,,
"MXM00076680","MEXICO CITY, MX","2020-03-13","84",",,S","54",",,S"
"MXM00076680","MEXICO CITY, MX","2020-03-14","85",",,S","57",",,S"
"MXM00076680","MEXICO CITY, MX","2020-03-15","86",",,S","57",",,S"
"MXM00076680","MEXICO CITY, MX","2020-03-16","83",",,S","56",",,S"
"MXM00076680","MEXICO CITY, MX","2020-03-17","79",",,S","53",",,S"
"MXM00076680","MEXICO CITY, MX","2020-03-18","80",",,S","53",",,S"
"MXM00076680","MEXICO CITY, MX","2020-03-19",,,,
"MXM00076680","MEXICO CITY, MX","2020-03-23","83",",,S","55",",,S"
"MXM00076680","MEXICO CITY, MX","2020-03-24","86",",,S","55",",,S"
"MXM00076680","MEXICO CITY, MX","2020-03-25","89",",,S","55",",,S"
"MXM00076680","MEXICO CITY, MX","2020-03-26","90",",,S","56",",,S"
"MXM00076680","MEXICO CITY, MX","2020-03-27","91",",,S","57",",,S"
"MXM00076680","MEXICO CITY, MX","2020-03-31","87",",,S","56",",,S"
"MXM00076680","MEXICO CITY, MX","2020-04-01","84",",,S","55",",,S"
"MXM00076680","MEXICO CITY, MX","2020-04-02","85",",,S","55",",,S"
"MXM00076680","MEXICO CITY, MX","2020-04-03","83",",,S","56",",,S"
"MXM00076680","MEXICO CITY, MX","2020-04-04","85",",,S","56",",,S"
"MXM00076680","MEXICO CITY, MX","2020-04-05",,,,
"MXM00076680","MEXICO CITY, MX","2020-04-06","88",",,S","59",",,S"
"MXM00076680","MEXICO CITY, MX","2020-04-07","86",",,S","59",",,S"
"MXM00076680","MEXICO CITY, MX","2020-04-08","83",",,S","61",",,S"
"MXM00076680","MEXICO CITY, MX","2020-04-11",,,,
"MXM00076680","MEXICO CITY, MX","2020-04-12","88",",,S","59",",,S"
"MXM00076680","MEXICO CITY, MX","2020-04-13",,,,
"MXM00076680","MEXICO CITY, MX","2020-04-14","90",",,S","59",",,S"
"MXM00076680","MEXICO CITY, MX","2020-04-15","88",",,S","58",",,S"
"MXM00076680","MEXICO CITY, MX","2020-04-16","88",",,S","58",",,S"
"MXM00076680","MEXICO CITY, MX","2020-04-17","87",",,S","58",",,S"
"MXM00076680","MEXICO CITY, MX","2020-04-18","87",",,S","62",",,S"
"MXM00076680","MEXICO CITY, MX","2020-04-19","86",",,S","61",",,S"
"MXM00076680","MEXICO CITY, MX","2020-04-20","86",",,S","60",",,S"
"MXM00076680","MEXICO CITY, MX","2020-04-21","89",",,S","60",",,S"
"MXM00076680","MEXICO CITY, MX","2020-04-22","87",",,S","58",",,S"
"MXM00076680","MEXICO CITY, MX","2020-04-23","89",",,S","58",",,S"
"MXM00076680","MEXICO CITY, MX","2020-04-24","84",",,S","61",",,S"
"MXM00076680","MEXICO CITY, MX","2020-04-25","87",",,S","58",",,S"
"MXM00076680","MEXICO CITY, MX","2020-04-26","85",",,S","58",",,S"
"MXM00076680","MEXICO CITY, MX","2020-04-27","81",",,S","54",",,S"
"MXM00076680","MEXICO CITY, MX","2020-04-28","82",",,S","54",",,S"
"MXM00076680","MEXICO CITY, MX","2020-04-29","82",",,S","57",",,S"
"MXM00076680","MEXICO CITY, MX","2020-04-30",,,,
"MXM00076680","MEXICO CITY, MX","2020-05-01",,,,
"MXM00076680","MEXICO CITY, MX","2020-05-02","79",",,S","51",",,S"
"MXM00076680","MEXICO CITY, MX","2020-05-03",,,,
"MXM00076680","MEXICO CITY, MX","2020-05-04","85",",,S","56",",,S"
"MXM00076680","MEXICO CITY, MX","2020-05-05","86",",,S","57",",,S"
"MXM00076680","MEXICO CITY, MX","2020-05-06","84",",,S","53",",,S"
"MXM00076680","MEXICO CITY, MX","2020-05-07","71",",,S","52",",,S"
"MXM00076680","MEXICO CITY, MX","2020-05-08","74",",,S","53",",,S"
"MXM00076680","MEXICO CITY, MX","2020-05-12",,,,
"MXM00076680","MEXICO CITY, MX","2020-05-13",,,,
"MXM00076680","MEXICO CITY, MX","2020-05-16",,,,
"MXM00076680","MEXICO CITY, MX","2020-05-17","85",",,S","61",",,S"
"MXM00076680","MEXICO CITY, MX","2020-05-23",,,,
"MXM00076680","MEXICO CITY, MX","2020-05-24","84",",,S","62",",,S"
"MXM00076680","MEXICO CITY, MX","2020-05-25","86",",,S","60",",,S"
"MXM00076680","MEXICO CITY, MX","2020-05-30","76",",,S","55",",,S"
"MXM00076680","MEXICO CITY, MX","2020-05-31","75",",,S","55",",,S"
"MXM00076680","MEXICO CITY, MX","2020-06-01","71",",,S","54",",,S"
"MXM00076680","MEXICO CITY, MX","2020-06-07",,,,
"MXM00076680","MEXICO CITY, MX","2020-06-08","85",",,S","61",",,S"
"MXM00076680","MEXICO CITY, MX","2020-06-13",,,,
"MXM00076680","MEXICO CITY, MX","2020-06-14","79",",,S","53",",,S"
"MXM00076680","MEXICO CITY, MX","2020-06-27",,,,
"MXM00076680","MEXICO CITY, MX","2020-06-28","87",",,S","59",",,S"
"MXM00076680","MEXICO CITY, MX","2020-06-29","87",",,S","58",",,S"
"MXM00076680","MEXICO CITY, MX","2020-07-04","83",",,S","58",",,S"
"MXM00076680","MEXICO CITY, MX","2020-07-05","81",",,S","59",",,S"
"MXM00076680","MEXICO CITY, MX","2020-07-06","75",",,S","58",",,S"
"MXM00076680","MEXICO CITY, MX","2020-07-12",,,,
"MXM00076680","MEXICO CITY, MX","2020-07-13","74",",,S","54",",,S"
"MXM00076680","MEXICO CITY, MX","2020-07-19","81",",,S","55",",,S"
"MXM00076680","MEXICO CITY, MX","2020-07-20","79",",,S","54",",,S"
"MXM00076680","MEXICO CITY, MX","2020-07-27","79",",,S","58",",,S"
"MXM00076680","MEXICO CITY, MX","2020-08-01","75",",,S","57",",,S"
"MXM00076680","MEXICO CITY, MX","2020-08-02",,,,
"MXM00076680","MEXICO CITY, MX","2020-08-03","72",",,S","57",",,S"
"MXM00076680","MEXICO CITY, MX","2020-08-08","77",",,S","58",",,S"
"MXM00076680","MEXICO CITY, MX","2020-08-09","74",",,S","57",",,S"
"MXM00076680","MEXICO CITY, MX","2020-08-10","73",",,S","56",",,S"
"MXM00076680","MEXICO CITY, MX","2020-08-16","76",",,S","54",",,S"
"MXM00076680","MEXICO CITY, MX","2020-08-17","81",",,S","54",",,S"
"MXM00076680","MEXICO CITY, MX","2020-08-22","82",",,S","58",",,S"
"MXM00076680","MEXICO CITY, MX","2020-08-23","79",",,S","58",",,S"
"MXM00076680","MEXICO CITY, MX","2020-08-24","80",",,S","56",",,S"
"MXM00076680","MEXICO CITY, MX","2020-08-29","80",",,S","59",",,S"
"MXM00076680","MEXICO CITY, MX","2020-09-05","72",",,S","57",",,S"
"MXM00076680","MEXICO CITY, MX","2020-09-12",,,,
"MXM00076680","MEXICO CITY, MX","2020-09-13",,,,
"MXM00076680","MEXICO CITY, MX","2020-09-14","74",",,S","54",",,S"
"MXM00076680","MEXICO CITY, MX","2020-09-16","77",",,S","59",",,S"
"MXM00076680","MEXICO CITY, MX","2020-09-19","63",",,S","54",",,S"
"MXM00076680","MEXICO CITY, MX","2020-09-20",,,,
"MXM00076680","MEXICO CITY, MX","2020-09-21","73",",,S","56",",,S"
"MXM00076680","MEXICO CITY, MX","2020-09-26","74",",,S","55",",,S"
"MXM00076680","MEXICO CITY, MX","2020-09-27",,,,
"MXM00076680","MEXICO CITY, MX","2020-09-28","76",",,S","58",",,S"
"MXM00076680","MEXICO CITY, MX","2020-10-03",,,,
"MXM00076680","MEXICO CITY, MX","2020-10-04","76",",,S","53",",,S"
"MXM00076680","MEXICO CITY, MX","2020-10-05","73",",,S","45",",,S"
"MXM00076680","MEXICO CITY, MX","2020-10-11",,,,
"MXM00076680","MEXICO CITY, MX","2020-10-12","84",",,S","56",",,S"
"MXM00076680","MEXICO CITY, MX","2020-10-24","77",",,S","50",",,S"
"MXM00076680","MEXICO CITY, MX","2020-10-25",,,,
"MXM00076680","MEXICO CITY, MX","2020-10-26",,,,
"MXM00076680","MEXICO CITY, MX","2020-11-08","77",",,S","49",",,S"
"MXM00076680","MEXICO CITY, MX","2020-11-09","78",",,S","51",",,S"
"MXM00076680","MEXICO CITY, MX","2020-11-15","81",",,S","52",",,S"
"MXM00076680","MEXICO CITY, MX","2020-11-16","77",",,S","53",",,S"
"MXM00076680","MEXICO CITY, MX","2020-11-17","71",",,S","51",",,S"
"MXM00076680","MEXICO CITY, MX","2020-11-21",,,,
"MXM00076680","MEXICO CITY, MX","2020-11-22",,,,
"MXM00076680","MEXICO CITY, MX","2020-11-23","74",",,S","48",",,S"
"MXM00076680","MEXICO CITY, MX","2020-11-27","81",",,S","50",",,S"
"MXM00076680","MEXICO CITY, MX","2020-11-28","81",",,S","50",",,S"
"MXM00076680","MEXICO CITY, MX","2020-11-29","80",",,S","51",",,S"
"MXM00076680","MEXICO CITY, MX","2020-12-01","71",",,S","49",",,S"
"MXM00076680","MEXICO CITY, MX","2020-12-06","72",",,S","50",",,S"
"MXM00076680","MEXICO CITY, MX","2020-12-07","74",",,S","50",",,S"
"MXM00076680","MEXICO CITY, MX","2020-12-13",,,,
"MXM00076680","MEXICO CITY, MX","2020-12-14","79",",,S","50",",,S"
"MXM00076680","MEXICO CITY, MX","2020-12-20","75",",,S","51",",,S"
"MXM00076680","MEXICO CITY, MX","2020-12-21","76",",,S","51",",,S"
"MXM00076680","MEXICO CITY, MX","2020-12-26",,,,
"MXM00076680","MEXICO CITY, MX","2020-12-27","76",",,S","47",",,S"
"MXM00076680","MEXICO CITY, MX","2020-12-28","72",",,S","43",",,S"
"MXM00076680","MEXICO CITY, MX","2021-01-02","78",",,S","40",",,S"
"MXM00076680","MEXICO CITY, MX","2021-01-03","77",",,S","42",",,S"
"MXM00076680","MEXICO CITY, MX","2021-01-04","80",",,S","44",",,S"
"MXM00076680","MEXICO CITY, MX","2021-01-08","71",",,S","47",",,S"
"MXM00076680","MEXICO CITY, MX","2021-01-16","72",",,S","49",",,S"
"MXM00076680","MEXICO CITY, MX","2021-01-17","68",",,S","54",",,S"
"MXM00076680","MEXICO CITY, MX","2021-01-18",,,,
"MXM00076680","MEXICO CITY, MX","2021-01-22","80",",,S","48",",,S"
"MXM00076680","MEXICO CITY, MX","2021-01-24","78",",,S","54",",,S"
"MXM00076680","MEXICO CITY, MX","2021-01-25",,,,
"MXM00076680","MEXICO CITY, MX","2021-01-31","78",",,S","52",",,S"
"MXM00076680","MEXICO CITY, MX","2021-02-01","78",",,S","52",",,S"
"MXM00076680","MEXICO CITY, MX","2021-02-02",,,,
"MXM00076680","MEXICO CITY, MX","2021-02-05","76",",,S","47",",,S"
"MXM00076680","MEXICO CITY, MX","2021-02-06","84",",,S","55",",,S"
"MXM00076680","MEXICO CITY, MX","2021-02-07","82",",,S","52",",,S"
"MXM00076680","MEXICO CITY, MX","2021-02-08","81",",,S","49",",,S"
"MXM00076680","MEXICO CITY, MX","2021-02-09","81",",,S","49",",,S"
"MXM00076680","MEXICO CITY, MX","2021-02-13","72",",,S","45",",,S"
"MXM00076680","MEXICO CITY, MX","2021-02-15","76",",,S","43",",,S"
"MXM00076680","MEXICO CITY, MX","2021-02-16","77",",,S","45",",,S"
"MXM00076680","MEXICO CITY, MX","2021-02-17","78",",,S","45",",,S"
"MXM00076680","MEXICO CITY, MX","2021-02-18",,,,
"MXM00076680","MEXICO CITY, MX","2021-02-22","82",",,S","50",",,S"
"MXM00076680","MEXICO CITY, MX","2021-02-24","80",",,S","47",",,S"
"MXM00076680","MEXICO CITY, MX","2021-02-25",,,,
"MXM00076680","MEXICO CITY, MX","2021-02-27","85",",,S","55",",,S"
"MXM00076680","MEXICO CITY, MX","2021-02-28","86",",,S","55",",,S"
"MXM00076680","MEXICO CITY, MX","2021-03-01","86",",,S","57",",,S"
"MXM00076680","MEXICO CITY, MX","2021-03-02","87",",,S","53",",,S"
"MXM00076680","MEXICO CITY, MX","2021-03-03","83",",,S","58",",,S"
"MXM00076680","MEXICO CITY, MX","2021-03-04","83",",,S","57",",,S"
"MXM00076680","MEXICO CITY, MX","2021-03-05","85",",,S","55",",,S"
"MXM00076680","MEXICO CITY, MX","2021-03-07","77",",,S","51",",,S"
"MXM00076680","MEXICO CITY, MX","2021-03-09","80",",,S","45",",,S"
"MXM00076680","MEXICO CITY, MX","2021-03-10",,,,
"MXM00076680","MEXICO CITY, MX","2021-03-11","83",",,S","50",",,S"
"MXM00076680","MEXICO CITY, MX","2021-03-13","85",",,S","49",",,S"
"MXM00076680","MEXICO CITY, MX","2021-03-15","84",",,S","57",",,S"
"MXM00076680","MEXICO CITY, MX","2021-03-16","84",",,S","55",",,S"
"MXM00076680","MEXICO CITY, MX","2021-03-17","85",",,S","55",",,S"
"MXM00076680","MEXICO CITY, MX","2021-03-19","77",",,S","47",",,S"
"MXM00076680","MEXICO CITY, MX","2021-03-20",,,,
"MXM00076680","MEXICO CITY, MX","2021-03-21","79",",,S","53",",,S"
"MXM00076680","MEXICO CITY, MX","2021-03-22",,,,
"MXM00076680","MEXICO CITY, MX","2021-03-23","83",",,S","54",",,S"
"MXM00076680","MEXICO CITY, MX","2021-03-24","82",",,S","52",",,S"
"MXM00076680","MEXICO CITY, MX","2021-04-10",,,,
"MXM00076680","MEXICO CITY, MX","2021-04-17","86",",,S","62",",,S"
"MXM00076680","MEXICO CITY, MX","2021-04-19","85",",,S","55",",,S"
"MXM00076680","MEXICO CITY, MX","2021-04-20",,,,
"MXM00076680","MEXICO CITY, MX","2021-04-21","86",",,S","56",",,S"
"MXM00076680","MEXICO CITY, MX","2021-04-22","84",",,S","54",",,S"
"MXM00076680","MEXICO CITY, MX","2021-04-24",,,,
"MXM00076680","MEXICO CITY, MX","2021-04-26","88",",,S","59",",,S"
"MXM00076680","MEXICO CITY, MX","2021-04-29","89",",,S","54",",,S"
"MXM00076680","MEXICO CITY, MX","2021-05-04","85",",,S","56",",,S"
"MXM00076680","MEXICO CITY, MX","2021-05-05","87",",,S","59",",,S"
"MXM00076680","MEXICO CITY, MX","2021-05-09","80",",,S","61",",,S"
"MXM00076680","MEXICO CITY, MX","2021-05-10",,,,
"MXM00076680","MEXICO CITY, MX","2021-05-11",,,,
"MXM00076680","MEXICO CITY, MX","2021-05-12","80",",,S","56",",,S"
"MXM00076680","MEXICO CITY, MX","2021-05-13",,,,
"MXM00076680","MEXICO CITY, MX","2021-05-14",,,,
"MXM00076680","MEXICO CITY, MX","2021-05-15","75",",,S","56",",,S"
"MXM00076680","MEXICO CITY, MX","2021-05-16",,,,
"MXM00076680","MEXICO CITY, MX","2021-05-17","78",",,S","54",",,S"
"MXM00076680","MEXICO CITY, MX","2021-05-18","82",",,S","54",",,S"
"MXM00076680","MEXICO CITY, MX","2021-05-19",,,,
"MXM00076680","MEXICO CITY, MX","2021-05-20","82",",,S","53",",,S"
"MXM00076680","MEXICO CITY, MX","2021-05-21","81",",,S","53",",,S"
"MXM00076680","MEXICO CITY, MX","2021-05-22","81",",,S","55",",,S"
"MXM00076680","MEXICO CITY, MX","2021-05-23",,,,
"MXM00076680","MEXICO CITY, MX","2021-05-24","81",",,S","55",",,S"
"MXM00076680","MEXICO CITY, MX","2021-05-25","80",",,S","55",",,S"
"MXM00076680","MEXICO CITY, MX","2021-05-26","80",",,S","56",",,S"
"MXM00076680","MEXICO CITY, MX","2021-05-27","82",",,S","56",",,S"
"MXM00076680","MEXICO CITY, MX","2021-05-28","84",",,S","56",",,S"
"MXM00076680","MEXICO CITY, MX","2021-05-29","86",",,S","60",",,S"
"MXM00076680","MEXICO CITY, MX","2021-05-30","86",",,S","58",",,S"
"MXM00076680","MEXICO CITY, MX","2021-05-31",,,,
"MXM00076680","MEXICO CITY, MX","2021-06-01","84",",,S","56",",,S"
"MXM00076680","MEXICO CITY, MX","2021-06-03","76",",,S","53",",,S"
"MXM00076680","MEXICO CITY, MX","2021-06-05","76",",,S","58",",,S"
"MXM00076680","MEXICO CITY, MX","2021-06-06",,,,
"MXM00076680","MEXICO CITY, MX","2021-06-07","83",",,S","57",",,S"
"MXM00076680","MEXICO CITY, MX","2021-06-08",,,,
"MXM00076680","MEXICO CITY, MX","2021-06-09","85",",,S","58",",,S"
"MXM00076680","MEXICO CITY, MX","2021-06-10","82",",,S","54",",,S"
"MXM00076680","MEXICO CITY, MX","2021-06-11","77",",,S","54",",,S"
"MXM00076680","MEXICO CITY, MX","2021-06-12","71",",,S","54",",,S"
"MXM00076680","MEXICO CITY, MX","2021-06-13","72",",,S","56",",,S"
"MXM00076680","MEXICO CITY, MX","2021-06-15","71",",,S","54",",,S"
"MXM00076680","MEXICO CITY, MX","2021-06-16",,,,
"MXM00076680","MEXICO CITY, MX","2021-06-17","75",",,S","54",",,S"
"MXM00076680","MEXICO CITY, MX","2021-06-18","71",",,S","55",",,S"
"MXM00076680","MEXICO CITY, MX","2021-06-22","84",",,S","58",",,S"
"MXM00076680","MEXICO CITY, MX","2021-06-24","73",",,S","53",",,S"
"MXM00076680","MEXICO CITY, MX","2021-06-26","72",",,S","54",",,S"
"MXM00076680","MEXICO CITY, MX","2021-06-28","70",",,S","54",",,S"
"MXM00076680","MEXICO CITY, MX","2021-06-29","76",",,S","56",",,S"
"MXM00076680","MEXICO CITY, MX","2021-06-30",,,,
"MXM00076680","MEXICO CITY, MX","2021-07-01","68",",,S","56",",,S"
"MXM00076680","MEXICO CITY, MX","2021-07-02","71",",,S","55",",,S"
"MXM00076680","MEXICO CITY, MX","2021-07-03","77",",,S","56",",,S"
"MXM00076680","MEXICO CITY, MX","2021-07-04","73",",,S","56",",,S"
"MXM00076680","MEXICO CITY, MX","2021-07-05",,,,
"MXM00076680","MEXICO CITY, MX","2021-07-06","79",",,S","53",",,S"
"MXM00076680","MEXICO CITY, MX","2021-07-07","79",",,S","53",",,S"
"MXM00076680","MEXICO CITY, MX","2021-07-08","77",",,S","56",",,S"
"MXM00076680","MEXICO CITY, MX","2021-07-09",,,,
"MXM00076680","MEXICO CITY, MX","2021-07-10","79",",,S","57",",,S"
"MXM00076680","MEXICO CITY, MX","2021-07-11","78",",,S","58",",,S"
"MXM00076680","MEXICO CITY, MX","2021-07-12","77",",,S","57",",,S"
"MXM00076680","MEXICO CITY, MX","2021-07-13","79",",,S","55",",,S"
"MXM00076680","MEXICO CITY, MX","2021-07-14",,,,
"MXM00076680","MEXICO CITY, MX","2021-07-15","77",",,S","50",",,S"
"MXM00076680","MEXICO CITY, MX","2021-07-16",,,,
"MXM00076680","MEXICO CITY, MX","2021-07-17","80",",,S","58",",,S"
"MXM00076680","MEXICO CITY, MX","2021-07-18","76",",,S","54",",,S"
"MXM00076680","MEXICO CITY, MX","2021-07-19","76",",,S","54",",,S"
"MXM00076680","MEXICO CITY, MX","2021-07-20","80",",,S","54",",,S"
"MXM00076680","MEXICO CITY, MX","2021-07-21",,,,
"MXM00076680","MEXICO CITY, MX","2021-07-23",,,,
"MXM00076680","MEXICO CITY, MX","2021-07-25","80",",,S","55",",,S"
"MXM00076680","MEXICO CITY, MX","2021-07-26","81",",,S","55",",,S"
"MXM00076680","MEXICO CITY, MX","2021-07-28","80",",,S","54",",,S"
"MXM00076680","MEXICO CITY, MX","2021-08-01","80",",,S","54",",,S"
"MXM00076680","MEXICO CITY, MX","2021-08-07","77",",,S","56",",,S"
"MXM00076680","MEXICO CITY, MX","2021-08-09","76",",,S","55",",,S"
"MXM00076680","MEXICO CITY, MX","2021-08-11","80",",,S","56",",,S"
"MXM00076680","MEXICO CITY, MX","2021-08-12","79",",,S","54",",,S"
"MXM00076680","MEXICO CITY, MX","2021-08-13","79",",,S","56",",,S"
"MXM00076680","MEXICO CITY, MX","2021-08-14","78",",,S","56",",,S"
"MXM00076680","MEXICO CITY, MX","2021-08-17","81",",,S","58",",,S"
"MXM00076680","MEXICO CITY, MX","2021-08-18","80",",,S","57",",,S"
"MXM00076680","MEXICO CITY, MX","2021-08-19","81",",,S","60",",,S"
"MXM00076680","MEXICO CITY, MX","2021-08-20","80",",,S","54",",,S"
"MXM00076680","MEXICO CITY, MX","2021-08-22","71",",,S","57",",,S"
"MXM00076680","MEXICO CITY, MX","2021-08-23","71",",,S","53",",,S"
"MXM00076680","MEXICO CITY, MX","2021-08-25","75",",,S","54",",,S"
"MXM00076680","MEXICO CITY, MX","2021-08-28",,,,
"MXM00076680","MEXICO CITY, MX","2021-08-29","78",",,S","59",",,S"
"MXM00076680","MEXICO CITY, MX","2021-08-30","78",",,S","58",",,S"
"MXM00076680","MEXICO CITY, MX","2021-08-31","79",",,S","56",",,S"
"MXM00076680","MEXICO CITY, MX","2021-09-02","68",",,S","55",",,S"
"MXM00076680","MEXICO CITY, MX","2021-09-03","70",",,S","56",",,S"
"MXM00076680","MEXICO CITY, MX","2021-09-04",,,,
"MXM00076680","MEXICO CITY, MX","2021-09-05","79",",,S","56",",,S"
"MXM00076680","MEXICO CITY, MX","2021-09-06","77",",,S","57",",,S"
"MXM00076680","MEXICO CITY, MX","2021-09-07","75",",,S","54",",,S"
"MXM00076680","MEXICO CITY, MX","2021-09-09","76",",,S","55",",,S"
"MXM00076680","MEXICO CITY, MX","2021-09-10","75",",,S","55",",,S"
"MXM00076680","MEXICO CITY, MX","2021-09-12","72",",,S","55",",,S"
"MXM00076680","MEXICO CITY, MX","2021-09-13","74",",,S","56",",,S"
"MXM00076680","MEXICO CITY, MX","2021-09-15",,,,
"MXM00076680","MEXICO CITY, MX","2021-09-16","81",",,S","56",",,S"
"MXM00076680","MEXICO CITY, MX","2021-09-17",,,,
"MXM00076680","MEXICO CITY, MX","2021-09-18","80",",,S","58",",,S"
"MXM00076680","MEXICO CITY, MX","2021-09-19","72",",,S","56",",,S"
"MXM00076680","MEXICO CITY, MX","2021-09-20",,,,
"MXM00076680","MEXICO CITY, MX","2021-09-21","78",",,S","55",",,S"
"MXM00076680","MEXICO CITY, MX","2021-09-22","79",",,S","56",",,S"
"MXM00076680","MEXICO CITY, MX","2021-09-23","74",",,S","53",",,S"
"MXM00076680","MEXICO CITY, MX","2021-09-25","76",",,S","55",",,S"
"MXM00076680","MEXICO CITY, MX","2021-09-26","78",",,S","57",",,S"
"MXM00076680","MEXICO CITY, MX","2021-09-27","79",",,S","55",",,S"
"MXM00076680","MEXICO CITY, MX","2021-09-28","79",",,S","55",",,S"
"MXM00076680","MEXICO CITY, MX","2021-09-29","77",",,S","54",",,S"
"MXM00076680","MEXICO CITY, MX","2021-09-30","80",",,S","55",",,S"
"MXM00076680","MEXICO CITY, MX","2021-10-05","73",",,S","56",",,S"
"MXM00076680","MEXICO CITY, MX","2021-10-07",,,,
"MXM00076680","MEXICO CITY, MX","2021-10-08","77",",,S","53",",,S"
"MXM00076680","MEXICO CITY, MX","2021-10-09",,,,
"MXM00076680","MEXICO CITY, MX","2021-10-10",,,,
"MXM00076680","MEXICO CITY, MX","2021-10-11","85",",,S","56",",,S"
"MXM00076680","MEXICO CITY, MX","2021-10-12","84",",,S","56",",,S"
"MXM00076680","MEXICO CITY, MX","2021-10-13","83",",,S","56",",,S"
"MXM00076680","MEXICO CITY, MX","2021-10-14","84",",,S","58",",,S"
"MXM00076680","MEXICO CITY, MX","2021-10-15","83",",,S","54",",,S"
"MXM00076680","MEXICO CITY, MX","2021-10-16","78",",,S","57",",,S"
"MXM00076680","MEXICO CITY, MX","2021-10-17","72",",,S","55",",,S"
"MXM00076680","MEXICO CITY, MX","2021-10-18",,,,
"MXM00076680","MEXICO CITY, MX","2021-10-19","77",",,S","51",",,S"
"MXM00076680","MEXICO CITY, MX","2021-10-21","80",",,S","55",",,S"
"MXM00076680","MEXICO CITY, MX","2021-10-22","71",",,S","55",",,S"
"MXM00076680","MEXICO CITY, MX","2021-10-26",,,,
"MXM00076680","MEXICO CITY, MX","2021-10-30","74",",,S","55",",,S"
"MXM00076680","MEXICO CITY, MX","2021-10-31","75",",,S","53",",,S"
"MXM00076680","MEXICO CITY, MX","2021-11-01","73",",,S","56",",,S"
"MXM00076680","MEXICO CITY, MX","2021-11-03","76",",,S","48",",,S"
"MXM00076680","MEXICO CITY, MX","2021-11-07",,,,
"MXM00076680","MEXICO CITY, MX","2021-11-08",,,,
"MXM00076680","MEXICO CITY, MX","2021-11-12","73",",,S","47",",,S"
"MXM00076680","MEXICO CITY, MX","2021-11-13","71",",,S","47",",,S"
"MXM00076680","MEXICO CITY, MX","2021-11-14","68",",,S","46",",,S"
"MXM00076680","MEXICO CITY, MX","2021-11-15","69",",,S","46",",,S"
"MXM00076680","MEXICO CITY, MX","2021-11-16","73",",,S","45",",,S"
"MXM00076680","MEXICO CITY, MX","2021-11-20",,,,
"MXM00076680","MEXICO CITY, MX","2021-11-21","74",",,S","50",",,S"
"MXM00076680","MEXICO CITY, MX","2021-11-22","75",",,S","54",",,S"
"MXM00076680","MEXICO CITY, MX","2021-11-25",,,,
"MXM00076680","MEXICO CITY, MX","2021-11-26","73",",,S","50",",,S"
"MXM00076680","MEXICO CITY, MX","2021-11-28","76",",,S","49",",,S"
"MXM00076680","MEXICO CITY, MX","2021-11-29",,,,
"MXM00076680","MEXICO CITY, MX","2021-12-12","75",",,S","47",",,S"
"MXM00076680","MEXICO CITY, MX","2021-12-13","72",",,S","47",",,S"
"MXM00076680","MEXICO CITY, MX","2021-12-20","72",",,S","51",",,S"
"MXM00076680","MEXICO CITY, MX","2021-12-23","74",",,S","45",",,S"
"MXM00076680","MEXICO CITY, MX","2021-12-26",,,,
"MXM00076680","MEXICO CITY, MX","2021-12-27","81",",,S","47",",,S"
"MXM00076680","MEXICO CITY, MX","2022-01-02","78",",,S","49",",,S"
"MXM00076680","MEXICO CITY, MX","2022-01-03",,,,
"MXM00076680","MEXICO CITY, MX","2022-01-04",,,,
"MXM00076680","MEXICO CITY, MX","2022-01-05","79",",,S","48",",,S"
"MXM00076680","MEXICO CITY, MX","2022-01-06","78",",,S","49",",,S"
"MXM00076680","MEXICO CITY, MX","2022-01-07",,,,
"MXM00076680","MEXICO CITY, MX","2022-01-08","73",",,S","49",",,S"
"MXM00076680","MEXICO CITY, MX","2022-01-09","74",",,S","49",",,S"
"MXM00076680","MEXICO CITY, MX","2022-01-10","74",",,S","48",",,S"
"MXM00076680","MEXICO CITY, MX","2022-01-12","67",",,S","44",",,S"
"MXM00076680","MEXICO CITY, MX","2022-01-14","69",",,S","46",",,S"
"MXM00076680","MEXICO CITY, MX","2022-01-18","71",",,S","46",",,S"
"MXM00076680","MEXICO CITY, MX","2022-01-20","74",",,S","50",",,S"
"MXM00076680","MEXICO CITY, MX","2022-01-22","72",",,S","51",",,S"
"MXM00076680","MEXICO CITY, MX","2022-01-23",,,,
"MXM00076680","MEXICO CITY, MX","2022-01-24","75",",,S","47",",,S"
"MXM00076680","MEXICO CITY, MX","2022-01-25","76",",,S","49",",,S"
"MXM00076680","MEXICO CITY, MX","2022-01-26",,,,
"MXM00076680","MEXICO CITY, MX","2022-01-27","77",",,S","49",",,S"
"MXM00076680","MEXICO CITY, MX","2022-01-28","78",",,S","51",",,S"
"MXM00076680","MEXICO CITY, MX","2022-01-30","74",",,S","49",",,S"
"MXM00076680","MEXICO CITY, MX","2022-01-31","76",",,S","49",",,S"
"MXM00076680","MEXICO CITY, MX","2022-02-03","79",",,S","50",",,S"
"MXM00076680","MEXICO CITY, MX","2022-02-04","79",",,S","50",",,S"
"MXM00076680","MEXICO CITY, MX","2022-02-05","75",",,S","47",",,S"
"MXM00076680","MEXICO CITY, MX","2022-02-07","75",",,S","50",",,S"
"MXM00076680","MEXICO CITY, MX","2022-02-08",,,,
"MXM00076680","MEXICO CITY, MX","2022-02-09",,,,
"MXM00076680","MEXICO CITY, MX","2022-02-10","73",",,S","42",",,S"
"MXM00076680","MEXICO CITY, MX","2022-02-11","72",",,S","45",",,S"
"MXM00076680","MEXICO CITY, MX","2022-02-12",,,,
"MXM00076680","MEXICO CITY, MX","2022-02-13","68",",,S","47",",,S"
"MXM00076680","MEXICO CITY, MX","2022-02-14",,,,
"MXM00076680","MEXICO CITY, MX","2022-02-16",,,,
"MXM00076680","MEXICO CITY, MX","2022-02-17",,,,
"MXM00076680","MEXICO CITY, MX","2022-02-19","81",",,S","51",",,S"
"MXM00076680","MEXICO CITY, MX","2022-02-20","81",",,S","52",",,S"
"MXM00076680","MEXICO CITY, MX","2022-02-21",,,,
"MXM00076680","MEXICO CITY, MX","2022-02-23","83",",,S","53",",,S"
"MXM00076680","MEXICO CITY, MX","2022-02-25","82",",,S","54",",,S"
"MXM00076680","MEXICO CITY, MX","2022-02-26","79",",,S","52",",,S"
"MXM00076680","MEXICO CITY, MX","2022-02-27","78",",,S","51",",,S"
"MXM00076680","MEXICO CITY, MX","2022-02-28","79",",,S","46",",,S"
"MXM00076680","MEXICO CITY, MX","2022-03-01","77",",,S","48",",,S"
"MXM00076680","MEXICO CITY, MX","2022-03-03","81",",,S","49",",,S"
"MXM00076680","MEXICO CITY, MX","2022-03-04","84",",,S","52",",,S"
"MXM00076680","MEXICO CITY, MX","2022-03-05","81",",,S","52",",,S"
"MXM00076680","MEXICO CITY, MX","2022-03-06",,,,
"MXM00076680","MEXICO CITY, MX","2022-03-07","82",",,S","52",",,S"
"MXM00076680","MEXICO CITY, MX","2022-03-08","82",",,S","52",",,S"
"MXM00076680","MEXICO CITY, MX","2022-03-09","80",",,S","54",",,S"
"MXM00076680","MEXICO CITY, MX","2022-03-10","81",",,S","53",",,S"
"MXM00076680","MEXICO CITY, MX","2022-03-11",,,,
"MXM00076680","MEXICO CITY, MX","2022-03-12","82",",,S","52",",,S"
"MXM00076680","MEXICO CITY, MX","2022-03-13","81",",,S","48",",,S"
"MXM00076680","MEXICO CITY, MX","2022-03-14",,,,
"MXM00076680","MEXICO CITY, MX","2022-03-15","83",",,S","55",",,S"
"MXM00076680","MEXICO CITY, MX","2022-03-16","74",",,S","50",",,S"
"MXM00076680","MEXICO CITY, MX","2022-03-17","76",",,S","53",",,S"
"MXM00076680","MEXICO CITY, MX","2022-03-18",,,,
"MXM00076680","MEXICO CITY, MX","2022-03-19","82",",,S","53",",,S"
"MXM00076680","MEXICO CITY, MX","2022-03-20","80",",,S","53",",,S"
"MXM00076680","MEXICO CITY, MX","2022-03-21","82",",,S","53",",,S"
"MXM00076680","MEXICO CITY, MX","2022-03-22","83",",,S","55",",,S"
"MXM00076680","MEXICO CITY, MX","2022-03-23","83",",,S","54",",,S"
"MXM00076680","MEXICO CITY, MX","2022-03-24","81",",,S","52",",,S"
"MXM00076680","MEXICO CITY, MX","2022-03-25","82",",,S","49",",,S"
"MXM00076680","MEXICO CITY, MX","2022-03-27","78",",,S","50",",,S"
"MXM00076680","MEXICO CITY, MX","2022-03-28",,,,
"MXM00076680","MEXICO CITY, MX","2022-03-29","82",",,S","53",",,S"
"MXM00076680","MEXICO CITY, MX","2022-03-30","86",",,S","55",",,S"
"MXM00076680","MEXICO CITY, MX","2022-03-31","90",",,S","57",",,S"
"MXM00076680","MEXICO CITY, MX","2022-04-01",,,,
"MXM00076680","MEXICO CITY, MX","2022-04-02","89",",,S","58",",,S"
"MXM00076680","MEXICO CITY, MX","2022-04-04","85",",,S","59",",,S"
"MXM00076680","MEXICO CITY, MX","2022-04-05","85",",,S","59",",,S"
"MXM00076680","MEXICO CITY, MX","2022-04-06","85",",,S","58",",,S"
"MXM00076680","MEXICO CITY, MX","2022-04-07","87",",,S","58",",,S"
"MXM00076680","MEXICO CITY, MX","2022-04-08","82",",,S","50",",,S"
"MXM00076680","MEXICO CITY, MX","2022-04-09","74",",,S","54",",,S"
"MXM00076680","MEXICO CITY, MX","2022-04-10","79",",,S","52",",,S"
"MXM00076680","MEXICO CITY, MX","2022-04-11",,,,
"MXM00076680","MEXICO CITY, MX","2022-04-12","83",",,S","56",",,S"
"MXM00076680","MEXICO CITY, MX","2022-04-13","83",",,S","59",",,S"
"MXM00076680","MEXICO CITY, MX","2022-04-14","85",",,S","59",",,S"
"MXM00076680","MEXICO CITY, MX","2022-04-15","85",",,S","60",",,S"
"MXM00076680","MEXICO CITY, MX","2022-04-16","88",",,S","62",",,S"
"MXM00076680","MEXICO CITY, MX","2022-04-17","88",",,S","62",",,S"
"MXM00076680","MEXICO CITY, MX","2022-04-18","89",",,S","61",",,S"
"MXM00076680","MEXICO CITY, MX","2022-04-19","88",",,S","60",",,S"
"MXM00076680","MEXICO CITY, MX","2022-04-20",,,,
"MXM00076680","MEXICO CITY, MX","2022-04-21","85",",,S","56",",,S"
"MXM00076680","MEXICO CITY, MX","2022-04-22","84",",,S","52",",,S"
"MXM00076680","MEXICO CITY, MX","2022-04-23",,,,
"MXM00076680","MEXICO CITY, MX","2022-04-24",,,,
"MXM00076680","MEXICO CITY, MX","2022-04-25","83",",,S","56",",,S"
"MXM00076680","MEXICO CITY, MX","2022-04-26","84",",,S","55",",,S"
"MXM00076680","MEXICO CITY, MX","2022-04-27",,,,
"MXM00076680","MEXICO CITY, MX","2022-04-28","78",",,S","53",",,S"
"MXM00076680","MEXICO CITY, MX","2022-04-29","80",",,S","53",",,S"
"MXM00076680","MEXICO CITY, MX","2022-04-30","83",",,S","58",",,S"
"MXM00076680","MEXICO CITY, MX","2022-05-01","83",",,S","58",",,S"
"MXM00076680","MEXICO CITY, MX","2022-05-02","84",",,S","60",",,S"
"MXM00076680","MEXICO CITY, MX","2022-05-03",,,,
"MXM00076680","MEXICO CITY, MX","2022-05-04",,,,
"MXM00076680","MEXICO CITY, MX","2022-05-05","89",",,S","61",",,S"
"MXM00076680","MEXICO CITY, MX","2022-05-06","90",",,S","61",",,S"
"MXM00076680","MEXICO CITY, MX","2022-05-07","88",",,S","56",",,S"
"MXM00076680","MEXICO CITY, MX","2022-05-08","89",",,S","56",",,S"
"MXM00076680","MEXICO CITY, MX","2022-05-09",,,,
"MXM00076680","MEXICO CITY, MX","2022-05-10","89",",,S","60",",,S"
"MXM00076680","MEXICO CITY, MX","2022-05-11","88",",,S","58",",,S"
"MXM00076680","MEXICO CITY, MX","2022-05-12",,,,
"MXM00076680","MEXICO CITY, MX","2022-05-13","82",",,S","54",",,S"
"MXM00076680","MEXICO CITY, MX","2022-05-14",,,,
"MXM00076680","MEXICO CITY, MX","2022-05-15","85",",,S","58",",,S"
"MXM00076680","MEXICO CITY, MX","2022-05-16","82",",,S","54",",,S"
"MXM00076680","MEXICO CITY, MX","2022-05-17","84",",,S","54",",,S"
"MXM00076680","MEXICO CITY, MX","2022-05-18","84",",,S","56",",,S"
"MXM00076680","MEXICO CITY, MX","2022-05-19","85",",,S","62",",,S"
"MXM00076680","MEXICO CITY, MX","2022-05-21","89",",,S","62",",,S"
"MXM00076680","MEXICO CITY, MX","2022-05-22","90",",,S","62",",,S"
"MXM00076680","MEXICO CITY, MX","2022-05-23","88",",,S","59",",,S"
"MXM00076680","MEXICO CITY, MX","2022-05-24","83",",,S","56",",,S"
"MXM00076680","MEXICO CITY, MX","2022-05-25",,,,
"MXM00076680","MEXICO CITY, MX","2022-05-26","84",",,S","58",",,S"
"MXM00076680","MEXICO CITY, MX","2022-05-27","84",",,S","56",",,S"
"MXM00076680","MEXICO CITY, MX","2022-05-28","81",",,S","55",",,S"
"MXM00076680","MEXICO CITY, MX","2022-05-29","82",",,S","56",",,S"
"MXM00076680","MEXICO CITY, MX","2022-05-30","82",",,S","59",",,S"
"MXM00076680","MEXICO CITY, MX","2022-05-31","85",",,S","62",",,S"
"MXM00076680","MEXICO CITY, MX","2022-06-01","85",",,S","58",",,S"
"MXM00076680","MEXICO CITY, MX","2022-06-02","79",",,S","56",",,S"
"MXM00076680","MEXICO CITY, MX","2022-06-03",,,,
"MXM00076680","MEXICO CITY, MX","2022-06-04","81",",,S","57",",,S"
"MXM00076680","MEXICO CITY, MX","2022-06-05","83",",,S","57",",,S"
"MXM00076680","MEXICO CITY, MX","2022-06-06","84",",,S","62",",,S"
"MXM00076680","MEXICO CITY, MX","2022-06-07",,,,
"MXM00076680","MEXICO CITY, MX","2022-06-08","86",",,S","61",",,S"
"MXM00076680","MEXICO CITY, MX","2022-06-09","82",",,S","58",",,S"
"MXM00076680","MEXICO CITY, MX","2022-06-10",,,,
"MXM00076680","MEXICO CITY, MX","2022-06-11","81",",,S","54",",,S"
"MXM00076680","MEXICO CITY, MX","2022-06-12","84",",,S","58",",,S"
"MXM00076680","MEXICO CITY, MX","2022-06-13","82",",,S","53",",,S"
"MXM00076680","MEXICO CITY, MX","2022-06-14",,,,
"MXM00076680","MEXICO CITY, MX","2022-06-15",,,,
"MXM00076680","MEXICO CITY, MX","2022-06-16","78",",,S","54",",,S"
"MXM00076680","MEXICO CITY, MX","2022-06-17","75",",,S","54",",,S"
"MXM00076680","MEXICO CITY, MX","2022-06-18","76",",,S","56",",,S"
"MXM00076680","MEXICO CITY, MX","2022-06-19","77",",,S","56",",,S"
"MXM00076680","MEXICO CITY, MX","2022-06-20",,,,
"MXM00076680","MEXICO CITY, MX","2022-06-21","76",",,S","51",",,S"
"MXM00076680","MEXICO CITY, MX","2022-06-22",,,,
"MXM00076680","MEXICO CITY, MX","2022-06-23",,,,
"MXM00076680","MEXICO CITY, MX","2022-06-24","77",",,S","54",",,S"
"MXM00076680","MEXICO CITY, MX","2022-06-25","79",",,S","54",",,S"
"MXM00076680","MEXICO CITY, MX","2022-06-27","80",",,S","56",",,S"
"MXM00076680","MEXICO CITY, MX","2022-06-29","79",",,S","54",",,S"
"MXM00076680","MEXICO CITY, MX","2022-07-01","82",",,S","58",",,S"
"MXM00076680","MEXICO CITY, MX","2022-07-02","84",",,S","58",",,S"
"MXM00076680","MEXICO CITY, MX","2022-07-04","84",",,S","58",",,S"
"MXM00076680","MEXICO CITY, MX","2022-07-08","78",",,S","56",",,S"
"MXM00076680","MEXICO CITY, MX","2022-07-09","81",",,S","60",",,S"
"MXM00076680","MEXICO CITY, MX","2022-07-10","78",",,S","58",",,S"
"MXM00076680","MEXICO CITY, MX","2022-07-11",,,,
"MXM00076680","MEXICO CITY, MX","2022-07-12",,,,
"MXM00076680","MEXICO CITY, MX","2022-07-13","82",",,S","56",",,S"
"MXM00076680","MEXICO CITY, MX","2022-07-15","78",",,S","58",",,S"
"MXM00076680","MEXICO CITY, MX","2022-07-16","75",",,S","56",",,S"
"MXM00076680","MEXICO CITY, MX","2022-07-17",,,,
"MXM00076680","MEXICO CITY, MX","2022-07-18","81",",,S","54",",,S"
"MXM00076680","MEXICO CITY, MX","2022-07-19",,,,
"MXM00076680","MEXICO CITY, MX","2022-07-20",,,,
"MXM00076680","MEXICO CITY, MX","2022-07-21","84",",,S","56",",,S"
"MXM00076680","MEXICO CITY, MX","2022-07-22","85",",,S","56",",,S"
"MXM00076680","MEXICO CITY, MX","2022-07-23","83",",,S","58",",,S"
"MXM00076680","MEXICO CITY, MX","2022-07-25",,,,
"MXM00076680","MEXICO CITY, MX","2022-07-26",,,,
"MXM00076680","MEXICO CITY, MX","2022-07-27","75",",,S","56",",,S"
"MXM00076680","MEXICO CITY, MX","2022-07-28","78",",,S","54",",,S"
"MXM00076680","MEXICO CITY, MX","2022-07-29",,,,
"MXM00076680","MEXICO CITY, MX","2022-07-31","77",",,S","56",",,S"
"MXM00076680","MEXICO CITY, MX","2022-08-01","81",",,S","54",",,S"
"MXM00076680","MEXICO CITY, MX","2022-08-02","77",",,S","54",",,S"
"MXM00076680","MEXICO CITY, MX","2022-08-03","76",",,S","56",",,S"
"MXM00076680","MEXICO CITY, MX","2022-08-04","83",",,S","56",",,S"
"MXM00076680","MEXICO CITY, MX","2022-08-06","80",",,S","54",",,S"
"MXM00076680","MEXICO CITY, MX","2022-08-12","81",",,S","58",",,S"
"MXM00076680","MEXICO CITY, MX","2022-08-13","78",",,S","58",",,S"
"MXM00076680","MEXICO CITY, MX","2022-08-14","80",",,S","59",",,S"
"MXM00076680","MEXICO CITY, MX","2022-08-15","76",",,S","59",",,S"
"MXM00076680","MEXICO CITY, MX","2022-08-16","77",",,S","57",",,S"
"MXM00076680","MEXICO CITY, MX","2022-08-17",,,,
"MXM00076680","MEXICO CITY, MX","2022-08-18","80",",,S","54",",,S"
"MXM00076680","MEXICO CITY, MX","2022-08-19","77",",,S","54",",,S"
"MXM00076680","MEXICO CITY, MX","2022-08-20","74",",,S","54",",,S"
"MXM00076680","MEXICO CITY, MX","2022-08-21","74",",,S","59",",,S"
"MXM00076680","MEXICO CITY, MX","2022-08-22","76",",,S","56",",,S"
"MXM00076680","MEXICO CITY, MX","2022-08-23","80",",,S","56",",,S"
"MXM00076680","MEXICO CITY, MX","2022-08-24","80",",,S","57",",,S"
"MXM00076680","MEXICO CITY, MX","2022-08-25","80",",,S","58",",,S"
"MXM00076680","MEXICO CITY, MX","2022-08-26","79",",,S","56",",,S"
"MXM00076680","MEXICO CITY, MX","2022-08-27","78",",,S","56",",,S"
"MXM00076680","MEXICO CITY, MX","2022-08-28","77",",,S","58",",,S"
"MXM00076680","MEXICO CITY, MX","2022-08-29","80",",,S","58",",,S"
"MXM00076680","MEXICO CITY, MX","2022-08-30","79",",,S","57",",,S"
"MXM00076680","MEXICO CITY, MX","2022-09-01","80",",,S","56",",,S"
"MXM00076680","MEXICO CITY, MX","2022-09-02","78",",,S","56",",,S"
"MXM00076680","MEXICO CITY, MX","2022-09-03","76",",,S","58",",,S"
"MXM00076680","MEXICO CITY, MX","2022-09-04","74",",,S","55",",,S"
"MXM00076680","MEXICO CITY, MX","2022-09-05","74",",,S","59",",,S"
"MXM00076680","MEXICO CITY, MX","2022-09-06","78",",,S","58",",,S"
"MXM00076680","MEXICO CITY, MX","2022-09-07","72",",,S","56",",,S"
"MXM00076680","MEXICO CITY, MX","2022-09-08",,,,
"MXM00076680","MEXICO CITY, MX","2022-09-10","78",",,S","54",",,S"
"MXM00076680","MEXICO CITY, MX","2022-09-11","81",",,S","54",",,S"
"MXM00076680","MEXICO CITY, MX","2022-09-12","79",",,S","57",",,S"
"MXM00076680","MEXICO CITY, MX","2022-09-13",,,,
"MXM00076680","MEXICO CITY, MX","2022-09-15","76",",,S","56",",,S"
"MXM00076680","MEXICO CITY, MX","2022-09-17",,,,
"MXM00076680","MEXICO CITY, MX","2022-09-20","74",",,S","54",",,S"
"MXM00076680","MEXICO CITY, MX","2022-09-22","77",",,S","54",",,S"
"MXM00076680","MEXICO CITY, MX","2022-09-23",,,,
"MXM00076680","MEXICO CITY, MX","2022-09-24","78",",,S","56",",,S"
"MXM00076680","MEXICO CITY, MX","2022-09-25","77",",,S","58",",,S"
"MXM00076680","MEXICO CITY, MX","2022-09-26","77",",,S","58",",,S"
"MXM00076680","MEXICO CITY, MX","2022-09-28","66",",,S","54",",,S"
"MXM00076680","MEXICO CITY, MX","2022-09-29","68",",,S","53",",,S"
"MXM00076680","MEXICO CITY, MX","2022-09-30","71",",,S","51",",,S"
"MXM00076680","MEXICO CITY, MX","2022-10-01",,,,
"MXM00076680","MEXICO CITY, MX","2022-10-03","81",",,S","51",",,S"
"MXM00076680","MEXICO CITY, MX","2022-10-04","79",",,S","51",",,S"
"MXM00076680","MEXICO CITY, MX","2022-10-05","78",",,S","51",",,S"
"MXM00076680","MEXICO CITY, MX","2022-10-07","75",",,S","54",",,S"
"MXM00076680","MEXICO CITY, MX","2022-10-08","68",",,S","54",",,S"
"MXM00076680","MEXICO CITY, MX","2022-10-09","68",",,S","54",",,S"
"MXM00076680","MEXICO CITY, MX","2022-10-10",,,,
"MXM00076680","MEXICO CITY, MX","2022-10-11","67",",,S","51",",,S"
"MXM00076680","MEXICO CITY, MX","2022-10-12",,,,
"MXM00076680","MEXICO CITY, MX","2022-10-13","77",",,S","54",",,S"
"MXM00076680","MEXICO CITY, MX","2022-10-14","77",",,S","53",",,S"
"MXM00076680","MEXICO CITY, MX","2022-10-16","82",",,S","53",",,S"
"MXM00076680","MEXICO CITY, MX","2022-10-17","83",",,S","59",",,S"
"MXM00076680","MEXICO CITY, MX","2022-10-19",,,,
"MXM00076680","MEXICO CITY, MX","2022-10-20",,,,
"MXM00076680","MEXICO CITY, MX","2022-10-23",,,,
"MXM00076680","MEXICO CITY, MX","2022-10-25","83",",,S","58",",,S"
"MXM00076680","MEXICO CITY, MX","2022-10-26","81",",,S","58",",,S"
"MXM00076680","MEXICO CITY, MX","2022-10-27","80",",,S","60",",,S"
"MXM00076680","MEXICO CITY, MX","2022-10-28","79",",,S","58",",,S"
"MXM00076680","MEXICO CITY, MX","2022-10-29","81",",,S","59",",,S"
"MXM00076680","MEXICO CITY, MX","2022-10-30","81",",,S","60",",,S"
"MXM00076680","MEXICO CITY, MX","2022-11-02","78",",,S","54",",,S"
"MXM00076680","MEXICO CITY, MX","2022-11-03","79",",,S","54",",,S"
"MXM00076680","MEXICO CITY, MX","2022-11-04","78",",,S","54",",,S"
"MXM00076680","MEXICO CITY, MX","2022-11-05","78",",,S","54",",,S"
"MXM00076680","MEXICO CITY, MX","2022-11-06","79",",,S","55",",,S"
"MXM00076680","MEXICO CITY, MX","2022-11-08","78",",,S","51",",,S"
"MXM00076680","MEXICO CITY, MX","2022-11-09","74",",,S","49",",,S"
"MXM00076680","MEXICO CITY, MX","2022-11-11",,,,
"MXM00076680","MEXICO CITY, MX","2022-11-12","81",",,S","51",",,S"
"MXM00076680","MEXICO CITY, MX","2022-11-13","78",",,S","54",",,S"
"MXM00076680","MEXICO CITY, MX","2022-11-15",,,,
"MXM00076680","MEXICO CITY, MX","2022-11-16","81",",,S","51",",,S"
"MXM00076680","MEXICO CITY, MX","2022-11-17","78",",,S","51",",,S"
"MXM00076680","MEXICO CITY, MX","2022-11-20",,,,
"MXM00076680","MEXICO CITY, MX","2022-11-21",,,,
"MXM00076680","MEXICO CITY, MX","2022-11-22","72",",,S","53",",,S"
"MXM00076680","MEXICO CITY, MX","2022-11-23",,,,
"MXM00076680","MEXICO CITY, MX","2022-11-24","77",",,S","54",",,S"
"MXM00076680","MEXICO CITY, MX","2022-11-26","78",",,S","52",",,S"
"MXM00076680","MEXICO CITY, MX","2022-11-28","78",",,S","53",",,S"
"MXM00076680","MEXICO CITY, MX","2022-11-29","77",",,S","51",",,S"
"MXM00076680","MEXICO CITY, MX","2022-11-30","76",",,S","51",",,S"
"MXM00076680","MEXICO CITY, MX","2022-12-01","76",",,S","52",",,S"
"MXM00076680","MEXICO CITY, MX","2022-12-02","75",",,S","51",",,S"
"MXM00076680","MEXICO CITY, MX","2022-12-03","77",",,S","51",",,S"
"MXM00076680","MEXICO CITY, MX","2022-12-04",,,,
"MXM00076680","MEXICO CITY, MX","2022-12-05",,,,
"MXM00076680","MEXICO CITY, MX","2022-12-06","77",",,S","47",",,S"
"MXM00076680","MEXICO CITY, MX","2022-12-07","78",",,S","49",",,S"
"MXM00076680","MEXICO CITY, MX","2022-12-08","79",",,S","45",",,S"
"MXM00076680","MEXICO CITY, MX","2022-12-09","75",",,S","45",",,S"
"MXM00076680","MEXICO CITY, MX","2022-12-10","75",",,S","47",",,S"
"MXM00076680","MEXICO CITY, MX","2022-12-11","74",",,S","49",",,S"
"MXM00076680","MEXICO CITY, MX","2022-12-12","74",",,S","47",",,S"
"MXM00076680","MEXICO CITY, MX","2022-12-13","76",",,S","47",",,S"
"MXM00076680","MEXICO CITY, MX","2022-12-14","74",",,S","48",",,S"
"MXM00076680","MEXICO CITY, MX","2022-12-15",,,,
"MXM00076680","MEXICO CITY, MX","2022-12-16","78",",,S","49",",,S"
"MXM00076680","MEXICO CITY, MX","2022-12-17","78",",,S","49",",,S"
"MXM00076680","MEXICO CITY, MX","2022-12-20","76",",,S","48",",,S"
"MXM00076680","MEXICO CITY, MX","2022-12-21","76",",,S","44",",,S"
"MXM00076680","MEXICO CITY, MX","2022-12-22",,,,
"MXM00076680","MEXICO CITY, MX","2022-12-23","75",",,S","50",",,S"
"MXM00076680","MEXICO CITY, MX","2022-12-24","72",",,S","50",",,S"
"MXM00076680","MEXICO CITY, MX","2022-12-25","67",",,S","50",",,S"
"MXM00076680","MEXICO CITY, MX","2022-12-26","63",",,S","45",",,S"
"MXM00076680","MEXICO CITY, MX","2022-12-27","68",",,S","45",",,S"
"MXM00076680","MEXICO CITY, MX","2022-12-28","68",",,S","45",",,S"
"MXM00076680","MEXICO CITY, MX","2022-12-29","70",",,S","45",",,S"
"MXM00076680","MEXICO CITY, MX","2022-12-30","68",",,S","45",",,S"
"MXM00076680","MEXICO CITY, MX","2023-01-01","73",",,S","49",",,S"
"MXM00076680","MEXICO CITY, MX","2023-01-02","73",",,S","49",",,S"
"MXM00076680","MEXICO CITY, MX","2023-01-03","73",",,S","49",",,S"
"MXM00076680","MEXICO CITY, MX","2023-01-04","76",",,S","47",",,S"
"MXM00076680","MEXICO CITY, MX","2023-01-05","76",",,S","47",",,S"
"MXM00076680","MEXICO CITY, MX","2023-01-06","74",",,S","46",",,S"
"MXM00076680","MEXICO CITY, MX","2023-01-07","74",",,S","46",",,S"
"MXM00076680","MEXICO CITY, MX","2023-01-08","75",",,S","46",",,S"
"MXM00076680","MEXICO CITY, MX","2023-01-09","75",",,S","46",",,S"
"MXM00076680","MEXICO CITY, MX","2023-01-11","72",",,S","49",",,S"
"MXM00076680","MEXICO CITY, MX","2023-01-12","74",",,S","46",",,S"
"MXM00076680","MEXICO CITY, MX","2023-01-13","70",",,S","46",",,S"
"MXM00076680","MEXICO CITY, MX","2023-01-14","69",",,S","42",",,S"
"MXM00076680","MEXICO CITY, MX","2023-01-15","71",",,S","42",",,S"
"MXM00076680","MEXICO CITY, MX","2023-01-17","77",",,S","46",",,S"
"MXM00076680","MEXICO CITY, MX","2023-01-18","79",",,S","47",",,S"
"MXM00076680","MEXICO CITY, MX","2023-01-19",,,,
"MXM00076680","MEXICO CITY, MX","2023-01-20","80",",,S","50",",,S"
"MXM00076680","MEXICO CITY, MX","2023-01-21","80",",,S","50",",,S"
"MXM00076680","MEXICO CITY, MX","2023-01-23","79",",,S","49",",,S"
"MXM00076680","MEXICO CITY, MX","2023-01-24","77",",,S","49",",,S"
"MXM00076680","MEXICO CITY, MX","2023-01-25","77",",,S","49",",,S"
"MXM00076680","MEXICO CITY, MX","2023-01-26","79",",,S","49",",,S"
"MXM00076680","MEXICO CITY, MX","2023-01-27","74",",,S","44",",,S"
"MXM00076680","MEXICO CITY, MX","2023-01-28","75",",,S","44",",,S"
"MXM00076680","MEXICO CITY, MX","2023-01-29","77",",,S","48",",,S"
"MXM00076680","MEXICO CITY, MX","2023-01-30","79",",,S","50",",,S"
"MXM00076680","MEXICO CITY, MX","2023-01-31","81",",,S","50",",,S"
"MXM00076680","MEXICO CITY, MX","2023-02-01","82",",,S","49",",,S"
"MXM00076680","MEXICO CITY, MX","2023-02-02","80",",,S","49",",,S"
"MXM00076680","MEXICO CITY, MX","2023-02-03","80",",,S","47",",,S"
"MXM00076680","MEXICO CITY, MX","2023-02-04",,,,
"MXM00076680","MEXICO CITY, MX","2023-02-05","76",",,S","41",",,S"
"MXM00076680","MEXICO CITY, MX","2023-02-06",,,,
"MXM00076680","MEXICO CITY, MX","2023-02-07","78",",,S","45",",,S"
"MXM00076680","MEXICO CITY, MX","2023-02-08","78",",,S","49",",,S"
"MXM00076680","MEXICO CITY, MX","2023-02-09","77",",,S","51",",,S"
"MXM00076680","MEXICO CITY, MX","2023-02-10","76",",,S","51",",,S"
"MXM00076680","MEXICO CITY, MX","2023-02-11","76",",,S","48",",,S"
"MXM00076680","MEXICO CITY, MX","2023-02-12",,,,
"MXM00076680","MEXICO CITY, MX","2023-02-13",,,,
"MXM00076680","MEXICO CITY, MX","2023-02-14","82",",,S","51",",,S"
"MXM00076680","MEXICO CITY, MX","2023-02-15",,,,
"MXM00076680","MEXICO CITY, MX","2023-02-16","83",",,S","51",",,S"
"MXM00076680","MEXICO CITY, MX","2023-02-17","86",",,S","52",",,S"
"MXM00076680","MEXICO CITY, MX","2023-02-18","82",",,S","46",",,S"
"MXM00076680","MEXICO CITY, MX","2023-02-19","79",",,S","46",",,S"
"MXM00076680","MEXICO CITY, MX","2023-02-20","80",",,S","52",",,S"
"MXM00076680","MEXICO CITY, MX","2023-02-21","83",",,S","51",",,S"
"MXM00076680","MEXICO CITY, MX","2023-02-22","81",",,S","51",",,S"
"MXM00076680","MEXICO CITY, MX","2023-02-23","81",",,S","50",",,S"
"MXM00076680","MEXICO CITY, MX","2023-02-24","83",",,S","50",",,S"
"MXM00076680","MEXICO CITY, MX","2023-02-25","83",",,S","52",",,S"
"MXM00076680","MEXICO CITY, MX","2023-02-26","79",",,S","52",",,S"
"MXM00076680","MEXICO CITY, MX","2023-02-27","82",",,S","54",",,S"
"MXM00076680","MEXICO CITY, MX","2023-02-28",,,,
"MXM00076680","MEXICO CITY, MX","2023-03-01","87",",,S","55",",,S"
"MXM00076680","MEXICO CITY, MX","2023-03-02",,,,
"MXM00076680","MEXICO CITY, MX","2023-03-03","87",",,S","54",",,S"
"MXM00076680","MEXICO CITY, MX","2023-03-04","87",",,S","54",",,S"
"MXM00076680","MEXICO CITY, MX","2023-03-05","86",",,S","55",",,S"
"MXM00076680","MEXICO CITY, MX","2023-03-06","85",",,S","55",",,S"
"MXM00076680","MEXICO CITY, MX","2023-03-07","84",",,S","54",",,S"
"MXM00076680","MEXICO CITY, MX","2023-03-08","85",",,S","53",",,S"
"MXM00076680","MEXICO CITY, MX","2023-03-09","81",",,S","53",",,S"
"MXM00076680","MEXICO CITY, MX","2023-03-10","82",",,S","53",",,S"
"MXM00076680","MEXICO CITY, MX","2023-03-11","84",",,S","54",",,S"
"MXM00076680","MEXICO CITY, MX","2023-03-12","83",",,S","54",",,S"
"MXM00076680","MEXICO CITY, MX","2023-03-13","79",",,S","54",",,S"
"MXM00076680","MEXICO CITY, MX","2023-03-14","79",",,S","52",",,S"
"MXM00076680","MEXICO CITY, MX","2023-03-15","77",",,S","51",",,S"
"MXM00076680","MEXICO CITY, MX","2023-03-16","74",",,S","50",",,S"
"MXM00076680","MEXICO CITY, MX","2023-03-17",,,,
"MXM00076680","MEXICO CITY, MX","2023-03-18","80",",,S","51",",,S"
"MXM00076680","MEXICO CITY, MX","2023-03-19",,,,
"MXM00076680","MEXICO CITY, MX","2023-03-20",,,,
"MXM00076680","MEXICO CITY, MX","2023-03-21","80",",,S","51",",,S"
"MXM00076680","MEXICO CITY, MX","2023-03-22","83",",,S","51",",,S"
"MXM00076680","MEXICO CITY, MX","2023-03-23","84",",,S","53",",,S"
"MXM00076680","MEXICO CITY, MX","2023-03-24","85",",,S","55",",,S"
"MXM00076680","MEXICO CITY, MX","2023-03-25","85",",,S","58",",,S"
"MXM00076680","MEXICO CITY, MX","2023-03-26",,,,
"MXM00076680","MEXICO CITY, MX","2023-03-28","89",",,S","56",",,S"
"MXM00076680","MEXICO CITY, MX","2023-03-29","85",",,S","54",",,S"
"MXM00076680","MEXICO CITY, MX","2023-03-30",,,,
"MXM00076680","MEXICO CITY, MX","2023-03-31","84",",,S","54",",,S"
"MXM00076680","MEXICO CITY, MX","2023-04-01",,,,
"MXM00076680","MEXICO CITY, MX","2023-04-02","89",",,S","58",",,S"
"MXM00076680","MEXICO CITY, MX","2023-04-03","87",",,S","58",",,S"
"MXM00076680","MEXICO CITY, MX","2023-04-04","89",",,S","58",",,S"
"MXM00076680","MEXICO CITY, MX","2023-04-05","90",",,S","58",",,S"
"MXM00076680","MEXICO CITY, MX","2023-04-06","90",",,S","58",",,S"
"MXM00076680","MEXICO CITY, MX","2023-04-07","86",",,S","58",",,S"
"MXM00076680","MEXICO CITY, MX","2023-04-08","83",",,S","56",",,S"
"MXM00076680","MEXICO CITY, MX","2023-04-09","81",",,S","56",",,S"
"MXM00076680","MEXICO CITY, MX","2023-04-10",,,,
"MXM00076680","MEXICO CITY, MX","2023-04-11","76",",,S","53",",,S"
"MXM00076680","MEXICO CITY, MX","2023-04-12",,,,
"MXM00076680","MEXICO CITY, MX","2023-05-31",,,,
"MXM00076680","MEXICO CITY, MX","2023-06-01","85",",,S","58",",,S"
"MXM00076680","MEXICO CITY, MX","2023-06-02","86",",,S","62",",,S"
"MXM00076680","MEXICO CITY, MX","2023-06-03",,,,
"MXM00076680","MEXICO CITY, MX","2023-06-04","88",",,S","62",",,S"
"MXM00076680","MEXICO CITY, MX","2023-06-05","88",",,S","60",",,S"
"MXM00076680","MEXICO CITY, MX","2023-06-06","86",",,S","58",",,S"
"MXM00076680","MEXICO CITY, MX","2023-06-07","84",",,S","58",",,S"
"MXM00076680","MEXICO CITY, MX","2023-06-08",,,,
"MXM00076680","MEXICO CITY, MX","2023-06-09",,,,
"MXM00076680","MEXICO CITY, MX","2023-06-10","86",",,S","59",",,S"
"MXM00076680","MEXICO CITY, MX","2023-06-11","91",",,S","63",",,S"
"MXM00076680","MEXICO CITY, MX","2023-06-12","91",",,S","62",",,S"
"MXM00076680","MEXICO CITY, MX","2023-06-13","90",",,S","62",",,S"
"MXM00076680","MEXICO CITY, MX","2023-06-14","91",",,S","59",",,S"
"MXM00076680","MEXICO CITY, MX","2023-06-15","92",",,S","62",",,S"
"MXM00076680","MEXICO CITY, MX","2023-06-16","92",",,S","51",",,S"
"MXM00076680","MEXICO CITY, MX","2023-06-17","91",",,S","64",",,S"
"MXM00076680","MEXICO CITY, MX","2023-06-18","90",",,S","63",",,S"
"MXM00076680","MEXICO CITY, MX","2023-06-19","90",",,S","63",",,S"
"MXM00076680","MEXICO CITY, MX","2023-06-20","91",",,S","61",",,S"
"MXM00076680","MEXICO CITY, MX","2023-06-21","91",",,S","61",",,S"
"MXM00076680","MEXICO CITY, MX","2023-06-22","89",",,S","63",",,S"
"MXM00076680","MEXICO CITY, MX","2023-06-23",,,,
"MXM00076680","MEXICO CITY, MX","2023-06-24","85",",,S","59",",,S"
"MXM00076680","MEXICO CITY, MX","2023-06-25","83",",,S","59",",,S"
"MXM00076680","MEXICO CITY, MX","2023-06-26","80",",,S","60",",,S"
"MXM00076680","MEXICO CITY, MX","2023-06-27",,,,
"MXM00076680","MEXICO CITY, MX","2023-06-28","82",",,S","56",",,S"
"MXM00076680","MEXICO CITY, MX","2023-06-29","80",",,S","58",",,S"
"MXM00076680","MEXICO CITY, MX","2023-06-30","77",",,S","61",",,S"
"MXM00076680","MEXICO CITY, MX","2023-07-01",,,,
"MXM00076680","MEXICO CITY, MX","2023-07-02","85",",,S","58",",,S"
"MXM00076680","MEXICO CITY, MX","2023-07-03","85",",,S","58",",,S"
"MXM00076680","MEXICO CITY, MX","2023-07-04","83",",,S","58",",,S"
"MXM00076680","MEXICO CITY, MX","2023-07-05","83",",,S","60",",,S"
"MXM00076680","MEXICO CITY, MX","2023-07-06","84",",,S","60",",,S"
"MXM00076680","MEXICO CITY, MX","2023-07-07",,,,
"MXM00076680","MEXICO CITY, MX","2023-07-08","83",",,S","58",",,S"
"MXM00076680","MEXICO CITY, MX","2023-07-09","83",",,S","58",",,S"
"MXM00076680","MEXICO CITY, MX","2023-07-10","81",",,S","58",",,S"
"MXM00076680","MEXICO CITY, MX","2023-07-11","82",",,S","54",",,S"
"MXM00076680","MEXICO CITY, MX","2023-07-12",,,,
"MXM00076680","MEXICO CITY, MX","2023-07-13","84",",,S","56",",,S"
"MXM00076680","MEXICO CITY, MX","2023-07-14",,,,
"MXM00076680","MEXICO CITY, MX","2023-07-15","85",",,S","58",",,S"
"MXM00076680","MEXICO CITY, MX","2023-07-16","83",",,S","58",",,S"
"MXM00076680","MEXICO CITY, MX","2023-07-17",,,,
"MXM00076680","MEXICO CITY, MX","2023-07-18","81",",,S","56",",,S"
"MXM00076680","MEXICO CITY, MX","2023-07-19","83",",,S","58",",,S"
"MXM00076680","MEXICO CITY, MX","2023-07-20",,,,
"MXM00076680","MEXICO CITY, MX","2023-07-21","83",",,S","55",",,S"
"MXM00076680","MEXICO CITY, MX","2023-07-22",,,,
"MXM00076680","MEXICO CITY, MX","2023-07-23",,,,
"MXM00076680","MEXICO CITY, MX","2023-07-24",,,,
"MXM00076680","MEXICO CITY, MX","2023-07-25",,,,
"MXM00076680","MEXICO CITY, MX","2023-07-26",,,,
"MXM00076680","MEXICO CITY, MX","2023-07-27","64",",,S","56",",,S"
"MXM00076680","MEXICO CITY, MX","2023-07-28","74",",,S","54",",,S"
"MXM00076680","MEXICO CITY, MX","2023-07-29",,,,
"MXM00076680","MEXICO CITY, MX","2023-07-30","68",",,S","55",",,S"
"MXM00076680","MEXICO CITY, MX","2023-07-31",,,,
"MXM00076680","MEXICO CITY, MX","2023-08-01","81",",,S","58",",,S"
"MXM00076680","MEXICO CITY, MX","2023-08-02","81",",,S","58",",,S"
"MXM00076680","MEXICO CITY, MX","2023-08-03","81",",,S","55",",,S"
"MXM00076680","MEXICO CITY, MX","2023-08-04",,,,
"MXM00076680","MEXICO CITY, MX","2023-08-05",,,,
"MXM00076680","MEXICO CITY, MX","2023-08-06","82",",,S","58",",,S"
"MXM00076680","MEXICO CITY, MX","2023-08-07","82",",,S","58",",,S"
"MXM00076680","MEXICO CITY, MX","2023-08-08","84",",,S","58",",,S"
"MXM00076680","MEXICO CITY, MX","2023-08-09","84",",,S","58",",,S"
"MXM00076680","MEXICO CITY, MX","2023-08-10","87",",,S","60",",,S"
"MXM00076680","MEXICO CITY, MX","2023-08-11","85",",,S","58",",,S"
"MXM00076680","MEXICO CITY, MX","2023-08-12","85",",,S","56",",,S"
"MXM00076680","MEXICO CITY, MX","2023-08-13","81",",,S","57",",,S"
"MXM00076680","MEXICO CITY, MX","2023-08-14",,,,
"MXM00076680","MEXICO CITY, MX","2023-08-15","74",",,S","54",",,S"
"MXM00076680","MEXICO CITY, MX","2023-08-16",,,,
"MXM00076680","MEXICO CITY, MX","2023-08-17",,,,
"MXM00076680","MEXICO CITY, MX","2023-08-18",,,,
"MXM00076680","MEXICO CITY, MX","2023-08-19","79",",,S","55",",,S"
"MXM00076680","MEXICO CITY, MX","2023-08-20",,,,
"MXM00076680","MEXICO CITY, MX","2023-08-21","73",",,S","55",",,S"
"MXM00076680","MEXICO CITY, MX","2023-08-22",,,,
"MXM00076680","MEXICO CITY, MX","2023-08-23","80",",,S","56",",,S"
"MXM00076680","MEXICO CITY, MX","2023-08-24","72",",,S","56",",,S"
"MXM00076680","MEXICO CITY, MX","2023-08-25","72",",,S","54",",,S"
"MXM00076680","MEXICO CITY, MX","2023-08-26",,,,
"MXM00076680","MEXICO CITY, MX","2023-08-27","75",",,S","54",",,S"
"MXM00076680","MEXICO CITY, MX","2023-08-28",,,,
"MXM00076680","MEXICO CITY, MX","2023-08-29",,,,
"MXM00076680","MEXICO CITY, MX","2023-08-30",,,,
"MXM00076680","MEXICO CITY, MX","2023-08-31","84",",,S","54",",,S"
"MXM00076680","MEXICO CITY, MX","2023-09-01","78",",,S","58",",,S"
"MXM00076680","MEXICO CITY, MX","2023-09-02","80",",,S","58",",,S"
"MXM00076680","MEXICO CITY, MX","2023-09-03",,,,
"MXM00076680","MEXICO CITY, MX","2023-09-04","83",",,S","56",",,S"
"MXM00076680","MEXICO CITY, MX","2023-09-05","83",",,S","56",",,S"
"MXM00076680","MEXICO CITY, MX","2023-09-06","83",",,S","60",",,S"
"MXM00076680","MEXICO CITY, MX","2023-09-07",,,,
"MXM00076680","MEXICO CITY, MX","2023-09-08","83",",,S","58",",,S"
"MXM00076680","MEXICO CITY, MX","2023-09-09","80",",,S","56",",,S"
"MXM00076680","MEXICO CITY, MX","2023-09-10","79",",,S","56",",,S"
"MXM00076680","MEXICO CITY, MX","2023-09-11","78",",,S","54",",,S"
"MXM00076680","MEXICO CITY, MX","2023-09-12",,,,
"MXM00076680","MEXICO CITY, MX","2023-09-13","81",",,S","55",",,S"
"MXM00076680","MEXICO CITY, MX","2023-09-14",,,,
"MXM00076680","MEXICO CITY, MX","2023-09-15","85",",,S","58",",,S"
"MXM00076680","MEXICO CITY, MX","2023-09-16","82",",,S","57",",,S"
"MXM00076680","MEXICO CITY, MX","2023-09-17","82",",,S","58",",,S"
"MXM00076680","MEXICO CITY, MX","2023-09-18","81",",,S","58",",,S"
"MXM00076680","MEXICO CITY, MX","2023-09-19","77",",,S","56",",,S"
"MXM00076680","MEXICO CITY, MX","2023-09-20","83",",,S","56",",,S"
"MXM00076680","MEXICO CITY, MX","2023-09-21","83",",,S","56",",,S"
"MXM00076680","MEXICO CITY, MX","2023-09-22",,,,
"MXM00076680","MEXICO CITY, MX","2023-09-23","85",",,S","60",",,S"
"MXM00076680","MEXICO CITY, MX","2023-09-24","83",",,S","57",",,S"
"MXM00076680","MEXICO CITY, MX","2023-09-25","83",",,S","54",",,S"
"MXM00076680","MEXICO CITY, MX","2023-09-26","80",",,S","54",",,S"
"MXM00076680","MEXICO CITY, MX","2023-09-27","79",",,S","54",",,S"
"MXM00076680","MEXICO CITY, MX","2023-09-28","80",",,S","54",",,S"
"MXM00076680","MEXICO CITY, MX","2023-09-29","81",",,S","55",",,S"
"MXM00076680","MEXICO CITY, MX","2023-09-30","80",",,S","57",",,S"
"MXM00076680","MEXICO CITY, MX","2023-10-01","80",",,S","57",",,S"
"MXM00076680","MEXICO CITY, MX","2023-10-02",,,,
"MXM00076680","MEXICO CITY, MX","2023-10-03",,,,
"MXM00076680","MEXICO CITY, MX","2023-10-04","83",",,S","57",",,S"
"MXM00076680","MEXICO CITY, MX","2023-10-05","82",",,S","57",",,S"
"MXM00076680","MEXICO CITY, MX","2023-10-06","83",",,S","58",",,S"
"MXM00076680","MEXICO CITY, MX","2023-10-07","82",",,S","58",",,S"
"MXM00076680","MEXICO CITY, MX","2023-10-08",,,,
"MXM00076680","MEXICO CITY, MX","2023-10-09",,,,
"MXM00076680","MEXICO CITY, MX","2023-10-10",,,,
"MXM00076680","MEXICO CITY, MX","2023-10-11","77",",,S","60",",,S"
"MXM00076680","MEXICO CITY, MX","2023-10-12","84",",,S","55",",,S"
"MXM00076680","MEXICO CITY, MX","2023-10-13",,,,
"MXM00076680","MEXICO CITY, MX","2023-10-14",,,,
"MXM00076680","MEXICO CITY, MX","2023-10-15",,,,
"MXM00076680","MEXICO CITY, MX","2023-10-16","68",",,S","54",",,S"
"MXM00076680","MEXICO CITY, MX","2023-10-17",,,,
"MXM00076680","MEXICO CITY, MX","2023-10-18",,,,
"MXM00076680","MEXICO CITY, MX","2023-10-19","79",",,S","49",",,S"
"MXM00076680","MEXICO CITY, MX","2023-10-20","80",",,S","49",",,S"
"MXM00076680","MEXICO CITY, MX","2023-10-21",,,,
"MXM00076680","MEXICO CITY, MX","2023-10-22","84",",,S","53",",,S"
"MXM00076680","MEXICO CITY, MX","2023-10-23","84",",,S","55",",,S"
"MXM00076680","MEXICO CITY, MX","2023-10-24","84",",,S","55",",,S"
"MXM00076680","MEXICO CITY, MX","2023-10-25","78",",,S","58",",,S"
"MXM00076680","MEXICO CITY, MX","2023-10-26",,,,
"MXM00076680","MEXICO CITY, MX","2023-10-27","78",",,S","57",",,S"
"MXM00076680","MEXICO CITY, MX","2023-10-28","80",",,S","57",",,S"
"MXM00076680","MEXICO CITY, MX","2023-10-29","81",",,S","55",",,S"
"MXM00076680","MEXICO CITY, MX","2023-10-30","80",",,S","52",",,S"
"MXM00076680","MEXICO CITY, MX","2023-10-31",,,,
"MXM00076680","MEXICO CITY, MX","2023-11-01","78",",,S","49",",,S"
"MXM00076680","MEXICO CITY, MX","2023-11-02","76",",,S","47",",,S"
"MXM00076680","MEXICO CITY, MX","2023-11-03",,,,
"MXM00076680","MEXICO CITY, MX","2023-11-04","77",",,S","49",",,S"
"MXM00076680","MEXICO CITY, MX","2023-11-05",,,,
"MXM00076680","MEXICO CITY, MX","2023-11-06","80",",,S","50",",,S"
"MXM00076680","MEXICO CITY, MX","2023-11-07","83",",,S","51",",,S"
"MXM00076680","MEXICO CITY, MX","2023-11-08","84",",,S","56",",,S"
"MXM00076680","MEXICO CITY, MX","2023-11-09","85",",,S","60",",,S"
"MXM00076680","MEXICO CITY, MX","2023-11-10","83",",,S","54",",,S"
"MXM00076680","MEXICO CITY, MX","2023-11-11","86",",,S","54",",,S"
"MXM00076680","MEXICO CITY, MX","2023-11-12","81",",,S","54",",,S"
"MXM00076680","MEXICO CITY, MX","2023-11-13","80",",,S","54",",,S"
"MXM00076680","MEXICO CITY, MX","2023-11-14","74",",,S","54",",,S"
"MXM00076680","MEXICO CITY, MX","2023-11-15",,,,
"MXM00076680","MEXICO CITY, MX","2023-11-16",,,,
"MXM00076680","MEXICO CITY, MX","2023-11-17",,,,
"MXM00076680","MEXICO CITY, MX","2023-11-18","80",",,S","48",",,S"
"MXM00076680","MEXICO CITY, MX","2023-11-19",,,,
"MXM00076680","MEXICO CITY, MX","2023-11-20","84",",,S","50",",,S"
"MXM00076680","MEXICO CITY, MX","2023-11-21","85",",,S","54",",,S"
"MXM00076680","MEXICO CITY, MX","2023-11-22","80",",,S","47",",,S"
"MXM00076680","MEXICO CITY, MX","2023-11-23","69",",,S","53",",,S"
"MXM00076680","MEXICO CITY, MX","2023-11-24",,,,
"MXM00076680","MEXICO CITY, MX","2023-11-25","77",",,S","47",",,S"
"MXM00076680","MEXICO CITY, MX","2023-11-26","78",",,S","49",",,S"
"MXM00076680","MEXICO CITY, MX","2023-11-27","76",",,S","50",",,S"
"MXM00076680","MEXICO CITY, MX","2023-11-28","71",",,S","53",",,S"
"MXM00076680","MEXICO CITY, MX","2023-11-29",,,,
"MXM00076680","MEXICO CITY, MX","2023-11-30",,,,
"MXM00076680","MEXICO CITY, MX","2023-12-01","74",",,S","53",",,S"
"MXM00076680","MEXICO CITY, MX","2023-12-02","75",",,S","55",",,S"
"MXM00076680","MEXICO CITY, MX","2023-12-03","71",",,S","55",",,S"
"MXM00076680","MEXICO CITY, MX","2023-12-04",,,,
"MXM00076680","MEXICO CITY, MX","2023-12-05","71",",,S","53",",,S"
"MXM00076680","MEXICO CITY, MX","2023-12-06","73",",,S","51",",,S"
"MXM00076680","MEXICO CITY, MX","2023-12-07",,,,
"MXM00076680","MEXICO CITY, MX","2023-12-08",,,,
"MXM00076680","MEXICO CITY, MX","2023-12-09","75",",,S","47",",,S"
"MXM00076680","MEXICO CITY, MX","2023-12-10",,,,
"MXM00076680","MEXICO CITY, MX","2023-12-11",,,,
"MXM00076680","MEXICO CITY, MX","2023-12-12",,,,
"MXM00076680","MEXICO CITY, MX","2023-12-13","68",",,S","49",",,S"
"MXM00076680","MEXICO CITY, MX","2023-12-14","64",",,S","49",",,S"
"MXM00076680","MEXICO CITY, MX","2023-12-15",,,,
"MXM00076680","MEXICO CITY, MX","2023-12-16",,,,
"MXM00076680","MEXICO CITY, MX","2023-12-17",,,,
"MXM00076680","MEXICO CITY, MX","2023-12-18","70",",,S","45",",,S"
"MXM00076680","MEXICO CITY, MX","2023-12-19","73",",,S","43",",,S"
"MXM00076680","MEXICO CITY, MX","2023-12-20","72",",,S","43",",,S"
"MXM00076680","MEXICO CITY, MX","2023-12-21","73",",,S","44",",,S"
"MXM00076680","MEXICO CITY, MX","2023-12-22","74",",,S","44",",,S"
"MXM00076680","MEXICO CITY, MX","2023-12-23","75",",,S","45",",,S"
"MXM00076680","MEXICO CITY, MX","2023-12-24","74",",,S","45",",,S"
"MXM00076680","MEXICO CITY, MX","2023-12-25","74",",,S","50",",,S"
"MXM00076680","MEXICO CITY, MX","2023-12-26","74",",,S","50",",,S"
"MXM00076680","MEXICO CITY, MX","2023-12-27",,,,
"MXM00076680","MEXICO CITY, MX","2023-12-28",,,,
"MXM00076680","MEXICO CITY, MX","2023-12-29","73",",,S","41",",,S"
"MXM00076680","MEXICO CITY, MX","2023-12-30","71",",,S","42",",,S"
"MXM00076680","MEXICO CITY, MX","2023-12-31",,,,
"MXM00076680","MEXICO CITY, MX","2024-01-01","75",",,S","45",",,S"
"MXM00076680","MEXICO CITY, MX","2024-01-02","74",",,S","45",",,S"
"MXM00076680","MEXICO CITY, MX","2024-01-03",,,,
"MXM00076680","MEXICO CITY, MX","2024-01-04","78",",,S","47",",,S"
"MXM00076680","MEXICO CITY, MX","2024-01-05","74",",,S","47",",,S"
"MXM00076680","MEXICO CITY, MX","2024-01-06","74",",,S","48",",,S"
"MXM00076680","MEXICO CITY, MX","2024-01-08",,,,
"MXM00076680","MEXICO CITY, MX","2024-01-09","75",",,S","52",",,S"
"MXM00076680","MEXICO CITY, MX","2024-01-10","74",",,S","51",",,S"
"MXM00076680","MEXICO CITY, MX","2024-01-11",,,,
"MXM00076680","MEXICO CITY, MX","2024-01-12","80",",,S","47",",,S"
"MXM00076680","MEXICO CITY, MX","2024-01-13","84",",,S","51",",,S"
"MXM00076680","MEXICO CITY, MX","2024-01-14","77",",,S","52",",,S"
"MXM00076680","MEXICO CITY, MX","2024-01-15",,,,
"MXM00076680","MEXICO CITY, MX","2024-01-16","83",",,S","51",",,S"
"MXM00076680","MEXICO CITY, MX","2024-01-17","81",",,S","51",",,S"
"MXM00076680","MEXICO CITY, MX","2024-01-18","80",",,S","53",",,S"
"MXM00076680","MEXICO CITY, MX","2024-01-19",,,,
"MXM00076680","MEXICO CITY, MX","2024-01-20",,,,
"MXM00076680","MEXICO CITY, MX","2024-01-21","68",",,S","49",",,S"
"MXM00076680","MEXICO CITY, MX","2024-01-22",,,,
"MXM00076680","MEXICO CITY, MX","2024-01-23",,,,
"MXM00076680","MEXICO CITY, MX","2024-01-24",,,,
"MXM00076680","MEXICO CITY, MX","2024-01-25","79",",,S","49",",,S"
"MXM00076680","MEXICO CITY, MX","2024-01-26",,,,
"MXM00076680","MEXICO CITY, MX","2024-01-27","78",",,S","49",",,S"
"MXM00076680","MEXICO CITY, MX","2024-01-28","80",",,S","49",",,S"
"MXM00076680","MEXICO CITY, MX","2024-01-29","73",",,S","45",",,S"
"MXM00076680","MEXICO CITY, MX","2024-01-30","71",",,S","45",",,S"
"MXM00076680","MEXICO CITY, MX","2024-01-31",,,,
"MXM00076680","MEXICO CITY, MX","2024-02-01","75",",,S","53",",,S"
"MXM00076680","MEXICO CITY, MX","2024-02-02",,,,
"MXM00076680","MEXICO CITY, MX","2024-02-03","77",",,S","48",",,S"
"MXM00076680","MEXICO CITY, MX","2024-02-04",,,,
"MXM00076680","MEXICO CITY, MX","2024-02-05","79",",,S","48",",,S"
"MXM00076680","MEXICO CITY, MX","2024-02-06",,,,
"MXM00076680","MEXICO CITY, MX","2024-02-07",,,,
"MXM00076680","MEXICO CITY, MX","2024-02-08",,,,
"MXM00076680","MEXICO CITY, MX","2024-02-09","87",",,S","51",",,S"
"MXM00076680","MEXICO CITY, MX","2024-02-10","87",",,S","50",",,S"
"MXM00076680","MEXICO CITY, MX","2024-02-11","82",",,S","50",",,S"
"MXM00076680","MEXICO CITY, MX","2024-02-12","81",",,S","51",",,S"
"MXM00076680","MEXICO CITY, MX","2024-02-13","79",",,S","55",",,S"
"MXM00076680","MEXICO CITY, MX","2024-02-14",,,,
"MXM00076680","MEXICO CITY, MX","2024-02-15",,,,
"MXM00076680","MEXICO CITY, MX","2024-02-16","78",",,S","53",",,S"
"MXM00076680","MEXICO CITY, MX","2024-02-17",,,,
"MXM00076680","MEXICO CITY, MX","2024-02-18",,,,
"MXM00076680","MEXICO CITY, MX","2024-02-19",,,,
"MXM00076680","MEXICO CITY, MX","2024-02-20",,,,
"MXM00076680","MEXICO CITY, MX","2024-02-21",,,,
"MXM00076680","MEXICO CITY, MX","2024-02-22","84",",,S","46",",,S"
"MXM00076680","MEXICO CITY, MX","2024-02-23","84",",,S","50",",,S"
"MXM00076680","MEXICO CITY, MX","2024-02-24","85",",,S","51",",,S"
"MXM00076680","MEXICO CITY, MX","2024-02-25","84",",,S","51",",,S"
"MXM00076680","MEXICO CITY, MX","2024-02-26","83",",,S","53",",,S"
"MXM00076680","MEXICO CITY, MX","2024-02-27","86",",,S","53",",,S"
"MXM00076680","MEXICO CITY, MX","2024-02-28","87",",,S","54",",,S"
"MXM00076680","MEXICO CITY, MX","2024-02-29","85",",,S","54",",,S"
"MXM00076680","MEXICO CITY, MX","2024-03-01","85",",,S","54",",,S"
"MXM00076680","MEXICO CITY, MX","2024-03-02",,,,
"MXM00076680","MEXICO CITY, MX","2024-03-03",,,,
"MXM00076680","MEXICO CITY, MX","2024-03-04","86",",,S","55",",,S"
"MXM00076680","MEXICO CITY, MX","2024-03-05","86",",,S","54",",,S"
"MXM00076680","MEXICO CITY, MX","2024-03-06","85",",,S","54",",,S"
"MXM00076680","MEXICO CITY, MX","2024-03-07","88",",,S","56",",,S"
"MXM00076680","MEXICO CITY, MX","2024-03-08","90",",,S","56",",,S"
"MXM00076680","MEXICO CITY, MX","2024-03-09","90",",,S","55",",,S"
"MXM00076680","MEXICO CITY, MX","2024-03-10","91",",,S","54",",,S"
"MXM00076680","MEXICO CITY, MX","2024-03-11","86",",,S","54",",,S"
"MXM00076680","MEXICO CITY, MX","2024-03-12","86",",,S","56",",,S"
"MXM00076680","MEXICO CITY, MX","2024-03-13","85",",,S","56",",,S"
"MXM00076680","MEXICO CITY, MX","2024-03-14",,,,
"MXM00076680","MEXICO CITY, MX","2024-03-15","87",",,S","56",",,S"
"MXM00076680","MEXICO CITY, MX","2024-03-16","86",",,S","56",",,S"
"MXM00076680","MEXICO CITY, MX","2024-03-17","87",",,S","58",",,S"
"MXM00076680","MEXICO CITY, MX","2024-03-18","86",",,S","59",",,S"
"MXM00076680","MEXICO CITY, MX","2024-03-19","87",",,S","59",",,S"
"MXM00076680","MEXICO CITY, MX","2024-03-20","84",",,S","59",",,S"
"MXM00076680","MEXICO CITY, MX","2024-03-21",,,,
"MXM00076680","MEXICO CITY, MX","2024-03-22","85",",,S","58",",,S"
"MXM00076680","MEXICO CITY, MX","2024-03-23",,,,
"MXM00076680","MEXICO CITY, MX","2024-03-24","87",",,S","57",",,S"
"MXM00076680","MEXICO CITY, MX","2024-03-25","85",",,S","53",",,S"
"MXM00076680","MEXICO CITY, MX","2024-03-26","82",",,S","53",",,S"
"MXM00076680","MEXICO CITY, MX","2024-03-27",,,,
"MXM00076680","MEXICO CITY, MX","2024-04-01",,,,
"MXM00076680","MEXICO CITY, MX","2024-04-02","87",",,S","61",",,S"
"MXM00076680","MEXICO CITY, MX","2024-04-03","90",",,S","58",",,S"
"MXM00076680","MEXICO CITY, MX","2024-04-04","85",",,S","56",",,S"
"MXM00076680","MEXICO CITY, MX","2024-04-05",,,,
"MXM00076680","MEXICO CITY, MX","2024-04-06",,,,
"MXM00076680","MEXICO CITY, MX","2024-04-07","88",",,S","58",",,S"
"MXM00076680","MEXICO CITY, MX","2024-04-08","87",",,S","59",",,S"
"MXM00076680","MEXICO CITY, MX","2024-04-09","83",",,S","59",",,S"
"MXM00076680","MEXICO CITY, MX","2024-04-10",,,,
"MXM00076680","MEXICO CITY, MX","2024-04-11","84",",,S","56",",,S"
"MXM00076680","MEXICO CITY, MX","2024-04-12",,,,
"MXM00076680","MEXICO CITY, MX","2024-04-13",,,,
"MXM00076680","MEXICO CITY, MX","2024-04-14","89",",,S","58",",,S"
"MXM00076680","MEXICO CITY, MX","2024-04-15","91",",,S","59",",,S"
"MXM00076680","MEXICO CITY, MX","2024-04-16","94",",,S","61",",,S"
"MXM00076680","MEXICO CITY, MX","2024-04-17","93",",,S","62",",,S"
"MXM00076680","MEXICO CITY, MX","2024-04-18","91",",,S","62",",,S"
"MXM00076680","MEXICO CITY, MX","2024-04-19","89",",,S","62",",,S"
"MXM00076680","MEXICO CITY, MX","2024-04-20","87",",,S","60",",,S"
"MXM00076680","MEXICO CITY, MX","2024-04-21","84",",,S","58",",,S"
"MXM00076680","MEXICO CITY, MX","2024-04-22","82",",,S","58",",,S"
"MXM00076680","MEXICO CITY, MX","2024-04-23",,,,
"MXM00076680","MEXICO CITY, MX","2024-04-24",,,,
"MXM00076680","MEXICO CITY, MX","2024-04-25","85",",,S","60",",,S"
"MXM00076680","MEXICO CITY, MX","2024-04-26","87",",,S","58",",,S"
"MXM00076680","MEXICO CITY, MX","2024-04-27",,,,
"MXM00076680","MEXICO CITY, MX","2024-04-29","85",",,S","60",",,S"
"MXM00076680","MEXICO CITY, MX","2024-04-30",,,,
"MXM00076680","MEXICO CITY, MX","2024-05-02","87",",,S","61",",,S"
"MXM00076680","MEXICO CITY, MX","2024-05-03",,,,
"MXM00076680","MEXICO CITY, MX","2024-05-04",,,,
"MXM00076680","MEXICO CITY, MX","2024-05-05","91",",,S","63",",,S"
"MXM00076680","MEXICO CITY, MX","2024-05-06","89",",,S","63",",,S"
"MXM00076680","MEXICO CITY, MX","2024-05-07","91",",,S","64",",,S"
"MXM00076680","MEXICO CITY, MX","2024-05-08",,,,
"MXM00076680","MEXICO CITY, MX","2024-05-09",,,,
"MXM00076680","MEXICO CITY, MX","2024-05-10","94",",,S","67",",,S"
"MXM00076680","MEXICO CITY, MX","2024-05-11",,,,
"MXM00076680","MEXICO CITY, MX","2024-05-12","93",",,S","65",",,S"
"MXM00076680","MEXICO CITY, MX","2024-05-13","92",",,S","65",",,S"
"MXM00076680","MEXICO CITY, MX","2024-05-14",,,,
"MXM00076680","MEXICO CITY, MX","2024-05-15","90",",,S","63",",,S"
"MXM00076680","MEXICO CITY, MX","2024-05-16","91",",,S","62",",,S"
"MXM00076680","MEXICO CITY, MX","2024-05-17","91",",,S","64",",,S"
"MXM00076680","MEXICO CITY, MX","2024-05-18","94",",,S","64",",,S"
"MXM00076680","MEXICO CITY, MX","2024-05-19","92",",,S","62",",,S"
"MXM00076680","MEXICO CITY, MX","2024-05-20",,,,
"MXM00076680","MEXICO CITY, MX","2024-05-21",,,,
"MXM00076680","MEXICO CITY, MX","2024-05-22","91",",,S","64",",,S"
"MXM00076680","MEXICO CITY, MX","2024-05-23","91",",,S","59",",,S"
"MXM00076680","MEXICO CITY, MX","2024-05-24",,,,
"MXM00076680","MEXICO CITY, MX","2024-05-25","94",",,S","63",",,S"
"MXM00076680","MEXICO CITY, MX","2024-05-26","94",",,S","63",",,S"
"MXM00076680","MEXICO CITY, MX","2024-05-27","93",",,S","62",",,S"
"MXM00076680","MEXICO CITY, MX","2024-05-28",,,,
"MXM00076680","MEXICO CITY, MX","2024-05-29","91",",,S","62",",,S"
"MXM00076680","MEXICO CITY, MX","2024-05-30","85",",,S","60",",,S"
"MXM00076680","MEXICO CITY, MX","2024-05-31",,,,
"MXM00076680","MEXICO CITY, MX","2024-06-01","91",",,S","60",",,S"
"MXM00076680","MEXICO CITY, MX","2024-06-02","92",",,S","62",",,S"
"MXM00076680","MEXICO CITY, MX","2024-06-03","91",",,S","63",",,S"
"MXM00076680","MEXICO CITY, MX","2024-06-04","93",",,S","63",",,S"
"MXM00076680","MEXICO CITY, MX","2024-06-05",,,,
"MXM00076680","MEXICO CITY, MX","2024-06-06","89",",,S","63",",,S"
"MXM00076680","MEXICO CITY, MX","2024-06-07","91",",,S","63",",,S"
"MXM00076680","MEXICO CITY, MX","2024-06-08","90",",,S","63",",,S"
"MXM00076680","MEXICO CITY, MX","2024-06-09",,,,
"MXM00076680","MEXICO CITY, MX","2024-06-10","85",",,S","60",",,S"
"MXM00076680","MEXICO CITY, MX","2024-06-11",,,,
"MXM00076680","MEXICO CITY, MX","2024-06-12","83",",,S","59",",,S"
"MXM00076680","MEXICO CITY, MX","2024-06-13","86",",,S","58",",,S"
"MXM00076680","MEXICO CITY, MX","2024-06-14","86",",,S","58",",,S"
"MXM00076680","MEXICO CITY, MX","2024-06-15",,,,
"MXM00076680","MEXICO CITY, MX","2024-06-16","82",",,S","59",",,S"
"MXM00076680","MEXICO CITY, MX","2024-06-17","83",",,S","58",",,S"
"MXM00076680","MEXICO CITY, MX","2024-06-18","84",",,S","58",",,S"
"MXM00076680","MEXICO CITY, MX","2024-06-19","85",",,S","59",",,S"
"MXM00076680","MEXICO CITY, MX","2024-06-20",,,,
"MXM00076680","MEXICO CITY, MX","2024-06-21","79",",,S","59",",,S"
"MXM00076680","MEXICO CITY, MX","2024-06-22",,,,
"MXM00076680","MEXICO CITY, MX","2024-06-23",,,,
"MXM00076680","MEXICO CITY, MX","2024-06-24",,,,
"MXM00076680","MEXICO CITY, MX","2024-06-25",,,,
"MXM00076680","MEXICO CITY, MX","2024-06-26","77",",,S","58",",,S"
"MXM00076680","MEXICO CITY, MX","2024-06-27",,,,
"MXM00076680","MEXICO CITY, MX","2024-06-28","76",",,S","58",",,S"
"MXM00076680","MEXICO CITY, MX","2024-06-29","77",",,S","58",",,S"
"MXM00076680","MEXICO CITY, MX","2024-06-30","78",",,S","57",",,S"
"MXM00076680","MEXICO CITY, MX","2024-07-01",,,,
"MXM00076680","MEXICO CITY, MX","2024-07-02",,,,
"MXM00076680","MEXICO CITY, MX","2024-07-03","77",",,S","58",",,S"
"MXM00076680","MEXICO CITY, MX","2024-07-04","79",",,S","58",",,S"
"MXM00076680","MEXICO CITY, MX","2024-07-05",,,,
"MXM00076680","MEXICO CITY, MX","2024-07-06","81",",,S","56",",,S"
"MXM00076680","MEXICO CITY, MX","2024-07-07",,,,
"MXM00076680","MEXICO CITY, MX","2024-07-08","83",",,S","53",",,S"
"MXM00076680","MEXICO CITY, MX","2024-07-09","84",",,S","60",",,S"
"MXM00076680","MEXICO CITY, MX","2024-07-10",,,,
"MXM00076680","MEXICO CITY, MX","2024-07-11",,,,
"MXM00076680","MEXICO CITY, MX","2024-07-12",,,,
"MXM00076680","MEXICO CITY, MX","2024-07-13","81",",,S","56",",,S"
"MXM00076680","MEXICO CITY, MX","2024-07-14","74",",,S","56",",,S"
"MXM00076680","MEXICO CITY, MX","2024-07-15",,,,
"MXM00076680","MEXICO CITY, MX","2024-07-16",,,,
"MXM00076680","MEXICO CITY, MX","2024-07-17","81",",,S","56",",,S"
"MXM00076680","MEXICO CITY, MX","2024-07-18",,,,
"MXM00076680","MEXICO CITY, MX","2024-07-19",,,,
"MXM00076680","MEXICO CITY, MX","2024-07-20",,,,
"MXM00076680","MEXICO CITY, MX","2024-07-21",,,,
"MXM00076680","MEXICO CITY, MX","2024-07-22","77",",,S","58",",,S"
"MXM00076680","MEXICO CITY, MX","2024-07-23","77",",,S","58",",,S"
"MXM00076680","MEXICO CITY, MX","2024-07-24","79",",,S","60",",,S"
"MXM00076680","MEXICO CITY, MX","2024-07-25",,,,
"MXM00076680","MEXICO CITY, MX","2024-07-26","81",",,S","56",",,S"
"MXM00076680","MEXICO CITY, MX","2024-07-27","80",",,S","56",",,S"
"MXM00076680","MEXICO CITY, MX","2024-07-28","77",",,S","55",",,S"
"MXM00076680","MEXICO CITY, MX","2024-07-29",,,,
"MXM00076680","MEXICO CITY, MX","2024-07-30","79",",,S","59",",,S"
"MXM00076680","MEXICO CITY, MX","2024-07-31",,,,
"MXM00076680","MEXICO CITY, MX","2024-08-01","79",",,S","56",",,S"
"MXM00076680","MEXICO CITY, MX","2024-08-02",,,,
"MXM00076680","MEXICO CITY, MX","2024-08-03",,,,
"MXM00076680","MEXICO CITY, MX","2024-08-04",,,,
"MXM00076680","MEXICO CITY, MX","2024-08-05",,,,
"MXM00076680","MEXICO CITY, MX","2024-08-06",,,,
"MXM00076680","MEXICO CITY, MX","2024-08-07","80",",,S","57",",,S"
"MXM00076680","MEXICO CITY, MX","2024-08-08",,,,
"MXM00076680","MEXICO CITY, MX","2024-08-09","80",",,S","58",",,S"
"MXM00076680","MEXICO CITY, MX","2024-08-10","80",",,S","58",",,S"
"MXM00076680","MEXICO CITY, MX","2024-08-11","76",",,S","58",",,S"
"MXM00076680","MEXICO CITY, MX","2024-08-13",,,,
"MXM00076680","MEXICO CITY, MX","2024-08-14",,,,
"MXM00076680","MEXICO CITY, MX","2024-08-15","79",",,S","56",",,S"
"MXM00076680","MEXICO CITY, MX","2024-08-16",,,,
"MXM00076680","MEXICO CITY, MX","2024-08-17","79",",,S","57",",,S"
"MXM00076680","MEXICO CITY, MX","2024-08-19","78",",,S","55",",,S"
"MXM00076680","MEXICO CITY, MX","2024-08-20",,,,
"MXM00076680","MEXICO CITY, MX","2024-08-21","78",",,S","56",",,S"
"MXM00076680","MEXICO CITY, MX","2024-08-22","76",",,S","56",",,S"
"MXM00076680","MEXICO CITY, MX","2024-08-23","78",",,S","56",",,S"
"MXM00076680","MEXICO CITY, MX","2024-08-24",,,,
"MXM00076680","MEXICO CITY, MX","2024-08-25",,,,
"MXM00076680","MEXICO CITY, MX","2024-08-26",,,,
"MXM00076680","MEXICO CITY, MX","2024-08-27",,,,
"MXM00076680","MEXICO CITY, MX","2024-08-28","80",",,S","57",",,S"
"MXM00076680","MEXICO CITY, MX","2024-08-29",,,,
"MXM00076680","MEXICO CITY, MX","2024-08-30","82",",,S","56",",,S"
"MXM00076680","MEXICO CITY, MX","2024-08-31","80",",,S","58",",,S"
"MXM00076680","MEXICO CITY, MX","2024-09-01","80",",,S","58",",,S"
"MXM00076680","MEXICO CITY, MX","2024-09-02","78",",,S","57",",,S"
"MXM00076680","MEXICO CITY, MX","2024-09-03",,,,
"MXM00076680","MEXICO CITY, MX","2024-09-04","81",",,S","58",",,S"
"MXM00076680","MEXICO CITY, MX","2024-09-05","81",",,S","58",",,S"
"MXM00076680","MEXICO CITY, MX","2024-09-06","78",",,S","58",",,S"
"MXM00076680","MEXICO CITY, MX","2024-09-07","77",",,S","58",",,S"
"MXM00076680","MEXICO CITY, MX","2024-09-08",,,,
"MXM00076680","MEXICO CITY, MX","2024-09-09",,,,
"MXM00076680","MEXICO CITY, MX","2024-09-10",,,,
"MXM00076680","MEXICO CITY, MX","2024-09-11","81",",,S","59",",,S"
"MXM00076680","MEXICO CITY, MX","2024-09-12","81",",,S","58",",,S"
"MXM00076680","MEXICO CITY, MX","2024-09-13","81",",,S","58",",,S"
"MXM00076680","MEXICO CITY, MX","2024-09-14","82",",,S","57",",,S"
"MXM00076680","MEXICO CITY, MX","2024-09-15",,,,
"MXM00076680","MEXICO CITY, MX","2024-09-16",,,,
"MXM00076680","MEXICO CITY, MX","2024-09-17",,,,
"MXM00076680","MEXICO CITY, MX","2024-09-18","80",",,S","58",",,S"
"MXM00076680","MEXICO CITY, MX","2024-09-19",,,,
"MXM00076680","MEXICO CITY, MX","2024-09-20",,,,
"MXM00076680","MEXICO CITY, MX","2024-09-21","80",",,S","59",",,S"
"MXM00076680","MEXICO CITY, MX","2024-09-22","80",",,S","58",",,S"
"MXM00076680","MEXICO CITY, MX","2024-09-23","78",",,S","58",",,S"
"MXM00076680","MEXICO CITY, MX","2024-09-24","77",",,S","57",",,S"
"MXM00076680","MEXICO CITY, MX","2024-09-25","69",",,S","57",",,S"
"MXM00076680","MEXICO CITY, MX","2024-09-26","69",",,S","56",",,S"
"MXM00076680","MEXICO CITY, MX","2024-09-27",,,,
"MXM00076680","MEXICO CITY, MX","2024-09-28",,,,
"MXM00076680","MEXICO CITY, MX","2024-09-29",,,,
"MXM00076680","MEXICO CITY, MX","2024-09-30",,,,
"MXM00076680","MEXICO CITY, MX","2024-10-01","74",",,S","54",",,S"
"MXM00076680","MEXICO CITY, MX","2024-10-02",,,,
"MXM00076680","MEXICO CITY, MX","2024-10-03",,,,
"MXM00076680","MEXICO CITY, MX","2024-10-04","76",",,S","50",",,S"
"MXM00076680","MEXICO CITY, MX","2024-10-05","73",",,S","54",",,S"
"MXM00076680","MEXICO CITY, MX","2024-10-06",,,,
"MXM00076680","MEXICO CITY, MX","2024-10-07","68",",,S","56",",,S"
"MXM00076680","MEXICO CITY, MX","2024-10-08",,,,
"MXM00076680","MEXICO CITY, MX","2024-10-09",,,,
"MXM00076680","MEXICO CITY, MX","2024-10-10",,,,
"MXM00076680","MEXICO CITY, MX","2024-10-11","76",",,S","47",",,S"
"MXM00076680","MEXICO CITY, MX","2024-10-12",,,,
"MXM00076680","MEXICO CITY, MX","2024-10-13","75",",,S","46",",,S"
"MXM00076680","MEXICO CITY, MX","2024-10-14",,,,
"MXM00076680","MEXICO CITY, MX","2024-10-15","77",",,S","53",",,S"
"MXM00076680","MEXICO CITY, MX","2024-10-16","78",",,S","54",",,S"
"MXM00076680","MEXICO CITY, MX","2024-10-17","77",",,S","53",",,S"
"MXM00076680","MEXICO CITY, MX","2024-10-18",,,,
"MXM00076680","MEXICO CITY, MX","2024-10-19","78",",,S","52",",,S"
"MXM00076680","MEXICO CITY, MX","2024-10-20","74",",,S","54",",,S"
"MXM00076680","MEXICO CITY, MX","2024-10-21",,,,
"MXM00076680","MEXICO CITY, MX","2024-10-22",,,,
"MXM00076680","MEXICO CITY, MX","2024-10-23","76",",,S","54",",,S"
"MXM00076680","MEXICO CITY, MX","2024-10-24","78",",,S","54",",,S"
"MXM00076680","MEXICO CITY, MX","2024-10-25","76",",,S","52",",,S"
"MXM00076680","MEXICO CITY, MX","2024-10-26","74",",,S","52",",,S"
"MXM00076680","MEXICO CITY, MX","2024-10-27","74",",,S","52",",,S"
"MXM00076680","MEXICO CITY, MX","2024-10-28",,,,
"MXM00076680","MEXICO CITY, MX","2024-10-29",,,,
"MXM00076680","MEXICO CITY, MX","2024-10-30","76",",,S","53",",,S"
"MXM00076680","MEXICO CITY, MX","2024-10-31","78",",,S","53",",,S"
"MXM00076680","MEXICO CITY, MX","2024-11-01","77",",,S","55",",,S"
"MXM00076680","MEXICO CITY, MX","2024-11-02","77",",,S","54",",,S"
"MXM00076680","MEXICO CITY, MX","2024-11-03","78",",,S","55",",,S"
"MXM00076680","MEXICO CITY, MX","2024-11-04",,,,
"MXM00076680","MEXICO CITY, MX","2024-11-05","80",",,S","54",",,S"
"MXM00076680","MEXICO CITY, MX","2024-11-06","80",",,S","54",",,S"
"MXM00076680","MEXICO CITY, MX","2024-11-07","80",",,S","54",",,S"
"MXM00076680","MEXICO CITY, MX","2024-11-08","79",",,S","54",",,S"
"MXM00076680","MEXICO CITY, MX","2024-11-09","79",",,S","54",",,S"
"MXM00076680","MEXICO CITY, MX","2024-11-10","81",",,S","53",",,S"
"MXM00076680","MEXICO CITY, MX","2024-11-11","81",",,S","53",",,S"
"MXM00076680","MEXICO CITY, MX","2024-11-12",,,,
"MXM00076680","MEXICO CITY, MX","2024-11-13","78",",,S","51",",,S"
"MXM00076680","MEXICO CITY, MX","2024-11-14","76",",,S","49",",,S"
"MXM00076680","MEXICO CITY, MX","2024-11-15",,,,
"MXM00076680","MEXICO CITY, MX","2024-11-16","78",",,S","49",",,S"
"MXM00076680","MEXICO CITY, MX","2024-11-17","81",",,S","53",",,S"
"MXM00076680","MEXICO CITY, MX","2024-11-22","73",",,S","47",",,S"
"MXM00076680","MEXICO CITY, MX","2024-11-23",,,,
"MXM00076680","MEXICO CITY, MX","2024-11-24","73",",,S","44",",,S"
"MXM00076680","MEXICO CITY, MX","2024-11-25","74",",,S","44",",,S"
"MXM00076680","MEXICO CITY, MX","2024-11-26",,,,
"MXM00076680","MEXICO CITY, MX","2024-11-27",,,,
"MXM00076680","MEXICO CITY, MX","2024-11-28",,,,
"MXM00076680","MEXICO CITY, MX","2024-11-29","83",",,S","47",",,S"
"MXM00076680","MEXICO CITY, MX","2024-11-30","81",",,S","47",",,S"
"MXM00076680","MEXICO CITY, MX","2024-12-02","80",",,S","47",",,S"
"MXM00076680","MEXICO CITY, MX","2024-12-03","78",",,S","47",",,S"
"MXM00076680","MEXICO CITY, MX","2024-12-04","73",",,S","47",",,S"
"MXM00076680","MEXICO CITY, MX","2024-12-05",,,,
"MXM00076680","MEXICO CITY, MX","2024-12-06","78",",,S","47",",,S"
"MXM00076680","MEXICO CITY, MX","2024-12-07",,,,
"MXM00076680","MEXICO CITY, MX","2024-12-08","79",",,S","49",",,S"
"MXM00076680","MEXICO CITY, MX","2024-12-09","80",",,S","49",",,S"
"MXM00076680","MEXICO CITY, MX","2024-12-10",,,,
"MXM00076680","MEXICO CITY, MX","2024-12-11","81",",,S","53",",,S"
"MXM00076680","MEXICO CITY, MX","2024-12-12",,,,
"MXM00076680","MEXICO CITY, MX","2024-12-13","78",",,S","49",",,S"
"MXM00076680","MEXICO CITY, MX","2024-12-14",,,,
"MXM00076680","MEXICO CITY, MX","2024-12-15","80",",,S","49",",,S"
"MXM00076680","MEXICO CITY, MX","2024-12-16","76",",,S","49",",,S"
"MXM00076680","MEXICO CITY, MX","2024-12-17","74",",,S","45",",,S"
"MXM00076680","MEXICO CITY, MX","2024-12-18","72",",,S","45",",,S"
"MXM00076680","MEXICO CITY, MX","2024-12-19","72",",,S","48",",,S"
"MXM00076680","MEXICO CITY, MX","2024-12-20",,,,
"MXM00076680","MEXICO CITY, MX","2024-12-21","71",",,S","49",",,S"
"MXM00076680","MEXICO CITY, MX","2024-12-22",,,,
"MXM00076680","MEXICO CITY, MX","2024-12-23",,,,
"MXM00076680","MEXICO CITY, MX","2024-12-24","68",",,S","45",",,S"
"MXM00076680","MEXICO CITY, MX","2024-12-25",,,,
"MXM00076680","MEXICO CITY, MX","2024-12-26","71",",,S","46",",,S"
"MXM00076680","MEXICO CITY, MX","2024-12-27",,,,
"MXM00076680","MEXICO CITY, MX","2024-12-28",,,,
"MXM00076680","MEXICO CITY, MX","2024-12-29","77",",,S","45",",,S"
"MXM00076680","MEXICO CITY, MX","2024-12-30","76",",,S","45",",,S"
"MXM00076680","MEXICO CITY, MX","2024-12-31","75",",,S","46",",,S"
"MXM00076680","MEXICO CITY, MX","2025-01-02","70","H,,2","46","H,,2"
"MXM00076680","MEXICO CITY, MX","2025-01-04","70","H,,2","50","H,,2"
"MXM00076680","MEXICO CITY, MX","2025-01-09","73","H,,2","51","H,,2"
"MXM00076680","MEXICO CITY, MX","2025-01-14","73","H,,2","50","H,,2"
"MXM00076680","MEXICO CITY, MX","2025-01-15","75","H,,2","51","H,,2"
"MXM00076680","MEXICO CITY, MX","2025-01-16","76","H,,2","51","H,,2"
"MXM00076680","MEXICO CITY, MX","2025-01-17","76","H,,2","54","H,,2"
"MXM00076680","MEXICO CITY, MX","2025-01-18","74","H,,2","54","H,,2"
"MXM00076680","MEXICO CITY, MX","2025-01-20","73","H,,2","53","H,,2"
"MXM00076680","MEXICO CITY, MX","2025-01-21","77","H,,2","51","H,,2"
"MXM00076680","MEXICO CITY, MX","2025-01-22","77","H,,2","46","H,,2"
"MXM00076680","MEXICO CITY, MX","2025-01-23","76","H,,2","52","H,,2"
"MXM00076680","MEXICO CITY, MX","2025-01-25","72","H,,2","48","H,,2"
"MXM00076680","MEXICO CITY, MX","2025-01-26","76","H,,2","50","H,,2"
"MXM00076680","MEXICO CITY, MX","2025-01-28","80","H,,2","53","H,,2"
"MXM00076680","MEXICO CITY, MX","2025-01-30","76","H,,2","54","H,,2"
"MXM00076680","MEXICO CITY, MX","2025-01-31","78","H,,2","53","H,,2"
"MXM00076680","MEXICO CITY, MX","2025-02-01","73","H,,2","53","H,,2"
"MXM00076680","MEXICO CITY, MX","2025-02-03","73","H,,2","50","H,,2"
"MXM00076680","MEXICO CITY, MX","2025-02-05","74","H,,2","52","H,,2"
"MXM00076680","MEXICO CITY, MX","2025-02-06","76","H,,2","54","H,,2"
"MXM00076680","MEXICO CITY, MX","2025-02-07","76","H,,2","52","H,,2"
"MXM00076680","MEXICO CITY, MX","2025-02-08","75","H,,2","51","H,,2"
"MXM00076680","MEXICO CITY, MX","2025-02-09","77","H,,2","52","H,,2"
"MXM00076680","MEXICO CITY, MX","2025-02-11","75","H,,2","56","H,,2"
"MXM00076680","MEXICO CITY, MX","2025-02-12","76","H,,2","56","H,,2"
"MXM00076680","MEXICO CITY, MX","2025-02-13","78","H,,2","53","H,,2"
"MXM00076680","MEXICO CITY, MX","2025-02-14","77","H,,2","53","H,,2"
"MXM00076680","MEXICO CITY, MX","2025-02-15","76","H,,2","57","H,,2"
"MXM00076680","MEXICO CITY, MX","2025-02-16","74","H,,2","56","H,,2"
"MXM00076680","MEXICO CITY, MX","2025-02-17","78","H,,2","52","H,,2"
"MXM00076680","MEXICO CITY, MX","2025-02-18","74","H,,2","56","H,,2"
"MXM00076680","MEXICO CITY, MX","2025-02-19","66","H,,2","55","H,,2"
"MXM00076680","MEXICO CITY, MX","2025-02-20","72","H,,2","51","H,,2"
"MXM00076680","MEXICO CITY, MX","2025-02-21","71","H,,2","58","H,,2"
"MXM00076680","MEXICO CITY, MX","2025-02-23","76","H,,2","53","H,,2"
"MXM00076680","MEXICO CITY, MX","2025-02-24","75","H,,2","55","H,,2"
"MXM00076680","MEXICO CITY, MX","2025-02-25","81","H,,2","50","H,,2"
"MXM00076680","MEXICO CITY, MX","2025-02-26","82","H,,2","54","H,,2"
"MXM00076680","MEXICO CITY, MX","2025-02-27","82","H,,2","58","H,,2"
"MXM00076680","MEXICO CITY, MX","2025-03-01","77","H,,2","58","H,,2"
"MXM00076680","MEXICO CITY, MX","2025-03-03","83","H,,2","58","H,,2"
"MXM00076680","MEXICO CITY, MX","2025-03-04","81","H,,2","62","H,,2"
"MXM00076680","MEXICO CITY, MX","2025-03-06","81","H,,2","57","H,,2"
"MXM00076680","MEXICO CITY, MX","2025-03-07","82","H,,2","58","H,,2"
"MXM00076680","MEXICO CITY, MX","2025-03-08","85","H,,2","57","H,,2"
"MXM00076680","MEXICO CITY, MX","2025-03-09","80","H,,2","57","H,,2"
"MXM00076680","MEXICO CITY, MX","2025-03-11","83","H,,2","56","H,,2"
"MXM00076680","MEXICO CITY, MX","2025-03-12","83","H,,2","58","H,,2"
"MXM00076680","MEXICO CITY, MX","2025-03-13","83","H,,2","57","H,,2"
"MXM00076680","MEXICO CITY, MX","2025-03-14","82","H,,2","60","H,,2"
"MXM00076680","MEXICO CITY, MX","2025-03-15","82","H,,2","56","H,,2"
"MXM00076680","MEXICO CITY, MX","2025-03-16","83","H,,2","55","H,,2"
"MXM00076680","MEXICO CITY, MX","2025-03-17","80","H,,2","51","H,,2"
"MXM00076680","MEXICO CITY, MX","2025-03-18","83","H,,2","55","H,,2"
"MXM00076680","MEXICO CITY, MX","2025-03-19","82","H,,2","58","H,,2"
"MXM00076680","MEXICO CITY, MX","2025-03-20","80","H,,2","53","H,,2"
"MXM00076680","MEXICO CITY, MX","2025-03-21","80","H,,2","51","H,,2"
"MXM00076680","MEXICO CITY, MX","2025-03-22","76","H,,2","59","H,,2"
"MXM00076680","MEXICO CITY, MX","2025-03-23","82","H,,2","55","H,,2"
"MXM00076680","MEXICO CITY, MX","2025-03-24","82","H,,2","56","H,,2"
"MXM00076680","MEXICO CITY, MX","2025-03-25","80","H,,2","57","H,,2"
"MXM00076680","MEXICO CITY, MX","2025-03-26","69","H,,2","59","H,,2"
"MXM00076680","MEXICO CITY, MX","2025-03-27","77","H,,2","55","H,,2"
"MXM00076680","MEXICO CITY, MX","2025-03-30","81","H,,2","59","H,,2"
"MXM00076680","MEXICO CITY, MX","2025-03-31","85","H,,2","58","H,,2"
"MXM00076680","MEXICO CITY, MX","2025-04-01","85","H,,2","58","H,,2"
"MXM00076680","MEXICO CITY, MX","2025-04-02","86","H,,2","60","H,,2"
"MXM00076680","MEXICO CITY, MX","2025-04-03","85","H,,2","59","H,,2"
"MXM00076680","MEXICO CITY, MX","2025-04-04","83","H,,2","59","H,,2"
"MXM00076680","MEXICO CITY, MX","2025-04-05","85","H,,2","59","H,,2"
"MXM00076680","MEXICO CITY, MX","2025-04-06","82","H,,2","59","H,,2"
"MXM00076680","MEXICO CITY, MX","2025-04-07","81","H,,2","58","H,,2"
"MXM00076680","MEXICO CITY, MX","2025-04-08","77","H,,2","50","H,,2"
"MXM00076680","MEXICO CITY, MX","2025-04-09","77","H,,2","51","H,,2"
"MXM00076680","MEXICO CITY, MX","2025-04-10","76","H,,2","54","H,,2"
"MXM00076680","MEXICO CITY, MX","2025-04-11","76","H,,2","51","H,,2"
"MXM00076680","MEXICO CITY, MX","2025-04-12","75","H,,2","49","H,,2"
"MXM00076680","MEXICO CITY, MX","2025-04-13","76","H,,2","49","H,,2"
"MXM00076680","MEXICO CITY, MX","2025-04-14","79","H,,2","52","H,,2"
"MXM00076680","MEXICO CITY, MX","2025-04-16","83","H,,2","50","H,,2"
"MXM00076680","MEXICO CITY, MX","2025-04-18","85","H,,2","59","H,,2"
"MXM00076680","MEXICO CITY, MX","2025-04-20","87","H,,2","61","H,,2"
"MXM00076680","MEXICO CITY, MX","2025-04-22","85","H,,2","57","H,,2"
"MXM00076680","MEXICO CITY, MX","2025-04-23","83","H,,2","62","H,,2"
"MXM00076680","MEXICO CITY, MX","2025-04-24","87","H,,2","59","H,,2"
"MXM00076680","MEXICO CITY, MX","2025-04-25","84","H,,2","62","H,,2"
"MXM00076680","MEXICO CITY, MX","2025-04-26","84","H,,2","60","H,,2"
"MXM00076680","MEXICO CITY, MX","2025-04-27","82","H,,2","59","H,,2"
"MXM00076680","MEXICO CITY, MX","2025-04-28","83","H,,2","56","H,,2"
"MXM00076680","MEXICO CITY, MX","2025-04-29","84","H,,2","58","H,,2"
"MXM00076680","MEXICO CITY, MX","2025-04-30","80","H,,2","56","H,,2"
"MXM00076680","MEXICO CITY, MX","2025-05-03","84","H,,2","63","H,,2"
"MXM00076680","MEXICO CITY, MX","2025-05-04","82","H,,2","59","H,,2"
"MXM00076680","MEXICO CITY, MX","2025-05-05","84","H,,2","61","H,,2"
"MXM00076680","MEXICO CITY, MX","2025-05-06","86","H,,2","62","H,,2"
"MXM00076680","MEXICO CITY, MX","2025-05-07","90","H,,2","63","H,,2"
"MXM00076680","MEXICO CITY, MX","2025-05-08","87","H,,2","65","H,,2"
"MXM00076680","MEXICO CITY, MX","2025-05-09","81","H,,2","63","H,,2"
"MXM00076680","MEXICO CITY, MX","2025-05-10","82","H,,2","57","H,,2"
"MXM00076680","MEXICO CITY, MX","2025-05-11","68","H,,2","54","H,,2"
"MXM00076680","MEXICO CITY, MX","2025-05-12","81","H,,2","54","H,,2"
"MXM00076680","MEXICO CITY, MX","2025-05-13","82","H,,2","65","H,,2"
"MXM00076680","MEXICO CITY, MX","2025-05-15","88","H,,2","63","H,,2"
"MXM00076680","MEXICO CITY, MX","2025-05-16","90","H,,2","63","H,,2"
"MXM00076680","MEXICO CITY, MX","2025-05-17","87","H,,2","66","H,,2"
"MXM00076680","MEXICO CITY, MX","2025-05-19","88","H,,2","60","H,,2"
"MXM00076680","MEXICO CITY, MX","2025-05-20","89","H,,2","62","H,,2"
"MXM00076680","MEXICO CITY, MX","2025-05-21","89","H,,2","64","H,,2"
"MXM00076680","MEXICO CITY, MX","2025-05-22","85","H,,2","61","H,,2"
"MXM00076680","MEXICO CITY, MX","2025-05-23","83","H,,2","59","H,,2"
"MXM00076680","MEXICO CITY, MX","2025-05-24","82","H,,2","60","H,,2"
"MXM00076680","MEXICO CITY, MX","2025-05-26","77","H,,2","60","H,,2"
"MXM00076680","MEXICO CITY, MX","2025-05-27","74","H,,2","59","H,,2"
"MXM00076680","MEXICO CITY, MX","2025-05-28","77","H,,2","59","H,,2"
"MXM00076680","MEXICO CITY, MX","2025-05-29","77","H,,2","57","H,,2"
"MXM00076680","MEXICO CITY, MX","2025-05-30","81","H,,2","58","H,,2"
"MXM00076680","MEXICO CITY, MX","2025-05-31","78","H,,2","59","H,,2"
"MXM00076680","MEXICO CITY, MX","2025-06-01","78","H,,2","58","H,,2"
"MXM00076680","MEXICO CITY, MX","2025-06-02","78","H,,2","59","H,,2"
"MXM00076680","MEXICO CITY, MX","2025-06-03","78","H,,2","58","H,,2"
"MXM00076680","MEXICO CITY, MX","2025-06-04","80","H,,2","61","H,,2"
"MXM00076680","MEXICO CITY, MX","2025-06-05","79","H,,2","58","H,,2"
"MXM00076680","MEXICO CITY, MX","2025-06-06","78","H,,2","59","H,,2"
"MXM00076680","MEXICO CITY, MX","2025-06-07","83","H,,2","61","H,,2"
"MXM00076680","MEXICO CITY, MX","2025-06-08","82","H,,2","64","H,,2"
"MXM00076680","MEXICO CITY, MX","2025-06-09","84","H,,2","63","H,,2"
"MXM00076680","MEXICO CITY, MX","2025-06-11","79","H,,2","62","H,,2"
"MXM00076680","MEXICO CITY, MX","2025-06-12","76","H,,2","60","H,,2"
"MXM00076680","MEXICO CITY, MX","2025-06-13","77","H,,2","57","H,,2"
"MXM00076680","MEXICO CITY, MX","2025-06-14","71","H,,2","59","H,,2"
"MXM00076680","MEXICO CITY, MX","2025-06-15","72","H,,2","58","H,,2"
"MXM00076680","MEXICO CITY, MX","2025-06-17","68","H,,2","58","H,,2"
"MXM00076680","MEXICO CITY, MX","2025-06-18","65","H,,2","58","H,,2"
"MXM00076680","MEXICO CITY, MX","2025-06-19","69","H,,2","59","H,,2"
"MXM00076680","MEXICO CITY, MX","2025-06-23","71","H,,2","57","H,,2"
"MXM00076680","MEXICO CITY, MX","2025-06-24","65","H,,2","55","H,,2"
"MXM00076680","MEXICO CITY, MX","2025-06-25","71","H,,2","55","H,,2"
"MXM00076680","MEXICO CITY, MX","2025-06-26","68","H,,2","56","H,,2"
"MXM00076680","MEXICO CITY, MX","2025-06-27","74","H,,2","55","H,,2"
"MXM00076680","MEXICO CITY, MX","2025-06-28","76","H,,2","57","H,,2"
"MXM00076680","MEXICO CITY, MX","2025-06-29","76","H,,2","59","H,,2"
"MXM00076680","MEXICO CITY, MX","2025-06-30","73","H,,2","58","H,,2"
"MXM00076680","MEXICO CITY, MX","2025-07-02","76","H,,2","61","H,,2"
"MXM00076680","MEXICO CITY, MX","2025-07-03","81","H,,2","58","H,,2"
"MXM00076680","MEXICO CITY, MX","2025-07-04","80","H,,2","57","H,,2"
"MXM00076680","MEXICO CITY, MX","2025-07-05","81","H,,2","59","H,,2"
"MXM00076680","MEXICO CITY, MX","2025-07-06","78","H,,2","57","H,,2"
"MXM00076680","MEXICO CITY, MX","2025-07-07","76","H,,2","56","H,,2"
"MXM00076680","MEXICO CITY, MX","2025-07-08","74","H,,2","58","H,,2"
"MXM00076680","MEXICO CITY, MX","2025-07-09","71","H,,2","56","H,,2"
"MXM00076680","MEXICO CITY, MX","2025-07-10","78","H,,2","55","H,,2"
"MXM00076680","MEXICO CITY, MX","2025-07-11","72","H,,2","56","H,,2"
"MXM00076680","MEXICO CITY, MX","2025-07-12","74","H,,2","56","H,,2"
"MXM00076680","MEXICO CITY, MX","2025-07-13","79","H,,2","56","H,,2"
"MXM00076680","MEXICO CITY, MX","2025-07-14","81","H,,2","59","H,,2"
"MXM00076680","MEXICO CITY, MX","2025-07-15","78","H,,2","57","H,,2"
"MXM00076680","MEXICO CITY, MX","2025-07-16","78","H,,2","59","H,,2"
"MXM00076680","MEXICO CITY, MX","2025-07-17","72","H,,2","56","H,,2"
"MXM00076680","MEXICO CITY, MX","2025-07-18","76","H,,2","57","H,,2"
"MXM00076680","MEXICO CITY, MX","2025-07-19","75","H,,2","56","H,,2"
"MXM00076680","MEXICO CITY, MX","2025-07-21","80","H,,2","56","H,,2"
"MXM00076680","MEXICO CITY, MX","2025-07-22","80","H,,2","57","H,,2"
"MXM00076680","MEXICO CITY, MX","2025-07-23","78","H,,2","58","H,,2"
"MXM00076680","MEXICO CITY, MX","2025-07-24","79","H,,2","60","H,,2"
"MXM00076680","MEXICO CITY, MX","2025-07-25","78","H,,2","57","H,,2"
"MXM00076680","MEXICO CITY, MX","2025-07-27","71","H,,2","56","H,,2"
"MXM00076680","MEXICO CITY, MX","2025-07-28","65","H,,2","55","H,,2"
"MXM00076680","MEXICO CITY, MX","2025-07-29","76","H,,2","51","H,,2"
"MXM00076680","MEXICO CITY, MX","2025-07-30","75","H,,2","54","H,,2"
"MXM00076680","MEXICO CITY, MX","2025-07-31","74","H,,2","57","H,,2"
"MXM00076680","MEXICO CITY, MX","2025-08-01","74","H,,2","56","H,,2"
"MXM00076680","MEXICO CITY, MX","2025-08-02","73","H,,2","54","H,,2"
"MXM00076680","MEXICO CITY, MX","2025-08-03","76","H,,2","56","H,,2"
"MXM00076680","MEXICO CITY, MX","2025-08-04","78","H,,2","56","H,,2"
"MXM00076680","MEXICO CITY, MX","2025-08-05","78","H,,2","56","H,,2"
"MXM00076680","MEXICO CITY, MX","2025-08-06","83","H,,2","55","H,,2"
"MXM00076680","MEXICO CITY, MX","2025-08-07","72","H,,2","55","H,,2"
"MXM00076680","MEXICO CITY, MX","2025-08-08","77","H,,2","57","H,,2"
"MXM00076680","MEXICO CITY, MX","2025-08-09","78","H,,2","57","H,,2"
"MXM00076680","MEXICO CITY, MX","2025-08-10","79","H,,2","56","H,,2"
"MXM00076680","MEXICO CITY, MX","2025-08-11","79","H,,2","55","H,,2"
"MXM00076680","MEXICO CITY, MX","2025-08-12","79","H,,2","56","H,,2"
"MXM00076680","MEXICO CITY, MX","2025-08-13","77","H,,2","59","H,,2"
"MXM00076680","MEXICO CITY, MX","2025-08-14","76","H,,2","58","H,,2"
"MXM00076680","MEXICO CITY, MX","2025-08-15","75","H,,2","56","H,,2"
"MXM00076680","MEXICO CITY, MX","2025-08-16","76","H,,2","57","H,,2"
"MXM00076680","MEXICO CITY, MX","2025-08-17","75","H,,2","56","H,,2"
"MXM00076680","MEXICO CITY, MX","2025-08-18","76","H,,2","58","H,,2"
"MXM00076680","MEXICO CITY, MX","2025-08-19","77","H,,2","56","H,,2"
"MXM00076680","MEXICO CITY, MX","2025-08-20","78","H,,2","58","H,,2"
"MXM00076680","MEXICO CITY, MX","2025-08-21","75","H,,2","57","H,,2"
"MXM00076680","MEXICO CITY, MX","2025-08-22","76","H,,2","59","H,,2"
"MXM00076680","MEXICO CITY, MX","2025-08-24","79","H,,2","58","H,,2"
"MXM00076680","MEXICO CITY, MX","2025-08-25","79","H,,2","61","H,,2"
"MXM00076680","MEXICO CITY, MX","2025-08-26","79","H,,2","56","H,,2"
"MXM00076680","MEXICO CITY, MX","2025-08-27","75","H,,2","56","H,,2"
"MXM00076680","MEXICO CITY, MX","2025-08-28","80","H,,2","59","H,,2"
"MXM00076680","MEXICO CITY, MX","2025-08-29","78","H,,2","57","H,,2"
"MXM00076680","MEXICO CITY, MX","2025-09-03","68","H,,2","57","H,,2"
"MXM00076680","MEXICO CITY, MX","2025-09-04","77","H,,2","57","H,,2"
"MXM00076680","MEXICO CITY, MX","2025-09-05","80","H,,2","60","H,,2"
"MXM00076680","MEXICO CITY, MX","2025-09-07","77","H,,2","59","H,,2"
"MXM00076680","MEXICO CITY, MX","2025-09-08","70","H,,2","58","H,,2"
"MXM00076680","MEXICO CITY, MX","2025-09-09","77","H,,2","58","H,,2"
"MXM00076680","MEXICO CITY, MX","2025-09-10","75","H,,2","59","H,,2"
"MXM00076680","MEXICO CITY, MX","2025-09-11","70","H,,2","56","H,,2"
"MXM00076680","MEXICO CITY, MX","2025-09-12","68","H,,2","59","H,,2"
"MXM00076680","MEXICO CITY, MX","2025-09-13","77","H,,2","57","H,,2"
"MXM00076680","MEXICO CITY, MX","2025-09-14","75","H,,2","59","H,,2"
"MXM00076680","MEXICO CITY, MX","2025-09-15","76","H,,2","57","H,,2"
"MXM00076680","MEXICO CITY, MX","2025-09-17","73","H,,2","58","H,,2"
"MXM00076680","MEXICO CITY, MX","2025-09-18","77","H,,2","59","H,,2"
"MXM00076680","MEXICO CITY, MX","2025-09-21","68","H,,2","59","H,,2"
"MXM00076680","MEXICO CITY, MX","2025-09-22","80","H,,2","58","H,,2"
"MXM00076680","MEXICO CITY, MX","2025-09-23","79","H,,2","59","H,,2"
"MXM00076680","MEXICO CITY, MX","2025-09-24","80","H,,2","61","H,,2"
"MXM00076680","MEXICO CITY, MX","2025-09-25","76","H,,2","59","H,,2"
"MXM00076680","MEXICO CITY, MX","2025-09-26","75","H,,2","57","H,,2"
"MXM00076680","MEXICO CITY, MX","2025-09-27","76","H,,2","58","H,,2"
"MXM00076680","MEXICO CITY, MX","2025-09-29","77","H,,2","58","H,,2"
"MXM00076680","MEXICO CITY, MX","2025-10-01","76","H,,2","57","H,,2"
"MXM00076680","MEXICO CITY, MX","2025-10-02","72","H,,2","57","H,,2"
"MXM00076680","MEXICO CITY, MX","2025-10-03","72","H,,2","55","H,,2"
"MXM00076680","MEXICO CITY, MX","2025-10-05","69","H,,2","57","H,,2"
"MXM00076680","MEXICO CITY, MX","2025-10-06","75","H,,2","56","H,,2"
"MXM00076680","MEXICO CITY, MX","2025-10-07","73","H,,2","57","H,,2"
"MXM00076680","MEXICO CITY, MX","2025-10-09","69","H,,2","56","H,,2"
"MXM00076680","MEXICO CITY, MX","2025-10-10","70","H,,2","56","H,,2"
"MXM00076680","MEXICO CITY, MX","2025-10-11","72","H,,2","56","H,,2"
"MXM00076680","MEXICO CITY, MX","2025-10-12","75","H,,2","58","H,,2"
"MXM00076680","MEXICO CITY, MX","2025-10-13","77","H,,2","55","H,,2"
"MXM00076680","MEXICO CITY, MX","2025-10-14","74","H,,2","54","H,,2"
"MXM00076680","MEXICO CITY, MX","2025-10-15","72","H,,2","54","H,,2"
"MXM00076680","MEXICO CITY, MX","2025-10-16","76","H,,2","54","H,,2"
"MXM00076680","MEXICO CITY, MX","2025-10-17","76","H,,2","57","H,,2"
"MXM00076680","MEXICO CITY, MX","2025-10-18","75","H,,2","60","H,,2"
"MXM00076680","MEXICO CITY, MX","2025-10-19","72","H,,2","59","H,,2"
"MXM00076680","MEXICO CITY, MX","2025-10-21","77","H,,2","53","H,,2"
"MXM00076680","MEXICO CITY, MX","2025-10-22","73","H,,2","56","H,,2"
"MXM00076680","MEXICO CITY, MX","2025-10-23","78","H,,2","55","H,,2"
"MXM00076680","MEXICO CITY, MX","2025-10-24","78","H,,2","53","H,,2"
"MXM00076680","MEXICO CITY, MX","2025-10-25","78","H,,2","55","H,,2"
"MXM00076680","MEXICO CITY, MX","2025-10-27","78","H,,2","54","H,,2"
"MXM00076680","MEXICO CITY, MX","2025-10-28","77","H,,2","54","H,,2"
"MXM00076680","MEXICO CITY, MX","2025-10-29","73","H,,2","53","H,,2"
"MXM00076680","MEXICO CITY, MX","2025-10-30","75","H,,2","50","H,,2"
"MXM00076680","MEXICO CITY, MX","2025-11-01","74","H,,2","54","H,,2"
"MXM00076680","MEXICO CITY, MX","2025-11-02","69","H,,2","54","H,,2"
"MXM00076680","MEXICO CITY, MX","2025-11-04","75","H,,2","53","H,,2"
"MXM00076680","MEXICO CITY, MX","2025-11-05","74","H,,2","51","H,,2"
"MXM00076680","MEXICO CITY, MX","2025-11-06","76","H,,2","51","H,,2"
"MXM00076680","MEXICO CITY, MX","2025-11-07","76","H,,2","51","H,,2"
"MXM00076680","MEXICO CITY, MX","2025-11-08","75","H,,2","51","H,,2"
"MXM00076680","MEXICO CITY, MX","2025-11-10","67","H,,2","50","H,,2"
"MXM00076680","MEXICO CITY, MX","2025-11-11","69","H,,2","44","H,,2"
"MXM00076680","MEXICO CITY, MX","2025-11-12","74","H,,2","50","H,,2"
"MXM00076680","MEXICO CITY, MX","2025-11-16","78","H,,2","51","H,,2"
"MXM00076680","MEXICO CITY, MX","2025-11-18","78","H,,2","54","H,,2"
"MXM00076680","MEXICO CITY, MX","2025-11-19","79","H,,2","53","H,,2"
"MXM00076680","MEXICO CITY, MX","2025-11-20","79","H,,2","52","H,,2"
"MXM00076680","MEXICO CITY, MX","2025-11-21","77","H,,2","54","H,,2"
"MXM00076680","MEXICO CITY, MX","2025-11-22","75","H,,2","54","H,,2"
"MXM00076680","MEXICO CITY, MX","2025-11-24","78","H,,2","50","H,,2"
"MXM00076680","MEXICO CITY, MX","2025-11-25","76","H,,2","54","H,,2"
"MXM00076680","MEXICO CITY, MX","2025-11-26","73","H,,2","52","H,,2"
"MXM00076680","MEXICO CITY, MX","2025-11-27","68","H,,2","55","H,,2"
"MXM00076680","MEXICO CITY, MX","2025-11-28","64","H,,2","52","H,,2"
"MXM00076680","MEXICO CITY, MX","2025-11-30","72","H,,2","53","H,,2"
