"STATION","NAME","DATE","TMAX","TMAX_ATTRIBUTES","TMIN","TMIN_ATTRIBUTES"
"MXM00076726","CUERNAVACA, MX","2020-01-01",,,,
"MXM00076726","CUERNAVACA, MX","2020-01-02",,,,
"MXM00076726","CUERNAVACA, MX","2020-01-03",,,,
"MXM00076726","CUERNAVACA, MX","2020-01-04",,,,
"MXM00076726","CUERNAVACA, MX","2020-01-05",,,,
"MXM00076726","CUERNAVACA, MX","2020-01-06",,,,
"MXM00076726","CUERNAVACA, MX","2020-01-07",,,,
"MXM00076726","CUERNAVACA, MX","2020-01-08","84",",,S","47",",,S"
"MXM00076726","CUERNAVACA, MX","2020-01-09",,,,
"MXM00076726","CUERNAVACA, MX","2020-01-10",,,,
"MXM00076726","CUERNAVACA, MX","2020-01-11",,,,
"MXM00076726","CUERNAVACA, MX","2020-01-12",,,,
"MXM00076726","CUERNAVACA, MX","2020-01-13",,,,
"MXM00076726","CUERNAVACA, MX","2020-01-14","86",",,S","56",",,S"
"MXM00076726","CUERNAVACA, MX","2020-01-15","86",",,S","56",",,S"
"MXM00076726","CUERNAVACA, MX","2020-01-16","86",",,S","56",",,S"
"MXM00076726","CUERNAVACA, MX","2020-01-17","86",",,S","56",",,S"
"MXM00076726","CUERNAVACA, MX","2020-01-18","86",",,S","54",",,S"
"MXM00076726","CUERNAVACA, MX","2020-01-19",,,,
"MXM00076726","CUERNAVACA, MX","2020-01-20",,,,
"MXM00076726","CUERNAVACA, MX","2020-01-21",,,,
"MXM00076726","CUERNAVACA, MX","2020-01-22",,,,
"MXM00076726","CUERNAVACA, MX","2020-01-23","82",",,S","50",",,S"
"MXM00076726","CUERNAVACA, MX","2020-01-24",,,,
"MXM00076726","CUERNAVACA, MX","2020-01-25","81",",,S","54",",,S"
"MXM00076726","CUERNAVACA, MX","2020-01-26",,,,
"MXM00076726","CUERNAVACA, MX","2020-01-27",,,,
"MXM00076726","CUERNAVACA, MX","2020-01-28","86",",,S","50",",,S"
"MXM00076726","CUERNAVACA, MX","2020-01-29","86",",,S","49",",,S"
"MXM00076726","CUERNAVACA, MX","2020-01-30",,,,
"MXM00076726","CUERNAVACA, MX","2020-01-31",,,,
"MXM00076726","CUERNAVACA, MX","2020-02-01",,,,
"MXM00076726","CUERNAVACA, MX","2020-02-02",,,,
"MXM00076726","CUERNAVACA, MX","2020-02-03",,,,
"MXM00076726","CUERNAVACA, MX","2020-02-04",,,,
"MXM00076726","CUERNAVACA, MX","2020-02-05",,,,
"MXM00076726","CUERNAVACA, MX","2020-02-06",,,,
"MXM00076726","CUERNAVACA, MX","2020-02-07",,,,
"MXM00076726","CUERNAVACA, MX","2020-02-08",,,,
"MXM00076726","CUERNAVACA, MX","2020-02-09",,,,
"MXM00076726","CUERNAVACA, MX","2020-02-10",,,,
"MXM00076726","CUERNAVACA, MX","2020-02-11","88",",,S","54",",,S"
"MXM00076726","CUERNAVACA, MX","2020-02-12","85",",,S","52",",,S"
"MXM00076726","CUERNAVACA, MX","2020-02-13",,,,
"MXM00076726","CUERNAVACA, MX","2020-02-14",,,,
"MXM00076726","CUERNAVACA, MX","2020-02-15",,,,
"MXM00076726","CUERNAVACA, MX","2020-02-16",,,,
"MXM00076726","CUERNAVACA, MX","2020-02-17",,,,
"MXM00076726","CUERNAVACA, MX","2020-02-18",,,,
"MXM00076726","CUERNAVACA, MX","2020-02-19","90",",,S","52",",,S"
"MXM00076726","CUERNAVACA, MX","2020-02-20",,,,
"MXM00076726","CUERNAVACA, MX","2020-02-21",,,,
"MXM00076726","CUERNAVACA, MX","2020-02-22","86",",,S","48",",,S"
"MXM00076726","CUERNAVACA, MX","2020-02-23",,,,
"MXM00076726","CUERNAVACA, MX","2020-02-24",,,,
"MXM00076726","CUERNAVACA, MX","2020-02-25",,,,
"MXM00076726","CUERNAVACA, MX","2020-02-26","88",",,S","54",",,S"
"MXM00076726","CUERNAVACA, MX","2020-02-27","86",",,S","51",",,S"
"MXM00076726","CUERNAVACA, MX","2020-02-28",,,,
"MXM00076726","CUERNAVACA, MX","2020-02-29",,,,
"MXM00076726","CUERNAVACA, MX","2020-03-01",,,,
"MXM00076726","CUERNAVACA, MX","2020-03-02",,,,
"MXM00076726","CUERNAVACA, MX","2020-03-03","91",",,S","57",",,S"
"MXM00076726","CUERNAVACA, MX","2020-03-04",,,,
"MXM00076726","CUERNAVACA, MX","2020-03-05",,,,
"MXM00076726","CUERNAVACA, MX","2020-03-06","89",",,S","54",",,S"
"MXM00076726","CUERNAVACA, MX","2020-03-07",,,,
"MXM00076726","CUERNAVACA, MX","2020-03-08",,,,
"MXM00076726","CUERNAVACA, MX","2020-03-09",,,,
"MXM00076726","CUERNAVACA, MX","2020-03-10",,,,
"MXM00076726","CUERNAVACA, MX","2020-03-11",,,,
"MXM00076726","CUERNAVACA, MX","2020-03-12",,,,
"MXM00076726","CUERNAVACA, MX","2020-03-13",,,,
"MXM00076726","CUERNAVACA, MX","2020-03-14","94",",,S","59",",,S"
"MXM00076726","CUERNAVACA, MX","2020-03-15",,,,
"MXM00076726","CUERNAVACA, MX","2020-03-16",,,,
"MXM00076726","CUERNAVACA, MX","2020-03-17",,,,
"MXM00076726","CUERNAVACA, MX","2020-03-18",,,,
"MXM00076726","CUERNAVACA, MX","2020-03-19",,,,
"MXM00076726","CUERNAVACA, MX","2020-03-20",,,,
"MXM00076726","CUERNAVACA, MX","2020-03-21","93",",,S","59",",,S"
"MXM00076726","CUERNAVACA, MX","2020-03-22",,,,
"MXM00076726","CUERNAVACA, MX","2020-03-23",,,,
"MXM00076726","CUERNAVACA, MX","2020-03-24",,,,
"MXM00076726","CUERNAVACA, MX","2020-03-25",,,,
"MXM00076726","CUERNAVACA, MX","2020-03-26",,,,
"MXM00076726","CUERNAVACA, MX","2020-03-27","96",",,S","57",",,S"
"MXM00076726","CUERNAVACA, MX","2020-03-28","94",",,S","57",",,S"
"MXM00076726","CUERNAVACA, MX","2020-03-29","94",",,S","57",",,S"
"MXM00076726","CUERNAVACA, MX","2020-03-30",,,,
"MXM00076726","CUERNAVACA, MX","2020-03-31","92",",,S","59",",,S"
"MXM00076726","CUERNAVACA, MX","2020-04-01","90",",,S","59",",,S"
"MXM00076726","CUERNAVACA, MX","2020-04-02",,,,
"MXM00076726","CUERNAVACA, MX","2020-04-03","93",",,S","60",",,S"
"MXM00076726","CUERNAVACA, MX","2020-04-04",,,,
"MXM00076726","CUERNAVACA, MX","2020-04-05",,,,
"MXM00076726","CUERNAVACA, MX","2020-04-06",,,,
"MXM00076726","CUERNAVACA, MX","2020-04-07",,,,
"MXM00076726","CUERNAVACA, MX","2020-04-08","95",",,S","60",",,S"
"MXM00076726","CUERNAVACA, MX","2020-04-09",,,,
"MXM00076726","CUERNAVACA, MX","2020-04-10",,,,
"MXM00076726","CUERNAVACA, MX","2020-04-11",,,,
"MXM00076726","CUERNAVACA, MX","2020-04-12",,,,
"MXM00076726","CUERNAVACA, MX","2020-04-13",,,,
"MXM00076726","CUERNAVACA, MX","2020-04-14","95",",,S","59",",,S"
"MXM00076726","CUERNAVACA, MX","2020-04-15","95",",,S","61",",,S"
"MXM00076726","CUERNAVACA, MX","2020-04-16","94",",,S","61",",,S"
"MXM00076726","CUERNAVACA, MX","2020-04-17","94",",,S","61",",,S"
"MXM00076726","CUERNAVACA, MX","2020-04-18",,,,
"MXM00076726","CUERNAVACA, MX","2020-04-19","93",",,S","60",",,S"
"MXM00076726","CUERNAVACA, MX","2020-04-20",,,,
"MXM00076726","CUERNAVACA, MX","2020-04-21","94",",,S","63",",,S"
"MXM00076726","CUERNAVACA, MX","2020-04-22","94",",,S","63",",,S"
"MXM00076726","CUERNAVACA, MX","2020-04-23",,,,
"MXM00076726","CUERNAVACA, MX","2020-04-24",,,,
"MXM00076726","CUERNAVACA, MX","2020-04-25",,,,
"MXM00076726","CUERNAVACA, MX","2020-04-26","96",",,S","63",",,S"
"MXM00076726","CUERNAVACA, MX","2020-04-27",,,,
"MXM00076726","CUERNAVACA, MX","2020-04-28","94",",,S","62",",,S"
"MXM00076726","CUERNAVACA, MX","2020-04-29",,,,
"MXM00076726","CUERNAVACA, MX","2020-04-30",,,,
"MXM00076726","CUERNAVACA, MX","2020-05-01","92",",,S","59",",,S"
"MXM00076726","CUERNAVACA, MX","2020-05-02",,,,
"MXM00076726","CUERNAVACA, MX","2020-05-03",,,,
"MXM00076726","CUERNAVACA, MX","2020-05-04",,,,
"MXM00076726","CUERNAVACA, MX","2020-05-05","94",",,S","63",",,S"
"MXM00076726","CUERNAVACA, MX","2020-05-06","94",",,S","59",",,S"
"MXM00076726","CUERNAVACA, MX","2020-05-07","91",",,S","63",",,S"
"MXM00076726","CUERNAVACA, MX","2020-05-08",,,,
"MXM00076726","CUERNAVACA, MX","2020-05-09",,,,
"MXM00076726","CUERNAVACA, MX","2020-05-10",,,,
"MXM00076726","CUERNAVACA, MX","2020-05-11",,,,
"MXM00076726","CUERNAVACA, MX","2020-05-12","91",",,S","61",",,S"
"MXM00076726","CUERNAVACA, MX","2020-05-13",,,,
"MXM00076726","CUERNAVACA, MX","2020-05-14",,,,
"MXM00076726","CUERNAVACA, MX","2020-05-15",,,,
"MXM00076726","CUERNAVACA, MX","2020-05-16","95",",,S","59",",,S"
"MXM00076726","CUERNAVACA, MX","2020-05-17",,,,
"MXM00076726","CUERNAVACA, MX","2020-05-18",,,,
"MXM00076726","CUERNAVACA, MX","2020-05-19","95",",,S","62",",,S"
"MXM00076726","CUERNAVACA, MX","2020-05-20",,,,
"MXM00076726","CUERNAVACA, MX","2020-05-21",,,,
"MXM00076726","CUERNAVACA, MX","2020-05-22",,,,
"MXM00076726","CUERNAVACA, MX","2020-05-23",,,,
"MXM00076726","CUERNAVACA, MX","2020-05-24",,,,
"MXM00076726","CUERNAVACA, MX","2020-05-25",,,,
"MXM00076726","CUERNAVACA, MX","2020-05-26","95",",,S","56",",,S"
"MXM00076726","CUERNAVACA, MX","2020-05-27","93",",,S","54",",,S"
"MXM00076726","CUERNAVACA, MX","2020-05-28",,,,
"MXM00076726","CUERNAVACA, MX","2020-05-29",,,,
"MXM00076726","CUERNAVACA, MX","2020-05-30",,,,
"MXM00076726","CUERNAVACA, MX","2020-05-31",,,,
"MXM00076726","CUERNAVACA, MX","2020-06-01",,,,
"MXM00076726","CUERNAVACA, MX","2020-06-02","90",",,S","61",",,S"
"MXM00076726","CUERNAVACA, MX","2020-06-03",,,,
"MXM00076726","CUERNAVACA, MX","2020-06-04","97",",,S","64",",,S"
"MXM00076726","CUERNAVACA, MX","2020-06-05","96",",,S","65",",,S"
"MXM00076726","CUERNAVACA, MX","2020-06-06","95",",,S","61",",,S"
"MXM00076726","CUERNAVACA, MX","2020-06-07",,,,
"MXM00076726","CUERNAVACA, MX","2020-06-08",,,,
"MXM00076726","CUERNAVACA, MX","2020-06-09",,,,
"MXM00076726","CUERNAVACA, MX","2020-06-10",,,,
"MXM00076726","CUERNAVACA, MX","2020-06-11","91",",,S","57",",,S"
"MXM00076726","CUERNAVACA, MX","2020-06-12",,,,
"MXM00076726","CUERNAVACA, MX","2020-06-13","89",",,S","59",",,S"
"MXM00076726","CUERNAVACA, MX","2020-06-14","88",",,S","62",",,S"
"MXM00076726","CUERNAVACA, MX","2020-06-15",,,,
"MXM00076726","CUERNAVACA, MX","2020-06-16","90",",,S","61",",,S"
"MXM00076726","CUERNAVACA, MX","2020-06-17","90",",,S","62",",,S"
"MXM00076726","CUERNAVACA, MX","2020-06-18",,,,
"MXM00076726","CUERNAVACA, MX","2020-06-19",,,,
"MXM00076726","CUERNAVACA, MX","2020-06-20",,,,
"MXM00076726","CUERNAVACA, MX","2020-06-21",,,,
"MXM00076726","CUERNAVACA, MX","2020-06-22",,,,
"MXM00076726","CUERNAVACA, MX","2020-06-23",,,,
"MXM00076726","CUERNAVACA, MX","2020-06-24","79",",,S","55",",,S"
"MXM00076726","CUERNAVACA, MX","2020-06-25",,,,
"MXM00076726","CUERNAVACA, MX","2020-06-26",,,,
"MXM00076726","CUERNAVACA, MX","2020-06-27",,,,
"MXM00076726","CUERNAVACA, MX","2020-06-28","86",",,S","58",",,S"
"MXM00076726","CUERNAVACA, MX","2020-06-29",,,,
"MXM00076726","CUERNAVACA, MX","2020-06-30",,,,
"MXM00076726","CUERNAVACA, MX","2020-07-01","83",",,S","55",",,S"
"MXM00076726","CUERNAVACA, MX","2020-07-02",,,,
"MXM00076726","CUERNAVACA, MX","2020-07-03",,,,
"MXM00076726","CUERNAVACA, MX","2020-07-04","82",",,S","58",",,S"
"MXM00076726","CUERNAVACA, MX","2020-07-05","82",",,S","58",",,S"
"MXM00076726","CUERNAVACA, MX","2020-07-06",,,,
"MXM00076726","CUERNAVACA, MX","2020-07-07",,,,
"MXM00076726","CUERNAVACA, MX","2020-07-08","82",",,S","54",",,S"
"MXM00076726","CUERNAVACA, MX","2020-07-09",,,,
"MXM00076726","CUERNAVACA, MX","2020-07-10",,,,
"MXM00076726","CUERNAVACA, MX","2020-07-11","85",",,S","55",",,S"
"MXM00076726","CUERNAVACA, MX","2020-07-12",,,,
"MXM00076726","CUERNAVACA, MX","2020-07-13",,,,
"MXM00076726","CUERNAVACA, MX","2020-07-14",,,,
"MXM00076726","CUERNAVACA, MX","2020-07-15",,,,
"MXM00076726","CUERNAVACA, MX","2020-07-16",,,,
"MXM00076726","CUERNAVACA, MX","2020-07-17","86",",,S","59",",,S"
"MXM00076726","CUERNAVACA, MX","2020-07-18",,,,
"MXM00076726","CUERNAVACA, MX","2020-07-19",,,,
"MXM00076726","CUERNAVACA, MX","2020-07-20",,,,
"MXM00076726","CUERNAVACA, MX","2020-07-21",,,,
"MXM00076726","CUERNAVACA, MX","2020-07-22",,,,
"MXM00076726","CUERNAVACA, MX","2020-07-23",,,,
"MXM00076726","CUERNAVACA, MX","2020-07-24",,,,
"MXM00076726","CUERNAVACA, MX","2020-07-25",,,,
"MXM00076726","CUERNAVACA, MX","2020-07-26",,,,
"MXM00076726","CUERNAVACA, MX","2020-07-27",,,,
"MXM00076726","CUERNAVACA, MX","2020-07-28",,,,
"MXM00076726","CUERNAVACA, MX","2020-07-29",,,,
"MXM00076726","CUERNAVACA, MX","2020-07-30",,,,
"MXM00076726","CUERNAVACA, MX","2020-07-31",,,,
"MXM00076726","CUERNAVACA, MX","2020-08-01",,,,
"MXM00076726","CUERNAVACA, MX","2020-08-02",,,,
"MXM00076726","CUERNAVACA, MX","2020-08-03",,,,
"MXM00076726","CUERNAVACA, MX","2020-08-04",,,,
"MXM00076726","CUERNAVACA, MX","2020-08-05",,,,
"MXM00076726","CUERNAVACA, MX","2020-08-06",,,,
"MXM00076726","CUERNAVACA, MX","2020-08-07",,,,
"MXM00076726","CUERNAVACA, MX","2020-08-08","81",",,S","57",",,S"
"MXM00076726","CUERNAVACA, MX","2020-08-09",,,,
"MXM00076726","CUERNAVACA, MX","2020-08-10",,,,
"MXM00076726","CUERNAVACA, MX","2020-08-11",,,,
"MXM00076726","CUERNAVACA, MX","2020-08-12","81",",,S","56",",,S"
"MXM00076726","CUERNAVACA, MX","2020-08-13",,,,
"MXM00076726","CUERNAVACA, MX","2020-08-14",,,,
"MXM00076726","CUERNAVACA, MX","2020-08-15",,,,
"MXM00076726","CUERNAVACA, MX","2020-08-16","82",",,S","56",",,S"
"MXM00076726","CUERNAVACA, MX","2020-08-17",,,,
"MXM00076726","CUERNAVACA, MX","2020-08-18","84",",,S","56",",,S"
"MXM00076726","CUERNAVACA, MX","2020-08-19",,,,
"MXM00076726","CUERNAVACA, MX","2020-08-20",,,,
"MXM00076726","CUERNAVACA, MX","2020-08-21",,,,
"MXM00076726","CUERNAVACA, MX","2020-08-22",,,,
"MXM00076726","CUERNAVACA, MX","2020-08-23","82",",,S","58",",,S"
"MXM00076726","CUERNAVACA, MX","2020-08-24",,,,
"MXM00076726","CUERNAVACA, MX","2020-08-25",,,,
"MXM00076726","CUERNAVACA, MX","2020-08-26",,,,
"MXM00076726","CUERNAVACA, MX","2020-08-27","82",",,S","57",",,S"
"MXM00076726","CUERNAVACA, MX","2020-08-28",,,,
"MXM00076726","CUERNAVACA, MX","2020-08-29",,,,
"MXM00076726","CUERNAVACA, MX","2020-08-30",,,,
"MXM00076726","CUERNAVACA, MX","2020-08-31",,,,
"MXM00076726","CUERNAVACA, MX","2020-09-01","81",",,S","59",",,S"
"MXM00076726","CUERNAVACA, MX","2020-09-02",,,,
"MXM00076726","CUERNAVACA, MX","2020-09-03","83",",,S","56",",,S"
"MXM00076726","CUERNAVACA, MX","2020-09-04","84",",,S","57",",,S"
"MXM00076726","CUERNAVACA, MX","2020-09-05","82",",,S","57",",,S"
"MXM00076726","CUERNAVACA, MX","2020-09-06",,,,
"MXM00076726","CUERNAVACA, MX","2020-09-07",,,,
"MXM00076726","CUERNAVACA, MX","2020-09-08","81",",,S","56",",,S"
"MXM00076726","CUERNAVACA, MX","2020-09-09",,,,
"MXM00076726","CUERNAVACA, MX","2020-09-10",,,,
"MXM00076726","CUERNAVACA, MX","2020-09-11",,,,
"MXM00076726","CUERNAVACA, MX","2020-09-12",,,,
"MXM00076726","CUERNAVACA, MX","2020-09-13",,,,
"MXM00076726","CUERNAVACA, MX","2020-09-14",,,,
"MXM00076726","CUERNAVACA, MX","2020-09-15","80",",,S","56",",,S"
"MXM00076726","CUERNAVACA, MX","2020-09-16",,,,
"MXM00076726","CUERNAVACA, MX","2020-09-17",,,,
"MXM00076726","CUERNAVACA, MX","2020-09-18",,,,
"MXM00076726","CUERNAVACA, MX","2020-09-19",,,,
"MXM00076726","CUERNAVACA, MX","2020-09-20",,,,
"MXM00076726","CUERNAVACA, MX","2020-09-21",,,,
"MXM00076726","CUERNAVACA, MX","2020-09-22",,,,
"MXM00076726","CUERNAVACA, MX","2020-09-23",,,,
"MXM00076726","CUERNAVACA, MX","2020-09-24",,,,
"MXM00076726","CUERNAVACA, MX","2020-09-25",,,,
"MXM00076726","CUERNAVACA, MX","2020-09-26",,,,
"MXM00076726","CUERNAVACA, MX","2020-09-27",,,,
"MXM00076726","CUERNAVACA, MX","2020-09-28",,,,
"MXM00076726","CUERNAVACA, MX","2020-09-29","76",",,S","56",",,S"
"MXM00076726","CUERNAVACA, MX","2020-09-30","77",",,S","52",",,S"
"MXM00076726","CUERNAVACA, MX","2020-10-01",,,,
"MXM00076726","CUERNAVACA, MX","2020-10-02",,,,
"MXM00076726","CUERNAVACA, MX","2020-10-03","77",",,S","48",",,S"
"MXM00076726","CUERNAVACA, MX","2020-10-04","77",",,S","48",",,S"
"MXM00076726","CUERNAVACA, MX","2020-10-05",,,,
"MXM00076726","CUERNAVACA, MX","2020-10-06","77",",,S","50",",,S"
"MXM00076726","CUERNAVACA, MX","2020-10-07",,,,
"MXM00076726","CUERNAVACA, MX","2020-10-08","81",",,S","48",",,S"
"MXM00076726","CUERNAVACA, MX","2020-10-09",,,,
"MXM00076726","CUERNAVACA, MX","2020-10-10",,,,
"MXM00076726","CUERNAVACA, MX","2020-10-11",,,,
"MXM00076726","CUERNAVACA, MX","2020-10-12",,,,
"MXM00076726","CUERNAVACA, MX","2020-10-13","81",",,S","57",",,S"
"MXM00076726","CUERNAVACA, MX","2020-10-14",,,,
"MXM00076726","CUERNAVACA, MX","2020-10-15","82",",,S","55",",,S"
"MXM00076726","CUERNAVACA, MX","2020-10-16",,,,
"MXM00076726","CUERNAVACA, MX","2020-10-17",,,,
"MXM00076726","CUERNAVACA, MX","2020-10-18","81",",,S","54",",,S"
"MXM00076726","CUERNAVACA, MX","2020-10-19",,,,
"MXM00076726","CUERNAVACA, MX","2020-10-20",,,,
"MXM00076726","CUERNAVACA, MX","2020-10-21",,,,
"MXM00076726","CUERNAVACA, MX","2020-10-22",,,,
"MXM00076726","CUERNAVACA, MX","2020-10-23",,,,
"MXM00076726","CUERNAVACA, MX","2020-10-24",,,,
"MXM00076726","CUERNAVACA, MX","2020-10-25",,,,
"MXM00076726","CUERNAVACA, MX","2020-10-26",,,,
"MXM00076726","CUERNAVACA, MX","2020-10-27",,,,
"MXM00076726","CUERNAVACA, MX","2020-10-28",,,,
"MXM00076726","CUERNAVACA, MX","2020-10-29",,,,
"MXM00076726","CUERNAVACA, MX","2020-10-30",,,,
"MXM00076726","CUERNAVACA, MX","2020-10-31",,,,
"MXM00076726","CUERNAVACA, MX","2020-11-02",,,,
"MXM00076726","CUERNAVACA, MX","2020-11-03",,,,
"MXM00076726","CUERNAVACA, MX","2020-11-04",,,,
"MXM00076726","CUERNAVACA, MX","2020-11-05",,,,
"MXM00076726","CUERNAVACA, MX","2020-11-06",,,,
"MXM00076726","CUERNAVACA, MX","2020-11-07",,,,
"MXM00076726","CUERNAVACA, MX","2020-11-08",,,,
"MXM00076726","CUERNAVACA, MX","2020-11-09",,,,
"MXM00076726","CUERNAVACA, MX","2020-11-10",,,,
"MXM00076726","CUERNAVACA, MX","2020-11-11",,,,
"MXM00076726","CUERNAVACA, MX","2020-11-12",,,,
"MXM00076726","CUERNAVACA, MX","2020-11-13",,,,
"MXM00076726","CUERNAVACA, MX","2020-11-14",,,,
"MXM00076726","CUERNAVACA, MX","2020-11-15",,,,
"MXM00076726","CUERNAVACA, MX","2020-11-16",,,,
"MXM00076726","CUERNAVACA, MX","2020-11-17","82",",,S","55",",,S"
"MXM00076726","CUERNAVACA, MX","2020-11-18",,,,
"MXM00076726","CUERNAVACA, MX","2020-11-19","82",",,S","48",",,S"
"MXM00076726","CUERNAVACA, MX","2020-11-20",,,,
"MXM00076726","CUERNAVACA, MX","2020-11-21",,,,
"MXM00076726","CUERNAVACA, MX","2020-11-22",,,,
"MXM00076726","CUERNAVACA, MX","2020-11-23",,,,
"MXM00076726","CUERNAVACA, MX","2020-11-24",,,,
"MXM00076726","CUERNAVACA, MX","2020-11-25",,,,
"MXM00076726","CUERNAVACA, MX","2020-11-26",,,,
"MXM00076726","CUERNAVACA, MX","2020-11-27",,,,
"MXM00076726","CUERNAVACA, MX","2020-11-28",,,,
"MXM00076726","CUERNAVACA, MX","2020-11-29",,,,
"MXM00076726","CUERNAVACA, MX","2020-11-30",,,,
"MXM00076726","CUERNAVACA, MX","2020-12-01","79",",,S","59",",,S"
"MXM00076726","CUERNAVACA, MX","2020-12-02",,,,
"MXM00076726","CUERNAVACA, MX","2020-12-03",,,,
"MXM00076726","CUERNAVACA, MX","2020-12-04",,,,
"MXM00076726","CUERNAVACA, MX","2020-12-05",,,,
"MXM00076726","CUERNAVACA, MX","2020-12-06",,,,
"MXM00076726","CUERNAVACA, MX","2020-12-07",,,,
"MXM00076726","CUERNAVACA, MX","2020-12-08",,,,
"MXM00076726","CUERNAVACA, MX","2020-12-09",,,,
"MXM00076726","CUERNAVACA, MX","2020-12-10",,,,
"MXM00076726","CUERNAVACA, MX","2020-12-11",,,,
"MXM00076726","CUERNAVACA, MX","2020-12-12",,,,
"MXM00076726","CUERNAVACA, MX","2020-12-13",,,,
"MXM00076726","CUERNAVACA, MX","2020-12-14",,,,
"MXM00076726","CUERNAVACA, MX","2020-12-15","82",",,S","51",",,S"
"MXM00076726","CUERNAVACA, MX","2020-12-16",,,,
"MXM00076726","CUERNAVACA, MX","2020-12-17",,,,
"MXM00076726","CUERNAVACA, MX","2020-12-18",,,,
"MXM00076726","CUERNAVACA, MX","2020-12-19",,,,
"MXM00076726","CUERNAVACA, MX","2020-12-20",,,,
"MXM00076726","CUERNAVACA, MX","2020-12-21",,,,
"MXM00076726","CUERNAVACA, MX","2020-12-22",,,,
"MXM00076726","CUERNAVACA, MX","2020-12-23",,,,
"MXM00076726","CUERNAVACA, MX","2020-12-24",,,,
"MXM00076726","CUERNAVACA, MX","2020-12-25",,,,
"MXM00076726","CUERNAVACA, MX","2020-12-26",,,,
"MXM00076726","CUERNAVACA, MX","2020-12-27",,,,
"MXM00076726","CUERNAVACA, MX","2020-12-28",,,,
"MXM00076726","CUERNAVACA, MX","2020-12-29",,,,
"MXM00076726","CUERNAVACA, MX","2020-12-30",,,,
"MXM00076726","CUERNAVACA, MX","2020-12-31",,,,
"MXM00076726","CUERNAVACA, MX","2021-01-01",,,,
"MXM00076726","CUERNAVACA, MX","2021-01-02",,,,
"MXM00076726","CUERNAVACA, MX","2021-01-03",,,,
"MXM00076726","CUERNAVACA, MX","2021-01-04",,,,
"MXM00076726","CUERNAVACA, MX","2021-01-05","82",",,S","54",",,S"
"MXM00076726","CUERNAVACA, MX","2021-01-06",,,,
"MXM00076726","CUERNAVACA, MX","2021-01-07",,,,
"MXM00076726","CUERNAVACA, MX","2021-01-08",,,,
"MXM00076726","CUERNAVACA, MX","2021-01-09",,,,
"MXM00076726","CUERNAVACA, MX","2021-01-10",,,,
"MXM00076726","CUERNAVACA, MX","2021-01-11",,,,
"MXM00076726","CUERNAVACA, MX","2021-01-12",,,,
"MXM00076726","CUERNAVACA, MX","2021-01-13",,,,
"MXM00076726","CUERNAVACA, MX","2021-01-14",,,,
"MXM00076726","CUERNAVACA, MX","2021-01-15",,,,
"MXM00076726","CUERNAVACA, MX","2021-01-16",,,,
"MXM00076726","CUERNAVACA, MX","2021-01-17",,,,
"MXM00076726","CUERNAVACA, MX","2021-01-18",,,,
"MXM00076726","CUERNAVACA, MX","2021-01-19",,,,
"MXM00076726","CUERNAVACA, MX","2021-01-20",,,,
"MXM00076726","CUERNAVACA, MX","2021-01-21",,,,
"MXM00076726","CUERNAVACA, MX","2021-01-22",,,,
"MXM00076726","CUERNAVACA, MX","2021-01-23","86",",,S","53",",,S"
"MXM00076726","CUERNAVACA, MX","2021-01-24",,,,
"MXM00076726","CUERNAVACA, MX","2021-01-25",,,,
"MXM00076726","CUERNAVACA, MX","2021-01-26",,,,
"MXM00076726","CUERNAVACA, MX","2021-01-27",,,,
"MXM00076726","CUERNAVACA, MX","2021-01-28","86",",,S","54",",,S"
"MXM00076726","CUERNAVACA, MX","2021-01-29",,,,
"MXM00076726","CUERNAVACA, MX","2021-01-30",,,,
"MXM00076726","CUERNAVACA, MX","2021-01-31",,,,
"MXM00076726","CUERNAVACA, MX","2021-02-01",,,,
"MXM00076726","CUERNAVACA, MX","2021-02-02",,,,
"MXM00076726","CUERNAVACA, MX","2021-02-03",,,,
"MXM00076726","CUERNAVACA, MX","2021-02-04",,,,
"MXM00076726","CUERNAVACA, MX","2021-02-05",,,,
"MXM00076726","CUERNAVACA, MX","2021-02-06","88",",,S","54",",,S"
"MXM00076726","CUERNAVACA, MX","2021-02-07",,,,
"MXM00076726","CUERNAVACA, MX","2021-02-08",,,,
"MXM00076726","CUERNAVACA, MX","2021-02-09","86",",,S","53",",,S"
"MXM00076726","CUERNAVACA, MX","2021-02-13",,,,
"MXM00076726","CUERNAVACA, MX","2021-02-14",,,,
"MXM00076726","CUERNAVACA, MX","2021-02-15",,,,
"MXM00076726","CUERNAVACA, MX","2021-02-16",,,,
"MXM00076726","CUERNAVACA, MX","2021-02-17",,,,
"MXM00076726","CUERNAVACA, MX","2021-02-18",,,,
"MXM00076726","CUERNAVACA, MX","2021-02-21",,,,
"MXM00076726","CUERNAVACA, MX","2021-02-22",,,,
"MXM00076726","CUERNAVACA, MX","2021-02-23",,,,
"MXM00076726","CUERNAVACA, MX","2021-02-24",,,,
"MXM00076726","CUERNAVACA, MX","2021-02-25",,,,
"MXM00076726","CUERNAVACA, MX","2021-02-26",,,,
"MXM00076726","CUERNAVACA, MX","2021-02-27",,,,
"MXM00076726","CUERNAVACA, MX","2021-02-28",,,,
"MXM00076726","CUERNAVACA, MX","2021-03-01",,,,
"MXM00076726","CUERNAVACA, MX","2021-03-02","92",",,S","63",",,S"
"MXM00076726","CUERNAVACA, MX","2021-03-03",,,,
"MXM00076726","CUERNAVACA, MX","2021-03-04",,,,
"MXM00076726","CUERNAVACA, MX","2021-03-05",,,,
"MXM00076726","CUERNAVACA, MX","2021-03-06",,,,
"MXM00076726","CUERNAVACA, MX","2021-03-07",,,,
"MXM00076726","CUERNAVACA, MX","2021-03-08",,,,
"MXM00076726","CUERNAVACA, MX","2021-03-09",,,,
"MXM00076726","CUERNAVACA, MX","2021-03-10",,,,
"MXM00076726","CUERNAVACA, MX","2021-03-11",,,,
"MXM00076726","CUERNAVACA, MX","2021-03-12",,,,
"MXM00076726","CUERNAVACA, MX","2021-03-13",,,,
"MXM00076726","CUERNAVACA, MX","2021-03-14",,,,
"MXM00076726","CUERNAVACA, MX","2021-03-15",,,,
"MXM00076726","CUERNAVACA, MX","2021-03-16","91",",,S","57",",,S"
"MXM00076726","CUERNAVACA, MX","2021-03-17",,,,
"MXM00076726","CUERNAVACA, MX","2021-03-18","90",",,S","57",",,S"
"MXM00076726","CUERNAVACA, MX","2021-03-19",,,,
"MXM00076726","CUERNAVACA, MX","2021-03-20","86",",,S","57",",,S"
"MXM00076726","CUERNAVACA, MX","2021-03-21",,,,
"MXM00076726","CUERNAVACA, MX","2021-03-22",,,,
"MXM00076726","CUERNAVACA, MX","2021-03-23",,,,
"MXM00076726","CUERNAVACA, MX","2021-03-24",,,,
"MXM00076726","CUERNAVACA, MX","2021-03-25",,,,
"MXM00076726","CUERNAVACA, MX","2021-03-26",,,,
"MXM00076726","CUERNAVACA, MX","2021-03-27",,,,
"MXM00076726","CUERNAVACA, MX","2021-03-28",,,,
"MXM00076726","CUERNAVACA, MX","2021-03-29",,,,
"MXM00076726","CUERNAVACA, MX","2021-03-30",,,,
"MXM00076726","CUERNAVACA, MX","2021-03-31",,,,
"MXM00076726","CUERNAVACA, MX","2021-04-01",,,,
"MXM00076726","CUERNAVACA, MX","2021-04-02",,,,
"MXM00076726","CUERNAVACA, MX","2021-04-03",,,,
"MXM00076726","CUERNAVACA, MX","2021-04-04",,,,
"MXM00076726","CUERNAVACA, MX","2021-04-05",,,,
"MXM00076726","CUERNAVACA, MX","2021-04-06",,,,
"MXM00076726","CUERNAVACA, MX","2021-04-07",,,,
"MXM00076726","CUERNAVACA, MX","2021-04-08",,,,
"MXM00076726","CUERNAVACA, MX","2021-04-09",,,,
"MXM00076726","CUERNAVACA, MX","2021-04-10",,,,
"MXM00076726","CUERNAVACA, MX","2021-04-11",,,,
"MXM00076726","CUERNAVACA, MX","2021-04-12",,,,
"MXM00076726","CUERNAVACA, MX","2021-04-13",,,,
"MXM00076726","CUERNAVACA, MX","2021-04-14",,,,
"MXM00076726","CUERNAVACA, MX","2021-04-15",,,,
"MXM00076726","CUERNAVACA, MX","2021-04-16",,,,
"MXM00076726","CUERNAVACA, MX","2021-04-17",,,,
"MXM00076726","CUERNAVACA, MX","2021-04-18",,,,
"MXM00076726","CUERNAVACA, MX","2021-04-19",,,,
"MXM00076726","CUERNAVACA, MX","2021-04-20",,,,
"MXM00076726","CUERNAVACA, MX","2021-04-21",,,,
"MXM00076726","CUERNAVACA, MX","2021-04-22",,,,
"MXM00076726","CUERNAVACA, MX","2021-04-23",,,,
"MXM00076726","CUERNAVACA, MX","2021-04-24",,,,
"MXM00076726","CUERNAVACA, MX","2021-04-25",,,,
"MXM00076726","CUERNAVACA, MX","2021-04-26",,,,
"MXM00076726","CUERNAVACA, MX","2021-04-27",,,,
"MXM00076726","CUERNAVACA, MX","2021-04-28",,,,
"MXM00076726","CUERNAVACA, MX","2021-04-29",,,,
"MXM00076726","CUERNAVACA, MX","2021-04-30",,,,
"MXM00076726","CUERNAVACA, MX","2021-05-01",,,,
"MXM00076726","CUERNAVACA, MX","2021-05-02",,,,
"MXM00076726","CUERNAVACA, MX","2021-05-03",,,,
"MXM00076726","CUERNAVACA, MX","2021-05-04","91",",,S","57",",,S"
"MXM00076726","CUERNAVACA, MX","2021-05-05",,,,
"MXM00076726","CUERNAVACA, MX","2021-05-06",,,,
"MXM00076726","CUERNAVACA, MX","2021-05-07",,,,
"MXM00076726","CUERNAVACA, MX","2021-05-08",,,,
"MXM00076726","CUERNAVACA, MX","2021-05-09",,,,
"MXM00076726","CUERNAVACA, MX","2021-05-10",,,,
"MXM00076726","CUERNAVACA, MX","2021-05-11",,,,
"MXM00076726","CUERNAVACA, MX","2021-05-12",,,,
"MXM00076726","CUERNAVACA, MX","2021-05-13",,,,
"MXM00076726","CUERNAVACA, MX","2021-05-14",,,,
"MXM00076726","CUERNAVACA, MX","2021-05-15",,,,
"MXM00076726","CUERNAVACA, MX","2021-05-16",,,,
"MXM00076726","CUERNAVACA, MX","2021-05-17",,,,
"MXM00076726","CUERNAVACA, MX","2021-05-18",,,,
"MXM00076726","CUERNAVACA, MX","2021-05-19",,,,
"MXM00076726","CUERNAVACA, MX","2021-05-20",,,,
"MXM00076726","CUERNAVACA, MX","2021-05-21",,,,
"MXM00076726","CUERNAVACA, MX","2021-05-22",,,,
"MXM00076726","CUERNAVACA, MX","2021-05-23",,,,
"MXM00076726","CUERNAVACA, MX","2021-05-24",,,,
"MXM00076726","CUERNAVACA, MX","2021-05-25",,,,
"MXM00076726","CUERNAVACA, MX","2021-05-26",,,,
"MXM00076726","CUERNAVACA, MX","2021-05-27",,,,
"MXM00076726","CUERNAVACA, MX","2021-05-28",,,,
"MXM00076726","CUERNAVACA, MX","2021-05-29","87",",,S","59",",,S"
"MXM00076726","CUERNAVACA, MX","2021-05-30",,,,
"MXM00076726","CUERNAVACA, MX","2021-05-31",,,,
"MXM00076726","CUERNAVACA, MX","2021-06-01",,,,
"MXM00076726","CUERNAVACA, MX","2021-06-02",,,,
"MXM00076726","CUERNAVACA, MX","2021-06-03",,,,
"MXM00076726","CUERNAVACA, MX","2021-06-04",,,,
"MXM00076726","CUERNAVACA, MX","2021-06-05",,,,
"MXM00076726","CUERNAVACA, MX","2021-06-06",,,,
"MXM00076726","CUERNAVACA, MX","2021-06-07",,,,
"MXM00076726","CUERNAVACA, MX","2021-06-08",,,,
"MXM00076726","CUERNAVACA, MX","2021-06-09",,,,
"MXM00076726","CUERNAVACA, MX","2021-06-10",,,,
"MXM00076726","CUERNAVACA, MX","2021-06-11",,,,
"MXM00076726","CUERNAVACA, MX","2021-06-12",,,,
"MXM00076726","CUERNAVACA, MX","2021-06-13",,,,
"MXM00076726","CUERNAVACA, MX","2021-06-14",,,,
"MXM00076726","CUERNAVACA, MX","2021-06-15",,,,
"MXM00076726","CUERNAVACA, MX","2021-06-16",,,,
"MXM00076726","CUERNAVACA, MX","2021-06-17",,,,
"MXM00076726","CUERNAVACA, MX","2021-06-18",,,,
"MXM00076726","CUERNAVACA, MX","2021-06-19",,,,
"MXM00076726","CUERNAVACA, MX","2021-06-20",,,,
"MXM00076726","CUERNAVACA, MX","2021-06-21",,,,
"MXM00076726","CUERNAVACA, MX","2021-06-22",,,,
"MXM00076726","CUERNAVACA, MX","2021-06-23",,,,
"MXM00076726","CUERNAVACA, MX","2021-06-24",,,,
"MXM00076726","CUERNAVACA, MX","2021-06-25",,,,
"MXM00076726","CUERNAVACA, MX","2021-06-26",,,,
"MXM00076726","CUERNAVACA, MX","2021-06-27",,,,
"MXM00076726","CUERNAVACA, MX","2021-06-28",,,,
"MXM00076726","CUERNAVACA, MX","2021-06-29",,,,
"MXM00076726","CUERNAVACA, MX","2021-06-30",,,,
"MXM00076726","CUERNAVACA, MX","2021-07-01",,,,
"MXM00076726","CUERNAVACA, MX","2021-07-02",,,,
"MXM00076726","CUERNAVACA, MX","2021-07-03",,,,
"MXM00076726","CUERNAVACA, MX","2021-07-04",,,,
"MXM00076726","CUERNAVACA, MX","2021-07-05",,,,
"MXM00076726","CUERNAVACA, MX","2021-07-06",,,,
"MXM00076726","CUERNAVACA, MX","2021-07-07",,,,
"MXM00076726","CUERNAVACA, MX","2021-07-08",,,,
"MXM00076726","CUERNAVACA, MX","2021-07-09",,,,
"MXM00076726","CUERNAVACA, MX","2021-07-10",,,,
"MXM00076726","CUERNAVACA, MX","2021-07-11",,,,
"MXM00076726","CUERNAVACA, MX","2021-07-12",,,,
"MXM00076726","CUERNAVACA, MX","2021-07-13",,,,
"MXM00076726","CUERNAVACA, MX","2021-07-14",,,,
"MXM00076726","CUERNAVACA, MX","2021-07-15",,,,
"MXM00076726","CUERNAVACA, MX","2021-07-16",,,,
"MXM00076726","CUERNAVACA, MX","2021-07-17",,,,
"MXM00076726","CUERNAVACA, MX","2021-07-18",,,,
"MXM00076726","CUERNAVACA, MX","2021-07-19",,,,
"MXM00076726","CUERNAVACA, MX","2021-07-20",,,,
"MXM00076726","CUERNAVACA, MX","2021-07-22",,,,
"MXM00076726","CUERNAVACA, MX","2021-07-23",,,,
"MXM00076726","CUERNAVACA, MX","2021-07-24",,,,
"MXM00076726","CUERNAVACA, MX","2021-07-25",,,,
"MXM00076726","CUERNAVACA, MX","2021-07-26",,,,
"MXM00076726","CUERNAVACA, MX","2021-07-27",,,,
"MXM00076726","CUERNAVACA, MX","2021-07-28",,,,
"MXM00076726","CUERNAVACA, MX","2021-07-29",,,,
"MXM00076726","CUERNAVACA, MX","2021-07-30",,,,
"MXM00076726","CUERNAVACA, MX","2021-07-31","84",",,S","55",",,S"
"MXM00076726","CUERNAVACA, MX","2021-08-01",,,,
"MXM00076726","CUERNAVACA, MX","2021-08-02",,,,
"MXM00076726","CUERNAVACA, MX","2021-08-03","82",",,S","58",",,S"
"MXM00076726","CUERNAVACA, MX","2021-08-04",,,,
"MXM00076726","CUERNAVACA, MX","2021-08-05",,,,
"MXM00076726","CUERNAVACA, MX","2021-08-06",,,,
"MXM00076726","CUERNAVACA, MX","2021-08-07",,,,
"MXM00076726","CUERNAVACA, MX","2021-08-08",,,,
"MXM00076726","CUERNAVACA, MX","2021-08-09",,,,
"MXM00076726","CUERNAVACA, MX","2021-08-10",,,,
"MXM00076726","CUERNAVACA, MX","2021-08-11",,,,
"MXM00076726","CUERNAVACA, MX","2021-08-12",,,,
"MXM00076726","CUERNAVACA, MX","2021-08-13",,,,
"MXM00076726","CUERNAVACA, MX","2021-08-14",,,,
"MXM00076726","CUERNAVACA, MX","2021-08-15",,,,
"MXM00076726","CUERNAVACA, MX","2021-08-16",,,,
"MXM00076726","CUERNAVACA, MX","2021-08-17",,,,
"MXM00076726","CUERNAVACA, MX","2021-08-18",,,,
"MXM00076726","CUERNAVACA, MX","2021-08-19","84",",,S","59",",,S"
"MXM00076726","CUERNAVACA, MX","2021-08-20",,,,
"MXM00076726","CUERNAVACA, MX","2021-08-21",,,,
"MXM00076726","CUERNAVACA, MX","2021-08-22",,,,
"MXM00076726","CUERNAVACA, MX","2021-08-23",,,,
"MXM00076726","CUERNAVACA, MX","2021-08-24",,,,
"MXM00076726","CUERNAVACA, MX","2021-08-25",,,,
"MXM00076726","CUERNAVACA, MX","2021-08-26",,,,
"MXM00076726","CUERNAVACA, MX","2021-08-27",,,,
"MXM00076726","CUERNAVACA, MX","2021-08-28",,,,
"MXM00076726","CUERNAVACA, MX","2021-08-29",,,,
"MXM00076726","CUERNAVACA, MX","2021-08-30",,,,
"MXM00076726","CUERNAVACA, MX","2021-08-31",,,,
"MXM00076726","CUERNAVACA, MX","2021-09-01",,,,
"MXM00076726","CUERNAVACA, MX","2021-09-02",,,,
"MXM00076726","CUERNAVACA, MX","2021-09-03",,,,
"MXM00076726","CUERNAVACA, MX","2021-09-04",,,,
"MXM00076726","CUERNAVACA, MX","2021-09-05",,,,
"MXM00076726","CUERNAVACA, MX","2021-09-06",,,,
"MXM00076726","CUERNAVACA, MX","2021-09-07",,,,
"MXM00076726","CUERNAVACA, MX","2021-09-08",,,,
"MXM00076726","CUERNAVACA, MX","2021-09-09",,,,
"MXM00076726","CUERNAVACA, MX","2021-09-10",,,,
"MXM00076726","CUERNAVACA, MX","2021-09-11","81",",,S","58",",,S"
"MXM00076726","CUERNAVACA, MX","2021-09-12",,,,
"MXM00076726","CUERNAVACA, MX","2021-09-13",,,,
"MXM00076726","CUERNAVACA, MX","2021-09-14",,,,
"MXM00076726","CUERNAVACA, MX","2021-09-15",,,,
"MXM00076726","CUERNAVACA, MX","2021-09-16",,,,
"MXM00076726","CUERNAVACA, MX","2021-09-17",,,,
"MXM00076726","CUERNAVACA, MX","2021-09-18",,,,
"MXM00076726","CUERNAVACA, MX","2021-09-19",,,,
"MXM00076726","CUERNAVACA, MX","2021-09-20",,,,
"MXM00076726","CUERNAVACA, MX","2021-09-21",,,,
"MXM00076726","CUERNAVACA, MX","2021-09-22",,,,
"MXM00076726","CUERNAVACA, MX","2021-09-23","81",",,S","53",",,S"
"MXM00076726","CUERNAVACA, MX","2021-09-24","81",",,S","53",",,S"
"MXM00076726","CUERNAVACA, MX","2021-09-25","78",",,S","54",",,S"
"MXM00076726","CUERNAVACA, MX","2021-09-27",,,,
"MXM00076726","CUERNAVACA, MX","2021-09-28","81",",,S","55",",,S"
"MXM00076726","CUERNAVACA, MX","2021-09-29",,,,
"MXM00076726","CUERNAVACA, MX","2021-09-30",,,,
"MXM00076726","CUERNAVACA, MX","2021-10-01","81",",,S","55",",,S"
"MXM00076726","CUERNAVACA, MX","2021-10-02",,,,
"MXM00076726","CUERNAVACA, MX","2021-10-03",,,,
"MXM00076726","CUERNAVACA, MX","2021-10-04",,,,
"MXM00076726","CUERNAVACA, MX","2021-10-05",,,,
"MXM00076726","CUERNAVACA, MX","2021-10-06",,,,
"MXM00076726","CUERNAVACA, MX","2021-10-07",,,,
"MXM00076726","CUERNAVACA, MX","2021-10-08",,,,
"MXM00076726","CUERNAVACA, MX","2021-10-09",,,,
"MXM00076726","CUERNAVACA, MX","2021-10-10","85",",,S","54",",,S"
"MXM00076726","CUERNAVACA, MX","2021-10-11",,,,
"MXM00076726","CUERNAVACA, MX","2021-10-12",,,,
"MXM00076726","CUERNAVACA, MX","2021-10-13","88",",,S","56",",,S"
"MXM00076726","CUERNAVACA, MX","2021-10-14","86",",,S","56",",,S"
"MXM00076726","CUERNAVACA, MX","2021-10-15",,,,
"MXM00076726","CUERNAVACA, MX","2021-10-16",,,,
"MXM00076726","CUERNAVACA, MX","2021-10-17",,,,
"MXM00076726","CUERNAVACA, MX","2021-10-18",,,,
"MXM00076726","CUERNAVACA, MX","2021-10-19",,,,
"MXM00076726","CUERNAVACA, MX","2021-10-20",,,,
"MXM00076726","CUERNAVACA, MX","2021-10-21",,,,
"MXM00076726","CUERNAVACA, MX","2021-10-22",,,,
"MXM00076726","CUERNAVACA, MX","2021-10-23",,,,
"MXM00076726","CUERNAVACA, MX","2021-10-24",,,,
"MXM00076726","CUERNAVACA, MX","2021-10-25",,,,
"MXM00076726","CUERNAVACA, MX","2021-10-26",,,,
"MXM00076726","CUERNAVACA, MX","2021-10-27",,,,
"MXM00076726","CUERNAVACA, MX","2021-10-28",,,,
"MXM00076726","CUERNAVACA, MX","2021-10-29",,,,
"MXM00076726","CUERNAVACA, MX","2021-10-30","79",",,S","54",",,S"
"MXM00076726","CUERNAVACA, MX","2021-10-31",,,,
"MXM00076726","CUERNAVACA, MX","2021-11-01",,,,
"MXM00076726","CUERNAVACA, MX","2021-11-02",,,,
"MXM00076726","CUERNAVACA, MX","2021-11-03",,,,
"MXM00076726","CUERNAVACA, MX","2021-11-04",,,,
"MXM00076726","CUERNAVACA, MX","2021-11-05","79",",,S","51",",,S"
"MXM00076726","CUERNAVACA, MX","2021-11-06",,,,
"MXM00076726","CUERNAVACA, MX","2021-11-07",,,,
"MXM00076726","CUERNAVACA, MX","2021-11-08",,,,
"MXM00076726","CUERNAVACA, MX","2021-11-09",,,,
"MXM00076726","CUERNAVACA, MX","2021-11-10",,,,
"MXM00076726","CUERNAVACA, MX","2021-11-11",,,,
"MXM00076726","CUERNAVACA, MX","2021-11-12",,,,
"MXM00076726","CUERNAVACA, MX","2021-11-13",,,,
"MXM00076726","CUERNAVACA, MX","2021-11-14",,,,
"MXM00076726","CUERNAVACA, MX","2021-11-15",,,,
"MXM00076726","CUERNAVACA, MX","2021-11-16",,,,
"MXM00076726","CUERNAVACA, MX","2021-11-17",,,,
"MXM00076726","CUERNAVACA, MX","2021-11-18",,,,
"MXM00076726","CUERNAVACA, MX","2021-11-19",,,,
"MXM00076726","CUERNAVACA, MX","2021-11-20",,,,
"MXM00076726","CUERNAVACA, MX","2021-11-21",,,,
"MXM00076726","CUERNAVACA, MX","2021-11-22",,,,
"MXM00076726","CUERNAVACA, MX","2021-11-23",,,,
"MXM00076726","CUERNAVACA, MX","2021-11-24",,,,
"MXM00076726","CUERNAVACA, MX","2021-11-25",,,,
"MXM00076726","CUERNAVACA, MX","2021-11-26","81",",,S","51",",,S"
"MXM00076726","CUERNAVACA, MX","2021-11-27",,,,
"MXM00076726","CUERNAVACA, MX","2021-11-28",,,,
"MXM00076726","CUERNAVACA, MX","2021-11-29",,,,
"MXM00076726","CUERNAVACA, MX","2021-11-30",,,,
"MXM00076726","CUERNAVACA, MX","2021-12-01",,,,
"MXM00076726","CUERNAVACA, MX","2021-12-02",,,,
"MXM00076726","CUERNAVACA, MX","2021-12-03","82",",,S","50",",,S"
"MXM00076726","CUERNAVACA, MX","2021-12-04",,,,
"MXM00076726","CUERNAVACA, MX","2021-12-05",,,,
"MXM00076726","CUERNAVACA, MX","2021-12-06",,,,
"MXM00076726","CUERNAVACA, MX","2021-12-07",,,,
"MXM00076726","CUERNAVACA, MX","2021-12-08",,,,
"MXM00076726","CUERNAVACA, MX","2021-12-09",,,,
"MXM00076726","CUERNAVACA, MX","2021-12-10",,,,
"MXM00076726","CUERNAVACA, MX","2021-12-11",,,,
"MXM00076726","CUERNAVACA, MX","2021-12-12",,,,
"MXM00076726","CUERNAVACA, MX","2021-12-13",,,,
"MXM00076726","CUERNAVACA, MX","2021-12-14",,,,
"MXM00076726","CUERNAVACA, MX","2021-12-15","82",",,S","48",",,S"
"MXM00076726","CUERNAVACA, MX","2021-12-16",,,,
"MXM00076726","CUERNAVACA, MX","2021-12-17",,,,
"MXM00076726","CUERNAVACA, MX","2021-12-18",,,,
"MXM00076726","CUERNAVACA, MX","2021-12-19",,,,
"MXM00076726","CUERNAVACA, MX","2021-12-20",,,,
"MXM00076726","CUERNAVACA, MX","2021-12-21",,,,
"MXM00076726","CUERNAVACA, MX","2021-12-22",,,,
"MXM00076726","CUERNAVACA, MX","2021-12-23",,,,
"MXM00076726","CUERNAVACA, MX","2021-12-24",,,,
"MXM00076726","CUERNAVACA, MX","2021-12-25",,,,
"MXM00076726","CUERNAVACA, MX","2021-12-26",,,,
"MXM00076726","CUERNAVACA, MX","2021-12-27",,,,
"MXM00076726","CUERNAVACA, MX","2021-12-28",,,,
"MXM00076726","CUERNAVACA, MX","2021-12-29",,,,
"MXM00076726","CUERNAVACA, MX","2021-12-30",,,,
"MXM00076726","CUERNAVACA, MX","2021-12-31",,,,
"MXM00076726","CUERNAVACA, MX","2022-01-01",,,,
"MXM00076726","CUERNAVACA, MX","2022-01-02",,,,
"MXM00076726","CUERNAVACA, MX","2022-01-03",,,,
"MXM00076726","CUERNAVACA, MX","2022-01-04",,,,
"MXM00076726","CUERNAVACA, MX","2022-01-05",,,,
"MXM00076726","CUERNAVACA, MX","2022-01-06",,,,
"MXM00076726","CUERNAVACA, MX","2022-01-07","83",",,S","52",",,S"
"MXM00076726","CUERNAVACA, MX","2022-01-08","81",",,S","50",",,S"
"MXM00076726","CUERNAVACA, MX","2022-01-09",,,,
"MXM00076726","CUERNAVACA, MX","2022-01-10",,,,
"MXM00076726","CUERNAVACA, MX","2022-01-11","82",",,S","55",",,S"
"MXM00076726","CUERNAVACA, MX","2022-01-12",,,,
"MXM00076726","CUERNAVACA, MX","2022-01-13",,,,
"MXM00076726","CUERNAVACA, MX","2022-01-14",,,,
"MXM00076726","CUERNAVACA, MX","2022-01-15",,,,
"MXM00076726","CUERNAVACA, MX","2022-01-16",,,,
"MXM00076726","CUERNAVACA, MX","2022-01-17",,,,
"MXM00076726","CUERNAVACA, MX","2022-01-18",,,,
"MXM00076726","CUERNAVACA, MX","2022-01-19",,,,
"MXM00076726","CUERNAVACA, MX","2022-01-20",,,,
"MXM00076726","CUERNAVACA, MX","2022-01-21",,,,
"MXM00076726","CUERNAVACA, MX","2022-01-22",,,,
"MXM00076726","CUERNAVACA, MX","2022-01-23",,,,
"MXM00076726","CUERNAVACA, MX","2022-01-24",,,,
"MXM00076726","CUERNAVACA, MX","2022-01-25",,,,
"MXM00076726","CUERNAVACA, MX","2022-01-26",,,,
"MXM00076726","CUERNAVACA, MX","2022-01-27",,,,
"MXM00076726","CUERNAVACA, MX","2022-01-28",,,,
"MXM00076726","CUERNAVACA, MX","2022-01-29",,,,
"MXM00076726","CUERNAVACA, MX","2022-01-30",,,,
"MXM00076726","CUERNAVACA, MX","2022-01-31",,,,
"MXM00076726","CUERNAVACA, MX","2022-02-01",,,,
"MXM00076726","CUERNAVACA, MX","2022-02-02",,,,
"MXM00076726","CUERNAVACA, MX","2022-02-03",,,,
"MXM00076726","CUERNAVACA, MX","2022-02-04",,,,
"MXM00076726","CUERNAVACA, MX","2022-02-05","82",",,S","48",",,S"
"MXM00076726","CUERNAVACA, MX","2022-02-06",,,,
"MXM00076726","CUERNAVACA, MX","2022-02-07",,,,
"MXM00076726","CUERNAVACA, MX","2022-02-08",,,,
"MXM00076726","CUERNAVACA, MX","2022-02-09",,,,
"MXM00076726","CUERNAVACA, MX","2022-02-10",,,,
"MXM00076726","CUERNAVACA, MX","2022-02-11",,,,
"MXM00076726","CUERNAVACA, MX","2022-02-12",,,,
"MXM00076726","CUERNAVACA, MX","2022-02-13",,,,
"MXM00076726","CUERNAVACA, MX","2022-02-14",,,,
"MXM00076726","CUERNAVACA, MX","2022-02-15",,,,
"MXM00076726","CUERNAVACA, MX","2022-02-16",,,,
"MXM00076726","CUERNAVACA, MX","2022-02-17",,,,
"MXM00076726","CUERNAVACA, MX","2022-02-18",,,,
"MXM00076726","CUERNAVACA, MX","2022-02-19","91",",,S","57",",,S"
"MXM00076726","CUERNAVACA, MX","2022-02-20",,,,
"MXM00076726","CUERNAVACA, MX","2022-02-21",,,,
"MXM00076726","CUERNAVACA, MX","2022-02-22","92",",,S","55",",,S"
"MXM00076726","CUERNAVACA, MX","2022-02-23",,,,
"MXM00076726","CUERNAVACA, MX","2022-02-24","92",",,S","56",",,S"
"MXM00076726","CUERNAVACA, MX","2022-02-25",,,,
"MXM00076726","CUERNAVACA, MX","2022-02-26","88",",,S","58",",,S"
"MXM00076726","CUERNAVACA, MX","2022-02-27",,,,
"MXM00076726","CUERNAVACA, MX","2022-02-28",,,,
"MXM00076726","CUERNAVACA, MX","2022-03-01",,,,
"MXM00076726","CUERNAVACA, MX","2022-03-02","90",",,S","55",",,S"
"MXM00076726","CUERNAVACA, MX","2022-03-03","90",",,S","55",",,S"
"MXM00076726","CUERNAVACA, MX","2022-03-04",,,,
"MXM00076726","CUERNAVACA, MX","2022-03-05",,,,
"MXM00076726","CUERNAVACA, MX","2022-03-06",,,,
"MXM00076726","CUERNAVACA, MX","2022-03-07",,,,
"MXM00076726","CUERNAVACA, MX","2022-03-08",,,,
"MXM00076726","CUERNAVACA, MX","2022-03-09","92",",,S","55",",,S"
"MXM00076726","CUERNAVACA, MX","2022-03-10",,,,
"MXM00076726","CUERNAVACA, MX","2022-03-11",,,,
"MXM00076726","CUERNAVACA, MX","2022-03-12","93",",,S","55",",,S"
"MXM00076726","CUERNAVACA, MX","2022-03-13",,,,
"MXM00076726","CUERNAVACA, MX","2022-03-14",,,,
"MXM00076726","CUERNAVACA, MX","2022-03-15","91",",,S","57",",,S"
"MXM00076726","CUERNAVACA, MX","2022-03-16","91",",,S","55",",,S"
"MXM00076726","CUERNAVACA, MX","2022-03-17",,,,
"MXM00076726","CUERNAVACA, MX","2022-03-18",,,,
"MXM00076726","CUERNAVACA, MX","2022-03-19",,,,
"MXM00076726","CUERNAVACA, MX","2022-03-20",,,,
"MXM00076726","CUERNAVACA, MX","2022-03-21",,,,
"MXM00076726","CUERNAVACA, MX","2022-03-22","93",",,S","59",",,S"
"MXM00076726","CUERNAVACA, MX","2022-03-23",,,,
"MXM00076726","CUERNAVACA, MX","2022-03-24","93",",,S","55",",,S"
"MXM00076726","CUERNAVACA, MX","2022-03-25","93",",,S","57",",,S"
"MXM00076726","CUERNAVACA, MX","2022-03-26","90",",,S","62",",,S"
"MXM00076726","CUERNAVACA, MX","2022-03-27",,,,
"MXM00076726","CUERNAVACA, MX","2022-03-28",,,,
"MXM00076726","CUERNAVACA, MX","2022-03-29","95",",,S","62",",,S"
"MXM00076726","CUERNAVACA, MX","2022-03-30",,,,
"MXM00076726","CUERNAVACA, MX","2022-03-31","95",",,S","54",",,S"
"MXM00076726","CUERNAVACA, MX","2022-04-01",,,,
"MXM00076726","CUERNAVACA, MX","2022-04-02",,,,
"MXM00076726","CUERNAVACA, MX","2022-04-03",,,,
"MXM00076726","CUERNAVACA, MX","2022-04-04",,,,
"MXM00076726","CUERNAVACA, MX","2022-04-05",,,,
"MXM00076726","CUERNAVACA, MX","2022-04-06",,,,
"MXM00076726","CUERNAVACA, MX","2022-04-07",,,,
"MXM00076726","CUERNAVACA, MX","2022-04-08","94",",,S","59",",,S"
"MXM00076726","CUERNAVACA, MX","2022-04-09","88",",,S","55",",,S"
"MXM00076726","CUERNAVACA, MX","2022-04-10",,,,
"MXM00076726","CUERNAVACA, MX","2022-04-11",,,,
"MXM00076726","CUERNAVACA, MX","2022-04-12",,,,
"MXM00076726","CUERNAVACA, MX","2022-04-13","93",",,S","57",",,S"
"MXM00076726","CUERNAVACA, MX","2022-04-14",,,,
"MXM00076726","CUERNAVACA, MX","2022-04-15",,,,
"MXM00076726","CUERNAVACA, MX","2022-04-16",,,,
"MXM00076726","CUERNAVACA, MX","2022-04-17",,,,
"MXM00076726","CUERNAVACA, MX","2022-04-18",,,,
"MXM00076726","CUERNAVACA, MX","2022-04-19","95",",,S","59",",,S"
"MXM00076726","CUERNAVACA, MX","2022-04-20",,,,
"MXM00076726","CUERNAVACA, MX","2022-04-21",,,,
"MXM00076726","CUERNAVACA, MX","2022-04-22","89",",,S","54",",,S"
"MXM00076726","CUERNAVACA, MX","2022-04-23",,,,
"MXM00076726","CUERNAVACA, MX","2022-04-24",,,,
"MXM00076726","CUERNAVACA, MX","2022-04-25",,,,
"MXM00076726","CUERNAVACA, MX","2022-04-26","88",",,S","54",",,S"
"MXM00076726","CUERNAVACA, MX","2022-04-27",,,,
"MXM00076726","CUERNAVACA, MX","2022-04-28",,,,
"MXM00076726","CUERNAVACA, MX","2022-04-29",,,,
"MXM00076726","CUERNAVACA, MX","2022-04-30",,,,
"MXM00076726","CUERNAVACA, MX","2022-05-01",,,,
"MXM00076726","CUERNAVACA, MX","2022-05-02",,,,
"MXM00076726","CUERNAVACA, MX","2022-05-03",,,,
"MXM00076726","CUERNAVACA, MX","2022-05-04",,,,
"MXM00076726","CUERNAVACA, MX","2022-05-05",,,,
"MXM00076726","CUERNAVACA, MX","2022-05-06","95",",,S","59",",,S"
"MXM00076726","CUERNAVACA, MX","2022-05-07",,,,
"MXM00076726","CUERNAVACA, MX","2022-05-08",,,,
"MXM00076726","CUERNAVACA, MX","2022-05-09",,,,
"MXM00076726","CUERNAVACA, MX","2022-05-10","98",",,S","59",",,S"
"MXM00076726","CUERNAVACA, MX","2022-05-11",,,,
"MXM00076726","CUERNAVACA, MX","2022-05-12","92",",,S","61",",,S"
"MXM00076726","CUERNAVACA, MX","2022-05-13",,,,
"MXM00076726","CUERNAVACA, MX","2022-05-14",,,,
"MXM00076726","CUERNAVACA, MX","2022-05-15",,,,
"MXM00076726","CUERNAVACA, MX","2022-05-16",,,,
"MXM00076726","CUERNAVACA, MX","2022-05-17",,,,
"MXM00076726","CUERNAVACA, MX","2022-05-18",,,,
"MXM00076726","CUERNAVACA, MX","2022-05-19",,,,
"MXM00076726","CUERNAVACA, MX","2022-05-20",,,,
"MXM00076726","CUERNAVACA, MX","2022-05-21",,,,
"MXM00076726","CUERNAVACA, MX","2022-05-22",,,,
"MXM00076726","CUERNAVACA, MX","2022-05-23",,,,
"MXM00076726","CUERNAVACA, MX","2022-05-24",,,,
"MXM00076726","CUERNAVACA, MX","2022-05-25",,,,
"MXM00076726","CUERNAVACA, MX","2022-05-26",,,,
"MXM00076726","CUERNAVACA, MX","2022-05-27",,,,
"MXM00076726","CUERNAVACA, MX","2022-05-28",,,,
"MXM00076726","CUERNAVACA, MX","2022-05-29",,,,
"MXM00076726","CUERNAVACA, MX","2022-05-30",,,,
"MXM00076726","CUERNAVACA, MX","2022-05-31",,,,
"MXM00076726","CUERNAVACA, MX","2022-06-01",,,,
"MXM00076726","CUERNAVACA, MX","2022-06-02",,,,
"MXM00076726","CUERNAVACA, MX","2022-06-03",,,,
"MXM00076726","CUERNAVACA, MX","2022-06-04",,,,
"MXM00076726","CUERNAVACA, MX","2022-06-05",,,,
"MXM00076726","CUERNAVACA, MX","2022-06-06","86",",,S","59",",,S"
"MXM00076726","CUERNAVACA, MX","2022-06-07",,,,
"MXM00076726","CUERNAVACA, MX","2022-06-08",,,,
"MXM00076726","CUERNAVACA, MX","2022-06-09",,,,
"MXM00076726","CUERNAVACA, MX","2022-06-10",,,,
"MXM00076726","CUERNAVACA, MX","2022-06-11",,,,
"MXM00076726","CUERNAVACA, MX","2022-06-12",,,,
"MXM00076726","CUERNAVACA, MX","2022-06-13",,,,
"MXM00076726","CUERNAVACA, MX","2022-06-14","84",",,S","55",",,S"
"MXM00076726","CUERNAVACA, MX","2022-06-15",,,,
"MXM00076726","CUERNAVACA, MX","2022-06-16",,,,
"MXM00076726","CUERNAVACA, MX","2022-06-17",,,,
"MXM00076726","CUERNAVACA, MX","2022-06-18",,,,
"MXM00076726","CUERNAVACA, MX","2022-06-19",,,,
"MXM00076726","CUERNAVACA, MX","2022-06-20",,,,
"MXM00076726","CUERNAVACA, MX","2022-06-21",,,,
"MXM00076726","CUERNAVACA, MX","2022-06-22",,,,
"MXM00076726","CUERNAVACA, MX","2022-06-23",,,,
"MXM00076726","CUERNAVACA, MX","2022-06-24",,,,
"MXM00076726","CUERNAVACA, MX","2022-06-25","81",",,S","55",",,S"
"MXM00076726","CUERNAVACA, MX","2022-06-26",,,,
"MXM00076726","CUERNAVACA, MX","2022-06-27",,,,
"MXM00076726","CUERNAVACA, MX","2022-06-28",,,,
"MXM00076726","CUERNAVACA, MX","2022-06-29",,,,
"MXM00076726","CUERNAVACA, MX","2022-06-30",,,,
"MXM00076726","CUERNAVACA, MX","2022-07-01",,,,
"MXM00076726","CUERNAVACA, MX","2022-07-02",,,,
"MXM00076726","CUERNAVACA, MX","2022-07-03",,,,
"MXM00076726","CUERNAVACA, MX","2022-07-04","88",",,S","61",",,S"
"MXM00076726","CUERNAVACA, MX","2022-07-05",,,,
"MXM00076726","CUERNAVACA, MX","2022-07-06","86",",,S","56",",,S"
"MXM00076726","CUERNAVACA, MX","2022-07-07",,,,
"MXM00076726","CUERNAVACA, MX","2022-07-08","85",",,S","56",",,S"
"MXM00076726","CUERNAVACA, MX","2022-07-09",,,,
"MXM00076726","CUERNAVACA, MX","2022-07-10",,,,
"MXM00076726","CUERNAVACA, MX","2022-07-11",,,,
"MXM00076726","CUERNAVACA, MX","2022-07-12",,,,
"MXM00076726","CUERNAVACA, MX","2022-07-13",,,,
"MXM00076726","CUERNAVACA, MX","2022-07-14",,,,
"MXM00076726","CUERNAVACA, MX","2022-07-15",,,,
"MXM00076726","CUERNAVACA, MX","2022-07-16",,,,
"MXM00076726","CUERNAVACA, MX","2022-07-17",,,,
"MXM00076726","CUERNAVACA, MX","2022-07-18",,,,
"MXM00076726","CUERNAVACA, MX","2022-07-19",,,,
"MXM00076726","CUERNAVACA, MX","2022-07-20",,,,
"MXM00076726","CUERNAVACA, MX","2022-07-21","88",",,S","59",",,S"
"MXM00076726","CUERNAVACA, MX","2022-07-22",,,,
"MXM00076726","CUERNAVACA, MX","2022-07-23",,,,
"MXM00076726","CUERNAVACA, MX","2022-07-24",,,,
"MXM00076726","CUERNAVACA, MX","2022-07-25",,,,
"MXM00076726","CUERNAVACA, MX","2022-07-26",,,,
"MXM00076726","CUERNAVACA, MX","2022-07-27",,,,
"MXM00076726","CUERNAVACA, MX","2022-07-28",,,,
"MXM00076726","CUERNAVACA, MX","2022-07-29",,,,
"MXM00076726","CUERNAVACA, MX","2022-07-30",,,,
"MXM00076726","CUERNAVACA, MX","2022-07-31",,,,
"MXM00076726","CUERNAVACA, MX","2022-08-01",,,,
"MXM00076726","CUERNAVACA, MX","2022-08-02",,,,
"MXM00076726","CUERNAVACA, MX","2022-08-03",,,,
"MXM00076726","CUERNAVACA, MX","2022-08-04",,,,
"MXM00076726","CUERNAVACA, MX","2022-08-05",,,,
"MXM00076726","CUERNAVACA, MX","2022-08-06",,,,
"MXM00076726","CUERNAVACA, MX","2022-08-07",,,,
"MXM00076726","CUERNAVACA, MX","2022-08-08",,,,
"MXM00076726","CUERNAVACA, MX","2022-08-09",,,,
"MXM00076726","CUERNAVACA, MX","2022-08-10",,,,
"MXM00076726","CUERNAVACA, MX","2022-08-11",,,,
"MXM00076726","CUERNAVACA, MX","2022-08-12",,,,
"MXM00076726","CUERNAVACA, MX","2022-08-13",,,,
"MXM00076726","CUERNAVACA, MX","2022-08-14",,,,
"MXM00076726","CUERNAVACA, MX","2022-08-15",,,,
"MXM00076726","CUERNAVACA, MX","2022-08-16",,,,
"MXM00076726","CUERNAVACA, MX","2022-08-17",,,,
"MXM00076726","CUERNAVACA, MX","2022-08-18",,,,
"MXM00076726","CUERNAVACA, MX","2022-08-19","81",",,S","57",",,S"
"MXM00076726","CUERNAVACA, MX","2022-08-20",,,,
"MXM00076726","CUERNAVACA, MX","2022-08-21",,,,
"MXM00076726","CUERNAVACA, MX","2022-08-22",,,,
"MXM00076726","CUERNAVACA, MX","2022-08-23",,,,
"MXM00076726","CUERNAVACA, MX","2022-08-24",,,,
"MXM00076726","CUERNAVACA, MX","2022-08-25",,,,
"MXM00076726","CUERNAVACA, MX","2022-08-26",,,,
"MXM00076726","CUERNAVACA, MX","2022-08-27",,,,
"MXM00076726","CUERNAVACA, MX","2022-08-28",,,,
"MXM00076726","CUERNAVACA, MX","2022-08-29",,,,
"MXM00076726","CUERNAVACA, MX","2022-08-30",,,,
"MXM00076726","CUERNAVACA, MX","2022-08-31",,,,
"MXM00076726","CUERNAVACA, MX","2022-09-01",,,,
"MXM00076726","CUERNAVACA, MX","2022-09-02",,,,
"MXM00076726","CUERNAVACA, MX","2022-09-03",,,,
"MXM00076726","CUERNAVACA, MX","2022-09-04",,,,
"MXM00076726","CUERNAVACA, MX","2022-09-05","81",",,S","59",",,S"
"MXM00076726","CUERNAVACA, MX","2022-09-06",,,,
"MXM00076726","CUERNAVACA, MX","2022-09-07","77",",,S","57",",,S"
"MXM00076726","CUERNAVACA, MX","2022-09-08",,,,
"MXM00076726","CUERNAVACA, MX","2022-09-09",,,,
"MXM00076726","CUERNAVACA, MX","2022-09-10",,,,
"MXM00076726","CUERNAVACA, MX","2022-09-11",,,,
"MXM00076726","CUERNAVACA, MX","2022-09-12",,,,
"MXM00076726","CUERNAVACA, MX","2022-09-13",,,,
"MXM00076726","CUERNAVACA, MX","2022-09-14",,,,
"MXM00076726","CUERNAVACA, MX","2022-09-15",,,,
"MXM00076726","CUERNAVACA, MX","2022-09-16",,,,
"MXM00076726","CUERNAVACA, MX","2022-09-17",,,,
"MXM00076726","CUERNAVACA, MX","2022-09-18",,,,
"MXM00076726","CUERNAVACA, MX","2022-09-19",,,,
"MXM00076726","CUERNAVACA, MX","2022-09-20",,,,
"MXM00076726","CUERNAVACA, MX","2022-09-21",,,,
"MXM00076726","CUERNAVACA, MX","2022-09-22","81",",,S","56",",,S"
"MXM00076726","CUERNAVACA, MX","2022-09-23","81",",,S","58",",,S"
"MXM00076726","CUERNAVACA, MX","2022-09-24",,,,
"MXM00076726","CUERNAVACA, MX","2022-09-25",,,,
"MXM00076726","CUERNAVACA, MX","2022-09-26","79",",,S","59",",,S"
"MXM00076726","CUERNAVACA, MX","2022-09-27","79",",,S","55",",,S"
"MXM00076726","CUERNAVACA, MX","2022-09-28",,,,
"MXM00076726","CUERNAVACA, MX","2022-09-29","79",",,S","55",",,S"
"MXM00076726","CUERNAVACA, MX","2022-09-30","79",",,S","57",",,S"
"MXM00076726","CUERNAVACA, MX","2022-10-01",,,,
"MXM00076726","CUERNAVACA, MX","2022-10-02",,,,
"MXM00076726","CUERNAVACA, MX","2022-10-03",,,,
"MXM00076726","CUERNAVACA, MX","2022-10-04",,,,
"MXM00076726","CUERNAVACA, MX","2022-10-05",,,,
"MXM00076726","CUERNAVACA, MX","2022-10-06",,,,
"MXM00076726","CUERNAVACA, MX","2022-10-07",,,,
"MXM00076726","CUERNAVACA, MX","2022-10-08",,,,
"MXM00076726","CUERNAVACA, MX","2022-10-09",,,,
"MXM00076726","CUERNAVACA, MX","2022-10-10","85",",,S","57",",,S"
"MXM00076726","CUERNAVACA, MX","2022-10-11","82",",,S","56",",,S"
"MXM00076726","CUERNAVACA, MX","2022-10-12",,,,
"MXM00076726","CUERNAVACA, MX","2022-10-13",,,,
"MXM00076726","CUERNAVACA, MX","2022-10-14",,,,
"MXM00076726","CUERNAVACA, MX","2022-10-15",,,,
"MXM00076726","CUERNAVACA, MX","2022-10-16",,,,
"MXM00076726","CUERNAVACA, MX","2022-10-17",,,,
"MXM00076726","CUERNAVACA, MX","2022-10-18",,,,
"MXM00076726","CUERNAVACA, MX","2022-10-19",,,,
"MXM00076726","CUERNAVACA, MX","2022-10-20",,,,
"MXM00076726","CUERNAVACA, MX","2022-10-21",,,,
"MXM00076726","CUERNAVACA, MX","2022-10-22",,,,
"MXM00076726","CUERNAVACA, MX","2022-10-23",,,,
"MXM00076726","CUERNAVACA, MX","2022-10-24",,,,
"MXM00076726","CUERNAVACA, MX","2022-10-25",,,,
"MXM00076726","CUERNAVACA, MX","2022-10-26",,,,
"MXM00076726","CUERNAVACA, MX","2022-10-27",,,,
"MXM00076726","CUERNAVACA, MX","2022-10-28",,,,
"MXM00076726","CUERNAVACA, MX","2022-10-29",,,,
"MXM00076726","CUERNAVACA, MX","2022-10-30",,,,
"MXM00076726","CUERNAVACA, MX","2022-10-31",,,,
"MXM00076726","CUERNAVACA, MX","2022-11-01",,,,
"MXM00076726","CUERNAVACA, MX","2022-11-02","82",",,S","55",",,S"
"MXM00076726","CUERNAVACA, MX","2022-11-03",,,,
"MXM00076726","CUERNAVACA, MX","2022-11-04","85",",,S","57",",,S"
"MXM00076726","CUERNAVACA, MX","2022-11-05",,,,
"MXM00076726","CUERNAVACA, MX","2022-11-06",,,,
"MXM00076726","CUERNAVACA, MX","2022-11-07",,,,
"MXM00076726","CUERNAVACA, MX","2022-11-08",,,,
"MXM00076726","CUERNAVACA, MX","2022-11-09",,,,
"MXM00076726","CUERNAVACA, MX","2022-11-10",,,,
"MXM00076726","CUERNAVACA, MX","2022-11-11",,,,
"MXM00076726","CUERNAVACA, MX","2022-11-12",,,,
"MXM00076726","CUERNAVACA, MX","2022-11-13",,,,
"MXM00076726","CUERNAVACA, MX","2022-11-14",,,,
"MXM00076726","CUERNAVACA, MX","2022-11-15",,,,
"MXM00076726","CUERNAVACA, MX","2022-11-16",,,,
"MXM00076726","CUERNAVACA, MX","2022-11-17",,,,
"MXM00076726","CUERNAVACA, MX","2022-11-18",,,,
"MXM00076726","CUERNAVACA, MX","2022-11-19",,,,
"MXM00076726","CUERNAVACA, MX","2022-11-20",,,,
"MXM00076726","CUERNAVACA, MX","2022-11-21",,,,
"MXM00076726","CUERNAVACA, MX","2022-11-22",,,,
"MXM00076726","CUERNAVACA, MX","2022-11-23",,,,
"MXM00076726","CUERNAVACA, MX","2022-11-24",,,,
"MXM00076726","CUERNAVACA, MX","2022-11-25",,,,
"MXM00076726","CUERNAVACA, MX","2022-11-26","84",",,S","56",",,S"
"MXM00076726","CUERNAVACA, MX","2022-11-27",,,,
"MXM00076726","CUERNAVACA, MX","2022-11-28",,,,
"MXM00076726","CUERNAVACA, MX","2022-11-29","84",",,S","55",",,S"
"MXM00076726","CUERNAVACA, MX","2022-11-30",,,,
"MXM00076726","CUERNAVACA, MX","2022-12-01","82",",,S","56",",,S"
"MXM00076726","CUERNAVACA, MX","2022-12-02","84",",,S","53",",,S"
"MXM00076726","CUERNAVACA, MX","2022-12-03","84",",,S","53",",,S"
"MXM00076726","CUERNAVACA, MX","2022-12-04",,,,
"MXM00076726","CUERNAVACA, MX","2022-12-05",,,,
"MXM00076726","CUERNAVACA, MX","2022-12-06",,,,
"MXM00076726","CUERNAVACA, MX","2022-12-07",,,,
"MXM00076726","CUERNAVACA, MX","2022-12-08","82",",,S","48",",,S"
"MXM00076726","CUERNAVACA, MX","2022-12-09",,,,
"MXM00076726","CUERNAVACA, MX","2022-12-10",,,,
"MXM00076726","CUERNAVACA, MX","2022-12-11",,,,
"MXM00076726","CUERNAVACA, MX","2022-12-12",,,,
"MXM00076726","CUERNAVACA, MX","2022-12-13",,,,
"MXM00076726","CUERNAVACA, MX","2022-12-14",,,,
"MXM00076726","CUERNAVACA, MX","2022-12-15",,,,
"MXM00076726","CUERNAVACA, MX","2022-12-16",,,,
"MXM00076726","CUERNAVACA, MX","2022-12-17",,,,
"MXM00076726","CUERNAVACA, MX","2022-12-18",,,,
"MXM00076726","CUERNAVACA, MX","2022-12-19",,,,
"MXM00076726","CUERNAVACA, MX","2022-12-20",,,,
"MXM00076726","CUERNAVACA, MX","2022-12-21",,,,
"MXM00076726","CUERNAVACA, MX","2022-12-22",,,,
"MXM00076726","CUERNAVACA, MX","2022-12-23",,,,
"MXM00076726","CUERNAVACA, MX","2022-12-24","77",",,S","49",",,S"
"MXM00076726","CUERNAVACA, MX","2022-12-25",,,,
"MXM00076726","CUERNAVACA, MX","2022-12-26",,,,
"MXM00076726","CUERNAVACA, MX","2022-12-27",,,,
"MXM00076726","CUERNAVACA, MX","2022-12-28",,,,
"MXM00076726","CUERNAVACA, MX","2022-12-29",,,,
"MXM00076726","CUERNAVACA, MX","2022-12-30",,,,
"MXM00076726","CUERNAVACA, MX","2022-12-31",,,,
"MXM00076726","CUERNAVACA, MX","2023-01-01",,,,
"MXM00076726","CUERNAVACA, MX","2023-01-02",,,,
"MXM00076726","CUERNAVACA, MX","2023-01-03",,,,
"MXM00076726","CUERNAVACA, MX","2023-01-04",,,,
"MXM00076726","CUERNAVACA, MX","2023-01-05",,,,
"MXM00076726","CUERNAVACA, MX","2023-01-06",,,,
"MXM00076726","CUERNAVACA, MX","2023-01-07",,,,
"MXM00076726","CUERNAVACA, MX","2023-01-08",,,,
"MXM00076726","CUERNAVACA, MX","2023-01-09",,,,
"MXM00076726","CUERNAVACA, MX","2023-01-10",,,,
"MXM00076726","CUERNAVACA, MX","2023-01-11",,,,
"MXM00076726","CUERNAVACA, MX","2023-01-12",,,,
"MXM00076726","CUERNAVACA, MX","2023-01-13","81",",,S","52",",,S"
"MXM00076726","CUERNAVACA, MX","2023-01-14",,,,
"MXM00076726","CUERNAVACA, MX","2023-01-15",,,,
"MXM00076726","CUERNAVACA, MX","2023-01-16",,,,
"MXM00076726","CUERNAVACA, MX","2023-01-17",,,,
"MXM00076726","CUERNAVACA, MX","2023-01-18","80",",,S","49",",,S"
"MXM00076726","CUERNAVACA, MX","2023-01-19",,,,
"MXM00076726","CUERNAVACA, MX","2023-01-20","82",",,S","50",",,S"
"MXM00076726","CUERNAVACA, MX","2023-01-21",,,,
"MXM00076726","CUERNAVACA, MX","2023-01-22",,,,
"MXM00076726","CUERNAVACA, MX","2023-01-23",,,,
"MXM00076726","CUERNAVACA, MX","2023-01-24",,,,
"MXM00076726","CUERNAVACA, MX","2023-01-25",,,,
"MXM00076726","CUERNAVACA, MX","2023-01-26","81",",,S","50",",,S"
"MXM00076726","CUERNAVACA, MX","2023-01-27",,,,
"MXM00076726","CUERNAVACA, MX","2023-01-28",,,,
"MXM00076726","CUERNAVACA, MX","2023-01-29",,,,
"MXM00076726","CUERNAVACA, MX","2023-01-30",,,,
"MXM00076726","CUERNAVACA, MX","2023-01-31",,,,
"MXM00076726","CUERNAVACA, MX","2023-02-01",,,,
"MXM00076726","CUERNAVACA, MX","2023-02-02",,,,
"MXM00076726","CUERNAVACA, MX","2023-02-03","85",",,S","53",",,S"
"MXM00076726","CUERNAVACA, MX","2023-02-04","82",",,S","47",",,S"
"MXM00076726","CUERNAVACA, MX","2023-02-05",,,,
"MXM00076726","CUERNAVACA, MX","2023-02-06",,,,
"MXM00076726","CUERNAVACA, MX","2023-02-07",,,,
"MXM00076726","CUERNAVACA, MX","2023-02-08",,,,
"MXM00076726","CUERNAVACA, MX","2023-02-09",,,,
"MXM00076726","CUERNAVACA, MX","2023-02-10",,,,
"MXM00076726","CUERNAVACA, MX","2023-02-11","84",",,S","54",",,S"
"MXM00076726","CUERNAVACA, MX","2023-02-12",,,,
"MXM00076726","CUERNAVACA, MX","2023-02-13",,,,
"MXM00076726","CUERNAVACA, MX","2023-02-14",,,,
"MXM00076726","CUERNAVACA, MX","2023-02-15",,,,
"MXM00076726","CUERNAVACA, MX","2023-02-16",,,,
"MXM00076726","CUERNAVACA, MX","2023-02-17","88",",,S","51",",,S"
"MXM00076726","CUERNAVACA, MX","2023-02-18","87",",,S","53",",,S"
"MXM00076726","CUERNAVACA, MX","2023-02-19",,,,
"MXM00076726","CUERNAVACA, MX","2023-02-20",,,,
"MXM00076726","CUERNAVACA, MX","2023-02-21",,,,
"MXM00076726","CUERNAVACA, MX","2023-02-22","82",",,S","54",",,S"
"MXM00076726","CUERNAVACA, MX","2023-02-23",,,,
"MXM00076726","CUERNAVACA, MX","2023-02-24",,,,
"MXM00076726","CUERNAVACA, MX","2023-02-25",,,,
"MXM00076726","CUERNAVACA, MX","2023-02-26",,,,
"MXM00076726","CUERNAVACA, MX","2023-02-27",,,,
"MXM00076726","CUERNAVACA, MX","2023-02-28","94",",,S","59",",,S"
"MXM00076726","CUERNAVACA, MX","2023-03-01",,,,
"MXM00076726","CUERNAVACA, MX","2023-03-02",,,,
"MXM00076726","CUERNAVACA, MX","2023-03-03",,,,
"MXM00076726","CUERNAVACA, MX","2023-03-04","93",",,S","55",",,S"
"MXM00076726","CUERNAVACA, MX","2023-03-05",,,,
"MXM00076726","CUERNAVACA, MX","2023-03-06",,,,
"MXM00076726","CUERNAVACA, MX","2023-03-07","91",",,S","58",",,S"
"MXM00076726","CUERNAVACA, MX","2023-03-08","90",",,S","58",",,S"
"MXM00076726","CUERNAVACA, MX","2023-03-09",,,,
"MXM00076726","CUERNAVACA, MX","2023-03-10",,,,
"MXM00076726","CUERNAVACA, MX","2023-03-11",,,,
"MXM00076726","CUERNAVACA, MX","2023-03-12",,,,
"MXM00076726","CUERNAVACA, MX","2023-03-13",,,,
"MXM00076726","CUERNAVACA, MX","2023-03-14",,,,
"MXM00076726","CUERNAVACA, MX","2023-03-15","88",",,S","57",",,S"
"MXM00076726","CUERNAVACA, MX","2023-03-16","88",",,S","54",",,S"
"MXM00076726","CUERNAVACA, MX","2023-03-17",,,,
"MXM00076726","CUERNAVACA, MX","2023-03-18","87",",,S","57",",,S"
"MXM00076726","CUERNAVACA, MX","2023-03-19",,,,
"MXM00076726","CUERNAVACA, MX","2023-03-20",,,,
"MXM00076726","CUERNAVACA, MX","2023-03-21",,,,
"MXM00076726","CUERNAVACA, MX","2023-03-22",,,,
"MXM00076726","CUERNAVACA, MX","2023-03-23","93",",,S","57",",,S"
"MXM00076726","CUERNAVACA, MX","2023-03-24",,,,
"MXM00076726","CUERNAVACA, MX","2023-03-25","94",",,S","58",",,S"
"MXM00076726","CUERNAVACA, MX","2023-03-26",,,,
"MXM00076726","CUERNAVACA, MX","2023-03-27",,,,
"MXM00076726","CUERNAVACA, MX","2023-03-28","95",",,S","59",",,S"
"MXM00076726","CUERNAVACA, MX","2023-03-29",,,,
"MXM00076726","CUERNAVACA, MX","2023-03-30",,,,
"MXM00076726","CUERNAVACA, MX","2023-03-31","93",",,S","59",",,S"
"MXM00076726","CUERNAVACA, MX","2023-04-01",,,,
"MXM00076726","CUERNAVACA, MX","2023-04-02",,,,
"MXM00076726","CUERNAVACA, MX","2023-04-03",,,,
"MXM00076726","CUERNAVACA, MX","2023-04-04","97",",,S","59",",,S"
"MXM00076726","CUERNAVACA, MX","2023-04-05",,,,
"MXM00076726","CUERNAVACA, MX","2023-04-06","96",",,S","58",",,S"
"MXM00076726","CUERNAVACA, MX","2023-04-07",,,,
"MXM00076726","CUERNAVACA, MX","2023-04-08","92",",,S","60",",,S"
"MXM00076726","CUERNAVACA, MX","2023-04-09",,,,
"MXM00076726","CUERNAVACA, MX","2023-04-10","86",",,S","64",",,S"
"MXM00076726","CUERNAVACA, MX","2023-04-11",,,,
"MXM00076726","CUERNAVACA, MX","2023-04-12","88",",,S","60",",,S"
"MXM00076726","CUERNAVACA, MX","2023-04-13",,,,
"MXM00076726","CUERNAVACA, MX","2023-04-14",,,,
"MXM00076726","CUERNAVACA, MX","2023-04-15",,,,
"MXM00076726","CUERNAVACA, MX","2023-04-16",,,,
"MXM00076726","CUERNAVACA, MX","2023-04-17",,,,
"MXM00076726","CUERNAVACA, MX","2023-04-18",,,,
"MXM00076726","CUERNAVACA, MX","2023-04-19",,,,
"MXM00076726","CUERNAVACA, MX","2023-04-20",,,,
"MXM00076726","CUERNAVACA, MX","2023-04-21",,,,
"MXM00076726","CUERNAVACA, MX","2023-04-22",,,,
"MXM00076726","CUERNAVACA, MX","2023-04-23",,,,
"MXM00076726","CUERNAVACA, MX","2023-04-24",,,,
"MXM00076726","CUERNAVACA, MX","2023-04-25",,,,
"MXM00076726","CUERNAVACA, MX","2023-04-26",,,,
"MXM00076726","CUERNAVACA, MX","2023-04-27",,,,
"MXM00076726","CUERNAVACA, MX","2023-04-28",,,,
"MXM00076726","CUERNAVACA, MX","2023-04-29",,,,
"MXM00076726","CUERNAVACA, MX","2023-04-30",,,,
"MXM00076726","CUERNAVACA, MX","2023-05-01",,,,
"MXM00076726","CUERNAVACA, MX","2023-05-02",,,,
"MXM00076726","CUERNAVACA, MX","2023-05-03",,,,
"MXM00076726","CUERNAVACA, MX","2023-05-04",,,,
"MXM00076726","CUERNAVACA, MX","2023-05-05",,,,
"MXM00076726","CUERNAVACA, MX","2023-05-06",,,,
"MXM00076726","CUERNAVACA, MX","2023-05-07",,,,
"MXM00076726","CUERNAVACA, MX","2023-05-08",,,,
"MXM00076726","CUERNAVACA, MX","2023-05-09",,,,
"MXM00076726","CUERNAVACA, MX","2023-05-10",,,,
"MXM00076726","CUERNAVACA, MX","2023-05-11",,,,
"MXM00076726","CUERNAVACA, MX","2023-05-12",,,,
"MXM00076726","CUERNAVACA, MX","2023-05-13",,,,
"MXM00076726","CUERNAVACA, MX","2023-05-14",,,,
"MXM00076726","CUERNAVACA, MX","2023-05-15",,,,
"MXM00076726","CUERNAVACA, MX","2023-05-16",,,,
"MXM00076726","CUERNAVACA, MX","2023-05-17",,,,
"MXM00076726","CUERNAVACA, MX","2023-05-18",,,,
"MXM00076726","CUERNAVACA, MX","2023-05-19",,,,
"MXM00076726","CUERNAVACA, MX","2023-05-20",,,,
"MXM00076726","CUERNAVACA, MX","2023-05-21",,,,
"MXM00076726","CUERNAVACA, MX","2023-05-22",,,,
"MXM00076726","CUERNAVACA, MX","2023-05-23",,,,
"MXM00076726","CUERNAVACA, MX","2023-05-24",,,,
"MXM00076726","CUERNAVACA, MX","2023-05-25",,,,
"MXM00076726","CUERNAVACA, MX","2023-05-26",,,,
"MXM00076726","CUERNAVACA, MX","2023-05-27",,,,
"MXM00076726","CUERNAVACA, MX","2023-05-28",,,,
"MXM00076726","CUERNAVACA, MX","2023-05-29",,,,
"MXM00076726","CUERNAVACA, MX","2023-05-30",,,,
"MXM00076726","CUERNAVACA, MX","2023-05-31",,,,
"MXM00076726","CUERNAVACA, MX","2023-06-01",,,,
"MXM00076726","CUERNAVACA, MX","2023-06-02",,,,
"MXM00076726","CUERNAVACA, MX","2023-06-03",,,,
"MXM00076726","CUERNAVACA, MX","2023-06-04",,,,
"MXM00076726","CUERNAVACA, MX","2023-06-05",,,,
"MXM00076726","CUERNAVACA, MX","2023-06-06","91",",,S","58",",,S"
"MXM00076726","CUERNAVACA, MX","2023-06-07","82",",,S","58",",,S"
"MXM00076726","CUERNAVACA, MX","2023-06-08",,,,
"MXM00076726","CUERNAVACA, MX","2023-06-09",,,,
"MXM00076726","CUERNAVACA, MX","2023-06-10","95",",,S","61",",,S"
"MXM00076726","CUERNAVACA, MX","2023-06-11",,,,
"MXM00076726","CUERNAVACA, MX","2023-06-12",,,,
"MXM00076726","CUERNAVACA, MX","2023-06-13",,,,
"MXM00076726","CUERNAVACA, MX","2023-06-14","95",",,S","64",",,S"
"MXM00076726","CUERNAVACA, MX","2023-06-15",,,,
"MXM00076726","CUERNAVACA, MX","2023-06-16",,,,
"MXM00076726","CUERNAVACA, MX","2023-06-17",,,,
"MXM00076726","CUERNAVACA, MX","2023-06-18",,,,
"MXM00076726","CUERNAVACA, MX","2023-06-19",,,,
"MXM00076726","CUERNAVACA, MX","2023-06-20","98",",,S","66",",,S"
"MXM00076726","CUERNAVACA, MX","2023-06-21",,,,
"MXM00076726","CUERNAVACA, MX","2023-06-22","97",",,S","67",",,S"
"MXM00076726","CUERNAVACA, MX","2023-06-23",,,,
"MXM00076726","CUERNAVACA, MX","2023-06-24","96",",,S","66",",,S"
"MXM00076726","CUERNAVACA, MX","2023-06-25",,,,
"MXM00076726","CUERNAVACA, MX","2023-06-26",,,,
"MXM00076726","CUERNAVACA, MX","2023-06-27","102",",,S","61",",,S"
"MXM00076726","CUERNAVACA, MX","2023-06-28","93",",,S","61",",,S"
"MXM00076726","CUERNAVACA, MX","2023-06-29",,,,
"MXM00076726","CUERNAVACA, MX","2023-06-30",,,,
"MXM00076726","CUERNAVACA, MX","2023-07-01","90",",,S","64",",,S"
"MXM00076726","CUERNAVACA, MX","2023-07-02",,,,
"MXM00076726","CUERNAVACA, MX","2023-07-03",,,,
"MXM00076726","CUERNAVACA, MX","2023-07-04",,,,
"MXM00076726","CUERNAVACA, MX","2023-07-05",,,,
"MXM00076726","CUERNAVACA, MX","2023-07-06","85",",,S","60",",,S"
"MXM00076726","CUERNAVACA, MX","2023-07-07",,,,
"MXM00076726","CUERNAVACA, MX","2023-07-08","86",",,S","58",",,S"
"MXM00076726","CUERNAVACA, MX","2023-07-09",,,,
"MXM00076726","CUERNAVACA, MX","2023-07-10",,,,
"MXM00076726","CUERNAVACA, MX","2023-07-11",,,,
"MXM00076726","CUERNAVACA, MX","2023-07-12","88",",,S","57",",,S"
"MXM00076726","CUERNAVACA, MX","2023-07-13","87",",,S","57",",,S"
"MXM00076726","CUERNAVACA, MX","2023-07-14","86",",,S","57",",,S"
"MXM00076726","CUERNAVACA, MX","2023-07-15",,,,
"MXM00076726","CUERNAVACA, MX","2023-07-16",,,,
"MXM00076726","CUERNAVACA, MX","2023-07-17",,,,
"MXM00076726","CUERNAVACA, MX","2023-07-18",,,,
"MXM00076726","CUERNAVACA, MX","2023-07-19",,,,
"MXM00076726","CUERNAVACA, MX","2023-07-20","90",",,S","61",",,S"
"MXM00076726","CUERNAVACA, MX","2023-07-21",,,,
"MXM00076726","CUERNAVACA, MX","2023-07-22",,,,
"MXM00076726","CUERNAVACA, MX","2023-07-23",,,,
"MXM00076726","CUERNAVACA, MX","2023-07-24",,,,
"MXM00076726","CUERNAVACA, MX","2023-07-25",,,,
"MXM00076726","CUERNAVACA, MX","2023-07-26",,,,
"MXM00076726","CUERNAVACA, MX","2023-07-27","86",",,S","56",",,S"
"MXM00076726","CUERNAVACA, MX","2023-07-28",,,,
"MXM00076726","CUERNAVACA, MX","2023-07-29","86",",,S","57",",,S"
"MXM00076726","CUERNAVACA, MX","2023-07-30",,,,
"MXM00076726","CUERNAVACA, MX","2023-07-31",,,,
"MXM00076726","CUERNAVACA, MX","2023-08-01",,,,
"MXM00076726","CUERNAVACA, MX","2023-08-02",,,,
"MXM00076726","CUERNAVACA, MX","2023-08-03",,,,
"MXM00076726","CUERNAVACA, MX","2023-08-04","83",",,S","58",",,S"
"MXM00076726","CUERNAVACA, MX","2023-08-05",,,,
"MXM00076726","CUERNAVACA, MX","2023-08-06",,,,
"MXM00076726","CUERNAVACA, MX","2023-08-07",,,,
"MXM00076726","CUERNAVACA, MX","2023-08-08",,,,
"MXM00076726","CUERNAVACA, MX","2023-08-09","86",",,S","59",",,S"
"MXM00076726","CUERNAVACA, MX","2023-08-10","86",",,S","60",",,S"
"MXM00076726","CUERNAVACA, MX","2023-08-11",,,,
"MXM00076726","CUERNAVACA, MX","2023-08-12",,,,
"MXM00076726","CUERNAVACA, MX","2023-08-13",,,,
"MXM00076726","CUERNAVACA, MX","2023-08-14",,,,
"MXM00076726","CUERNAVACA, MX","2023-08-15",,,,
"MXM00076726","CUERNAVACA, MX","2023-08-16",,,,
"MXM00076726","CUERNAVACA, MX","2023-08-17",,,,
"MXM00076726","CUERNAVACA, MX","2023-08-18",,,,
"MXM00076726","CUERNAVACA, MX","2023-08-19",,,,
"MXM00076726","CUERNAVACA, MX","2023-08-20",,,,
"MXM00076726","CUERNAVACA, MX","2023-08-21",,,,
"MXM00076726","CUERNAVACA, MX","2023-08-22",,,,
"MXM00076726","CUERNAVACA, MX","2023-08-23","84",",,S","55",",,S"
"MXM00076726","CUERNAVACA, MX","2023-08-24",,,,
"MXM00076726","CUERNAVACA, MX","2023-08-25",,,,
"MXM00076726","CUERNAVACA, MX","2023-08-26",,,,
"MXM00076726","CUERNAVACA, MX","2023-08-27",,,,
"MXM00076726","CUERNAVACA, MX","2023-08-28",,,,
"MXM00076726","CUERNAVACA, MX","2023-08-29",,,,
"MXM00076726","CUERNAVACA, MX","2023-08-30",,,,
"MXM00076726","CUERNAVACA, MX","2023-08-31","84",",,S","57",",,S"
"MXM00076726","CUERNAVACA, MX","2023-09-01",,,,
"MXM00076726","CUERNAVACA, MX","2023-09-02",,,,
"MXM00076726","CUERNAVACA, MX","2023-09-03",,,,
"MXM00076726","CUERNAVACA, MX","2023-09-04",,,,
"MXM00076726","CUERNAVACA, MX","2023-09-05",,,,
"MXM00076726","CUERNAVACA, MX","2023-09-06","85",",,S","59",",,S"
"MXM00076726","CUERNAVACA, MX","2023-09-07","81",",,S","58",",,S"
"MXM00076726","CUERNAVACA, MX","2023-09-08",,,,
"MXM00076726","CUERNAVACA, MX","2023-09-09",,,,
"MXM00076726","CUERNAVACA, MX","2023-09-10",,,,
"MXM00076726","CUERNAVACA, MX","2023-09-11","84",",,S","55",",,S"
"MXM00076726","CUERNAVACA, MX","2023-09-12",,,,
"MXM00076726","CUERNAVACA, MX","2023-09-13",,,,
"MXM00076726","CUERNAVACA, MX","2023-09-14",,,,
"MXM00076726","CUERNAVACA, MX","2023-09-15",,,,
"MXM00076726","CUERNAVACA, MX","2023-09-16","84",",,S","57",",,S"
"MXM00076726","CUERNAVACA, MX","2023-09-17",,,,
"MXM00076726","CUERNAVACA, MX","2023-09-18",,,,
"MXM00076726","CUERNAVACA, MX","2023-09-19",,,,
"MXM00076726","CUERNAVACA, MX","2023-09-20",,,,
"MXM00076726","CUERNAVACA, MX","2023-09-21",,,,
"MXM00076726","CUERNAVACA, MX","2023-09-22",,,,
"MXM00076726","CUERNAVACA, MX","2023-09-23",,,,
"MXM00076726","CUERNAVACA, MX","2023-09-24",,,,
"MXM00076726","CUERNAVACA, MX","2023-09-25",,,,
"MXM00076726","CUERNAVACA, MX","2023-09-26","89",",,S","60",",,S"
"MXM00076726","CUERNAVACA, MX","2023-09-27",,,,
"MXM00076726","CUERNAVACA, MX","2023-09-28",,,,
"MXM00076726","CUERNAVACA, MX","2023-09-29","89",",,S","62",",,S"
"MXM00076726","CUERNAVACA, MX","2023-09-30","88",",,S","62",",,S"
"MXM00076726","CUERNAVACA, MX","2023-10-01",,,,
"MXM00076726","CUERNAVACA, MX","2023-10-02",,,,
"MXM00076726","CUERNAVACA, MX","2023-10-03",,,,
"MXM00076726","CUERNAVACA, MX","2023-10-04","87",",,S","57",",,S"
"MXM00076726","CUERNAVACA, MX","2023-10-05",,,,
"MXM00076726","CUERNAVACA, MX","2023-10-06",,,,
"MXM00076726","CUERNAVACA, MX","2023-10-07",,,,
"MXM00076726","CUERNAVACA, MX","2023-10-08",,,,
"MXM00076726","CUERNAVACA, MX","2023-10-09","83",",,S","64",",,S"
"MXM00076726","CUERNAVACA, MX","2023-10-10",,,,
"MXM00076726","CUERNAVACA, MX","2023-10-11",,,,
"MXM00076726","CUERNAVACA, MX","2023-10-12",,,,
"MXM00076726","CUERNAVACA, MX","2023-10-13",,,,
"MXM00076726","CUERNAVACA, MX","2023-10-14",,,,
"MXM00076726","CUERNAVACA, MX","2023-10-15",,,,
"MXM00076726","CUERNAVACA, MX","2023-10-16",,,,
"MXM00076726","CUERNAVACA, MX","2023-10-17",,,,
"MXM00076726","CUERNAVACA, MX","2023-10-18","79",",,S","53",",,S"
"MXM00076726","CUERNAVACA, MX","2023-10-19",,,,
"MXM00076726","CUERNAVACA, MX","2023-10-20",,,,
"MXM00076726","CUERNAVACA, MX","2023-10-21",,,,
"MXM00076726","CUERNAVACA, MX","2023-10-22",,,,
"MXM00076726","CUERNAVACA, MX","2023-10-23",,,,
"MXM00076726","CUERNAVACA, MX","2023-10-24",,,,
"MXM00076726","CUERNAVACA, MX","2023-10-25","84",",,S","59",",,S"
"MXM00076726","CUERNAVACA, MX","2023-10-26",,,,
"MXM00076726","CUERNAVACA, MX","2023-10-27",,,,
"MXM00076726","CUERNAVACA, MX","2023-10-28",,,,
"MXM00076726","CUERNAVACA, MX","2023-10-29",,,,
"MXM00076726","CUERNAVACA, MX","2023-10-30","82",",,S","57",",,S"
"MXM00076726","CUERNAVACA, MX","2023-10-31",,,,
"MXM00076726","CUERNAVACA, MX","2023-11-01","82",",,S","56",",,S"
"MXM00076726","CUERNAVACA, MX","2023-11-02",,,,
"MXM00076726","CUERNAVACA, MX","2023-11-03",,,,
"MXM00076726","CUERNAVACA, MX","2023-11-04",,,,
"MXM00076726","CUERNAVACA, MX","2023-11-05",,,,
"MXM00076726","CUERNAVACA, MX","2023-11-06",,,,
"MXM00076726","CUERNAVACA, MX","2023-11-07",,,,
"MXM00076726","CUERNAVACA, MX","2023-11-08","88",",,S","59",",,S"
"MXM00076726","CUERNAVACA, MX","2023-11-09","87",",,S","56",",,S"
"MXM00076726","CUERNAVACA, MX","2023-11-10",,,,
"MXM00076726","CUERNAVACA, MX","2023-11-11","87",",,S","59",",,S"
"MXM00076726","CUERNAVACA, MX","2023-11-12",,,,
"MXM00076726","CUERNAVACA, MX","2023-11-13",,,,
"MXM00076726","CUERNAVACA, MX","2023-11-14","85",",,S","59",",,S"
"MXM00076726","CUERNAVACA, MX","2023-11-15",,,,
"MXM00076726","CUERNAVACA, MX","2023-11-16","84",",,S","59",",,S"
"MXM00076726","CUERNAVACA, MX","2023-11-17",,,,
"MXM00076726","CUERNAVACA, MX","2023-11-18",,,,
"MXM00076726","CUERNAVACA, MX","2023-11-19",,,,
"MXM00076726","CUERNAVACA, MX","2023-11-20",,,,
"MXM00076726","CUERNAVACA, MX","2023-11-21",,,,
"MXM00076726","CUERNAVACA, MX","2023-11-22",,,,
"MXM00076726","CUERNAVACA, MX","2023-11-23","75",",,S","50",",,S"
"MXM00076726","CUERNAVACA, MX","2023-11-24",,,,
"MXM00076726","CUERNAVACA, MX","2023-11-25",,,,
"MXM00076726","CUERNAVACA, MX","2023-11-26",,,,
"MXM00076726","CUERNAVACA, MX","2023-11-27","82",",,S","53",",,S"
"MXM00076726","CUERNAVACA, MX","2023-11-28",,,,
"MXM00076726","CUERNAVACA, MX","2023-11-29","82",",,S","54",",,S"
"MXM00076726","CUERNAVACA, MX","2023-11-30","81",",,S","54",",,S"
"MXM00076726","CUERNAVACA, MX","2023-12-01",,,,
"MXM00076726","CUERNAVACA, MX","2023-12-02","82",",,S","53",",,S"
"MXM00076726","CUERNAVACA, MX","2023-12-03",,,,
"MXM00076726","CUERNAVACA, MX","2023-12-04",,,,
"MXM00076726","CUERNAVACA, MX","2023-12-05",,,,
"MXM00076726","CUERNAVACA, MX","2023-12-06","81",",,S","57",",,S"
"MXM00076726","CUERNAVACA, MX","2023-12-07",,,,
"MXM00076726","CUERNAVACA, MX","2023-12-08",,,,
"MXM00076726","CUERNAVACA, MX","2023-12-09",,,,
"MXM00076726","CUERNAVACA, MX","2023-12-10",,,,
"MXM00076726","CUERNAVACA, MX","2023-12-11","80",",,S","57",",,S"
"MXM00076726","CUERNAVACA, MX","2023-12-12",,,,
"MXM00076726","CUERNAVACA, MX","2023-12-13","79",",,S","50",",,S"
"MXM00076726","CUERNAVACA, MX","2023-12-14",,,,
"MXM00076726","CUERNAVACA, MX","2023-12-15",,,,
"MXM00076726","CUERNAVACA, MX","2023-12-16",,,,
"MXM00076726","CUERNAVACA, MX","2023-12-17",,,,
"MXM00076726","CUERNAVACA, MX","2023-12-18",,,,
"MXM00076726","CUERNAVACA, MX","2023-12-19","81",",,S","48",",,S"
"MXM00076726","CUERNAVACA, MX","2023-12-20",,,,
"MXM00076726","CUERNAVACA, MX","2023-12-21",,,,
"MXM00076726","CUERNAVACA, MX","2023-12-22",,,,
"MXM00076726","CUERNAVACA, MX","2023-12-23",,,,
"MXM00076726","CUERNAVACA, MX","2023-12-24",,,,
"MXM00076726","CUERNAVACA, MX","2023-12-25",,,,
"MXM00076726","CUERNAVACA, MX","2023-12-26",,,,
"MXM00076726","CUERNAVACA, MX","2023-12-27",,,,
"MXM00076726","CUERNAVACA, MX","2023-12-28",,,,
"MXM00076726","CUERNAVACA, MX","2023-12-29",,,,
"MXM00076726","CUERNAVACA, MX","2023-12-30",,,,
"MXM00076726","CUERNAVACA, MX","2023-12-31",,,,
"MXM00076726","CUERNAVACA, MX","2024-01-01",,,,
"MXM00076726","CUERNAVACA, MX","2024-01-02",,,,
"MXM00076726","CUERNAVACA, MX","2024-01-03",,,,
"MXM00076726","CUERNAVACA, MX","2024-01-04",,,,
"MXM00076726","CUERNAVACA, MX","2024-01-05",,,,
"MXM00076726","CUERNAVACA, MX","2024-01-06",,,,
"MXM00076726","CUERNAVACA, MX","2024-01-07",,,,
"MXM00076726","CUERNAVACA, MX","2024-01-08",,,,
"MXM00076726","CUERNAVACA, MX","2024-01-09","81",",,S","53",",,S"
"MXM00076726","CUERNAVACA, MX","2024-01-10",,,,
"MXM00076726","CUERNAVACA, MX","2024-01-11",,,,
"MXM00076726","CUERNAVACA, MX","2024-01-12",,,,
"MXM00076726","CUERNAVACA, MX","2024-01-13",,,,
"MXM00076726","CUERNAVACA, MX","2024-01-14",,,,
"MXM00076726","CUERNAVACA, MX","2024-01-15",,,,
"MXM00076726","CUERNAVACA, MX","2024-01-16",,,,
"MXM00076726","CUERNAVACA, MX","2024-01-17","85",",,S","51",",,S"
"MXM00076726","CUERNAVACA, MX","2024-01-18",,,,
"MXM00076726","CUERNAVACA, MX","2024-01-19",,,,
"MXM00076726","CUERNAVACA, MX","2024-01-20",,,,
"MXM00076726","CUERNAVACA, MX","2024-01-21",,,,
"MXM00076726","CUERNAVACA, MX","2024-01-22",,,,
"MXM00076726","CUERNAVACA, MX","2024-01-23",,,,
"MXM00076726","CUERNAVACA, MX","2024-01-24",,,,
"MXM00076726","CUERNAVACA, MX","2024-01-25",,,,
"MXM00076726","CUERNAVACA, MX","2024-01-26",,,,
"MXM00076726","CUERNAVACA, MX","2024-01-27",,,,
"MXM00076726","CUERNAVACA, MX","2024-01-28",,,,
"MXM00076726","CUERNAVACA, MX","2024-01-29","80",",,S","52",",,S"
"MXM00076726","CUERNAVACA, MX","2024-01-30",,,,
"MXM00076726","CUERNAVACA, MX","2024-01-31",,,,
"MXM00076726","CUERNAVACA, MX","2024-02-01","82",",,S","55",",,S"
"MXM00076726","CUERNAVACA, MX","2024-02-02",,,,
"MXM00076726","CUERNAVACA, MX","2024-02-03","84",",,S","51",",,S"
"MXM00076726","CUERNAVACA, MX","2024-02-04",,,,
"MXM00076726","CUERNAVACA, MX","2024-02-05",,,,
"MXM00076726","CUERNAVACA, MX","2024-02-06","88",",,S","51",",,S"
"MXM00076726","CUERNAVACA, MX","2024-02-07",,,,
"MXM00076726","CUERNAVACA, MX","2024-02-08",,,,
"MXM00076726","CUERNAVACA, MX","2024-02-09","90",",,S","54",",,S"
"MXM00076726","CUERNAVACA, MX","2024-02-10","90",",,S","54",",,S"
"MXM00076726","CUERNAVACA, MX","2024-02-11",,,,
"MXM00076726","CUERNAVACA, MX","2024-02-12","90",",,S","55",",,S"
"MXM00076726","CUERNAVACA, MX","2024-02-13","88",",,S","55",",,S"
"MXM00076726","CUERNAVACA, MX","2024-02-14","86",",,S","56",",,S"
"MXM00076726","CUERNAVACA, MX","2024-02-15",,,,
"MXM00076726","CUERNAVACA, MX","2024-02-16","86",",,S","54",",,S"
"MXM00076726","CUERNAVACA, MX","2024-02-17",,,,
"MXM00076726","CUERNAVACA, MX","2024-02-18",,,,
"MXM00076726","CUERNAVACA, MX","2024-02-19",,,,
"MXM00076726","CUERNAVACA, MX","2024-02-20",,,,
"MXM00076726","CUERNAVACA, MX","2024-02-21",,,,
"MXM00076726","CUERNAVACA, MX","2024-02-22",,,,
"MXM00076726","CUERNAVACA, MX","2024-02-23","91",",,S","54",",,S"
"MXM00076726","CUERNAVACA, MX","2024-02-24",,,,
"MXM00076726","CUERNAVACA, MX","2024-02-25",,,,
"MXM00076726","CUERNAVACA, MX","2024-02-26",,,,
"MXM00076726","CUERNAVACA, MX","2024-02-27",,,,
"MXM00076726","CUERNAVACA, MX","2024-02-28","95",",,S","57",",,S"
"MXM00076726","CUERNAVACA, MX","2024-02-29","93",",,S","59",",,S"
"MXM00076726","CUERNAVACA, MX","2024-03-01","93",",,S","57",",,S"
"MXM00076726","CUERNAVACA, MX","2024-03-02","92",",,S","56",",,S"
"MXM00076726","CUERNAVACA, MX","2024-03-03",,,,
"MXM00076726","CUERNAVACA, MX","2024-03-04",,,,
"MXM00076726","CUERNAVACA, MX","2024-03-05",,,,
"MXM00076726","CUERNAVACA, MX","2024-03-06",,,,
"MXM00076726","CUERNAVACA, MX","2024-03-07",,,,
"MXM00076726","CUERNAVACA, MX","2024-03-08","95",",,S","54",",,S"
"MXM00076726","CUERNAVACA, MX","2024-03-09","96",",,S","54",",,S"
"MXM00076726","CUERNAVACA, MX","2024-03-10",,,,
"MXM00076726","CUERNAVACA, MX","2024-03-11","95",",,S","59",",,S"
"MXM00076726","CUERNAVACA, MX","2024-03-12",,,,
"MXM00076726","CUERNAVACA, MX","2024-03-13","95",",,S","57",",,S"
"MXM00076726","CUERNAVACA, MX","2024-03-14",,,,
"MXM00076726","CUERNAVACA, MX","2024-03-15","97",",,S","58",",,S"
"MXM00076726","CUERNAVACA, MX","2024-03-16",,,,
"MXM00076726","CUERNAVACA, MX","2024-03-17",,,,
"MXM00076726","CUERNAVACA, MX","2024-03-18",,,,
"MXM00076726","CUERNAVACA, MX","2024-03-19",,,,
"MXM00076726","CUERNAVACA, MX","2024-03-20",,,,
"MXM00076726","CUERNAVACA, MX","2024-03-21","96",",,S","61",",,S"
"MXM00076726","CUERNAVACA, MX","2024-03-22",,,,
"MXM00076726","CUERNAVACA, MX","2024-03-23",,,,
"MXM00076726","CUERNAVACA, MX","2024-03-24",,,,
"MXM00076726","CUERNAVACA, MX","2024-03-25","97",",,S","53",",,S"
"MXM00076726","CUERNAVACA, MX","2024-03-26",,,,
"MXM00076726","CUERNAVACA, MX","2024-03-27","93",",,S","54",",,S"
"MXM00076726","CUERNAVACA, MX","2024-04-01",,,,
"MXM00076726","CUERNAVACA, MX","2024-04-02",,,,
"MXM00076726","CUERNAVACA, MX","2024-04-03",,,,
"MXM00076726","CUERNAVACA, MX","2024-04-04","97",",,S","60",",,S"
"MXM00076726","CUERNAVACA, MX","2024-04-05",,,,
"MXM00076726","CUERNAVACA, MX","2024-04-06","95",",,S","57",",,S"
"MXM00076726","CUERNAVACA, MX","2024-04-07",,,,
"MXM00076726","CUERNAVACA, MX","2024-04-08","99",",,S","61",",,S"
"MXM00076726","CUERNAVACA, MX","2024-04-09",,,,
"MXM00076726","CUERNAVACA, MX","2024-04-10","96",",,S","59",",,S"
"MXM00076726","CUERNAVACA, MX","2024-04-11","95",",,S","59",",,S"
"MXM00076726","CUERNAVACA, MX","2024-04-12",,,,
"MXM00076726","CUERNAVACA, MX","2024-04-13","95",",,S","60",",,S"
"MXM00076726","CUERNAVACA, MX","2024-04-14",,,,
"MXM00076726","CUERNAVACA, MX","2024-04-15",,,,
"MXM00076726","CUERNAVACA, MX","2024-04-16",,,,
"MXM00076726","CUERNAVACA, MX","2024-04-17","102",",,S","64",",,S"
"MXM00076726","CUERNAVACA, MX","2024-04-18",,,,
"MXM00076726","CUERNAVACA, MX","2024-04-19","102",",,S","66",",,S"
"MXM00076726","CUERNAVACA, MX","2024-04-20","100",",,S","67",",,S"
"MXM00076726","CUERNAVACA, MX","2024-04-21",,,,
"MXM00076726","CUERNAVACA, MX","2024-04-22","100",",,S","66",",,S"
"MXM00076726","CUERNAVACA, MX","2024-04-23","95",",,S","63",",,S"
"MXM00076726","CUERNAVACA, MX","2024-04-24",,,,
"MXM00076726","CUERNAVACA, MX","2024-04-25",,,,
"MXM00076726","CUERNAVACA, MX","2024-04-26","96",",,S","64",",,S"
"MXM00076726","CUERNAVACA, MX","2024-04-27","96",",,S","66",",,S"
"MXM00076726","CUERNAVACA, MX","2024-04-28",,,,
"MXM00076726","CUERNAVACA, MX","2024-04-29",,,,
"MXM00076726","CUERNAVACA, MX","2024-04-30","99",",,S","61",",,S"
"MXM00076726","CUERNAVACA, MX","2024-05-02",,,,
"MXM00076726","CUERNAVACA, MX","2024-05-03",,,,
"MXM00076726","CUERNAVACA, MX","2024-05-04","103",",,S","66",",,S"
"MXM00076726","CUERNAVACA, MX","2024-05-05",,,,
"MXM00076726","CUERNAVACA, MX","2024-05-06",,,,
"MXM00076726","CUERNAVACA, MX","2024-05-07",,,,
"MXM00076726","CUERNAVACA, MX","2024-05-08",,,,
"MXM00076726","CUERNAVACA, MX","2024-05-09",,,,
"MXM00076726","CUERNAVACA, MX","2024-05-10",,,,
"MXM00076726","CUERNAVACA, MX","2024-05-11","104",",,S","64",",,S"
"MXM00076726","CUERNAVACA, MX","2024-05-12",,,,
"MXM00076726","CUERNAVACA, MX","2024-05-13",,,,
"MXM00076726","CUERNAVACA, MX","2024-05-14",,,,
"MXM00076726","CUERNAVACA, MX","2024-05-15",,,,
"MXM00076726","CUERNAVACA, MX","2024-05-16","99",",,S","63",",,S"
"MXM00076726","CUERNAVACA, MX","2024-05-17",,,,
"MXM00076726","CUERNAVACA, MX","2024-05-18","99",",,S","64",",,S"
"MXM00076726","CUERNAVACA, MX","2024-05-19",,,,
"MXM00076726","CUERNAVACA, MX","2024-05-20",,,,
"MXM00076726","CUERNAVACA, MX","2024-05-21","100",",,S","64",",,S"
"MXM00076726","CUERNAVACA, MX","2024-05-22","99",",,S","64",",,S"
"MXM00076726","CUERNAVACA, MX","2024-05-23",,,,
"MXM00076726","CUERNAVACA, MX","2024-05-24","102",",,S","68",",,S"
"MXM00076726","CUERNAVACA, MX","2024-05-25","101",",,S","62",",,S"
"MXM00076726","CUERNAVACA, MX","2024-05-26",,,,
"MXM00076726","CUERNAVACA, MX","2024-05-27","99",",,S","62",",,S"
"MXM00076726","CUERNAVACA, MX","2024-05-28",,,,
"MXM00076726","CUERNAVACA, MX","2024-05-29","101",",,S","66",",,S"
"MXM00076726","CUERNAVACA, MX","2024-05-30","100",",,S","67",",,S"
"MXM00076726","CUERNAVACA, MX","2024-05-31",,,,
"MXM00076726","CUERNAVACA, MX","2024-06-01","99",",,S","63",",,S"
"MXM00076726","CUERNAVACA, MX","2024-06-02",,,,
"MXM00076726","CUERNAVACA, MX","2024-06-03",,,,
"MXM00076726","CUERNAVACA, MX","2024-06-04",,,,
"MXM00076726","CUERNAVACA, MX","2024-06-05",,,,
"MXM00076726","CUERNAVACA, MX","2024-06-06","102",",,S","66",",,S"
"MXM00076726","CUERNAVACA, MX","2024-06-07",,,,
"MXM00076726","CUERNAVACA, MX","2024-06-08","99",",,S","68",",,S"
"MXM00076726","CUERNAVACA, MX","2024-06-09",,,,
"MXM00076726","CUERNAVACA, MX","2024-06-10",,,,
"MXM00076726","CUERNAVACA, MX","2024-06-11","96",",,S","63",",,S"
"MXM00076726","CUERNAVACA, MX","2024-06-12",,,,
"MXM00076726","CUERNAVACA, MX","2024-06-13","98",",,S","68",",,S"
"MXM00076726","CUERNAVACA, MX","2024-06-14","95",",,S","62",",,S"
"MXM00076726","CUERNAVACA, MX","2024-06-15",,,,
"MXM00076726","CUERNAVACA, MX","2024-06-16",,,,
"MXM00076726","CUERNAVACA, MX","2024-06-17","97",",,S","66",",,S"
"MXM00076726","CUERNAVACA, MX","2024-06-18","97",",,S","64",",,S"
"MXM00076726","CUERNAVACA, MX","2024-06-19","95",",,S","63",",,S"
"MXM00076726","CUERNAVACA, MX","2024-06-20",,,,
"MXM00076726","CUERNAVACA, MX","2024-06-21",,,,
"MXM00076726","CUERNAVACA, MX","2024-06-22",,,,
"MXM00076726","CUERNAVACA, MX","2024-06-23",,,,
"MXM00076726","CUERNAVACA, MX","2024-06-24",,,,
"MXM00076726","CUERNAVACA, MX","2024-06-25",,,,
"MXM00076726","CUERNAVACA, MX","2024-06-26",,,,
"MXM00076726","CUERNAVACA, MX","2024-06-27",,,,
"MXM00076726","CUERNAVACA, MX","2024-06-28","81",",,S","59",",,S"
"MXM00076726","CUERNAVACA, MX","2024-06-29",,,,
"MXM00076726","CUERNAVACA, MX","2024-06-30",,,,
"MXM00076726","CUERNAVACA, MX","2024-07-01","83",",,S","59",",,S"
"MXM00076726","CUERNAVACA, MX","2024-07-02",,,,
"MXM00076726","CUERNAVACA, MX","2024-07-03",,,,
"MXM00076726","CUERNAVACA, MX","2024-07-04","84",",,S","57",",,S"
"MXM00076726","CUERNAVACA, MX","2024-07-05",,,,
"MXM00076726","CUERNAVACA, MX","2024-07-06","86",",,S","60",",,S"
"MXM00076726","CUERNAVACA, MX","2024-07-07",,,,
"MXM00076726","CUERNAVACA, MX","2024-07-08",,,,
"MXM00076726","CUERNAVACA, MX","2024-07-09","85",",,S","60",",,S"
"MXM00076726","CUERNAVACA, MX","2024-07-10",,,,
"MXM00076726","CUERNAVACA, MX","2024-07-11",,,,
"MXM00076726","CUERNAVACA, MX","2024-07-12",,,,
"MXM00076726","CUERNAVACA, MX","2024-07-13","82",",,S","55",",,S"
"MXM00076726","CUERNAVACA, MX","2024-07-14",,,,
"MXM00076726","CUERNAVACA, MX","2024-07-15",,,,
"MXM00076726","CUERNAVACA, MX","2024-07-16","86",",,S","59",",,S"
"MXM00076726","CUERNAVACA, MX","2024-07-17","84",",,S","59",",,S"
"MXM00076726","CUERNAVACA, MX","2024-07-18","84",",,S","57",",,S"
"MXM00076726","CUERNAVACA, MX","2024-07-19","83",",,S","59",",,S"
"MXM00076726","CUERNAVACA, MX","2024-07-20",,,,
"MXM00076726","CUERNAVACA, MX","2024-07-21",,,,
"MXM00076726","CUERNAVACA, MX","2024-07-22",,,,
"MXM00076726","CUERNAVACA, MX","2024-07-23",,,,
"MXM00076726","CUERNAVACA, MX","2024-07-24","82",",,S","58",",,S"
"MXM00076726","CUERNAVACA, MX","2024-07-25",,,,
"MXM00076726","CUERNAVACA, MX","2024-07-26",,,,
"MXM00076726","CUERNAVACA, MX","2024-07-27","85",",,S","60",",,S"
"MXM00076726","CUERNAVACA, MX","2024-07-28",,,,
"MXM00076726","CUERNAVACA, MX","2024-07-29",,,,
"MXM00076726","CUERNAVACA, MX","2024-07-30",,,,
"MXM00076726","CUERNAVACA, MX","2024-07-31","81",",,S","58",",,S"
"MXM00076726","CUERNAVACA, MX","2024-08-01",,,,
"MXM00076726","CUERNAVACA, MX","2024-08-02",,,,
"MXM00076726","CUERNAVACA, MX","2024-08-03",,,,
"MXM00076726","CUERNAVACA, MX","2024-08-04",,,,
"MXM00076726","CUERNAVACA, MX","2024-08-05",,,,
"MXM00076726","CUERNAVACA, MX","2024-08-06","84",",,S","60",",,S"
"MXM00076726","CUERNAVACA, MX","2024-08-07","82",",,S","61",",,S"
"MXM00076726","CUERNAVACA, MX","2024-08-08",,,,
"MXM00076726","CUERNAVACA, MX","2024-08-09",,,,
"MXM00076726","CUERNAVACA, MX","2024-08-10","81",",,S","60",",,S"
"MXM00076726","CUERNAVACA, MX","2024-08-11",,,,
"MXM00076726","CUERNAVACA, MX","2024-08-13",,,,
"MXM00076726","CUERNAVACA, MX","2024-08-14",,,,
"MXM00076726","CUERNAVACA, MX","2024-08-15",,,,
"MXM00076726","CUERNAVACA, MX","2024-08-16",,,,
"MXM00076726","CUERNAVACA, MX","2024-08-17",,,,
"MXM00076726","CUERNAVACA, MX","2024-08-18",,,,
"MXM00076726","CUERNAVACA, MX","2024-08-19",,,,
"MXM00076726","CUERNAVACA, MX","2024-08-20",,,,
"MXM00076726","CUERNAVACA, MX","2024-08-21",,,,
"MXM00076726","CUERNAVACA, MX","2024-08-22",,,,
"MXM00076726","CUERNAVACA, MX","2024-08-23",,,,
"MXM00076726","CUERNAVACA, MX","2024-08-24",,,,
"MXM00076726","CUERNAVACA, MX","2024-08-25",,,,
"MXM00076726","CUERNAVACA, MX","2024-08-26",,,,
"MXM00076726","CUERNAVACA, MX","2024-08-27",,,,
"MXM00076726","CUERNAVACA, MX","2024-08-28",,,,
"MXM00076726","CUERNAVACA, MX","2024-08-29",,,,
"MXM00076726","CUERNAVACA, MX","2024-08-30",,,,
"MXM00076726","CUERNAVACA, MX","2024-08-31",,,,
"MXM00076726","CUERNAVACA, MX","2024-09-01",,,,
"MXM00076726","CUERNAVACA, MX","2024-09-02",,,,
"MXM00076726","CUERNAVACA, MX","2024-09-03",,,,
"MXM00076726","CUERNAVACA, MX","2024-09-04",,,,
"MXM00076726","CUERNAVACA, MX","2024-09-05",,,,
"MXM00076726","CUERNAVACA, MX","2024-09-06",,,,
"MXM00076726","CUERNAVACA, MX","2024-09-07",,,,
"MXM00076726","CUERNAVACA, MX","2024-09-08",,,,
"MXM00076726","CUERNAVACA, MX","2024-09-09",,,,
"MXM00076726","CUERNAVACA, MX","2024-09-10",,,,
"MXM00076726","CUERNAVACA, MX","2024-09-11",,,,
"MXM00076726","CUERNAVACA, MX","2024-09-12",,,,
"MXM00076726","CUERNAVACA, MX","2024-09-13",,,,
"MXM00076726","CUERNAVACA, MX","2024-09-14",,,,
"MXM00076726","CUERNAVACA, MX","2024-09-15",,,,
"MXM00076726","CUERNAVACA, MX","2024-09-16",,,,
"MXM00076726","CUERNAVACA, MX","2024-09-17",,,,
"MXM00076726","CUERNAVACA, MX","2024-09-18",,,,
"MXM00076726","CUERNAVACA, MX","2024-09-19",,,,
"MXM00076726","CUERNAVACA, MX","2024-09-20",,,,
"MXM00076726","CUERNAVACA, MX","2024-09-21",,,,
"MXM00076726","CUERNAVACA, MX","2024-09-22",,,,
"MXM00076726","CUERNAVACA, MX","2024-09-23",,,,
"MXM00076726","CUERNAVACA, MX","2024-09-24",,,,
"MXM00076726","CUERNAVACA, MX","2024-09-25",,,,
"MXM00076726","CUERNAVACA, MX","2024-09-26",,,,
"MXM00076726","CUERNAVACA, MX","2024-09-27",,,,
"MXM00076726","CUERNAVACA, MX","2024-09-28",,,,
"MXM00076726","CUERNAVACA, MX","2024-09-29",,,,
"MXM00076726","CUERNAVACA, MX","2024-09-30",,,,
"MXM00076726","CUERNAVACA, MX","2024-10-01",,,,
"MXM00076726","CUERNAVACA, MX","2024-10-02",,,,
"MXM00076726","CUERNAVACA, MX","2024-10-03",,,,
"MXM00076726","CUERNAVACA, MX","2024-10-04",,,,
"MXM00076726","CUERNAVACA, MX","2024-10-05",,,,
"MXM00076726","CUERNAVACA, MX","2024-10-06",,,,
"MXM00076726","CUERNAVACA, MX","2024-10-07",,,,
"MXM00076726","CUERNAVACA, MX","2024-10-08",,,,
"MXM00076726","CUERNAVACA, MX","2024-10-09",,,,
"MXM00076726","CUERNAVACA, MX","2024-10-10",,,,
"MXM00076726","CUERNAVACA, MX","2024-10-11",,,,
"MXM00076726","CUERNAVACA, MX","2024-10-12",,,,
"MXM00076726","CUERNAVACA, MX","2024-10-13",,,,
"MXM00076726","CUERNAVACA, MX","2024-10-14",,,,
"MXM00076726","CUERNAVACA, MX","2024-10-15","77",",,S","61",",,S"
"MXM00076726","CUERNAVACA, MX","2024-10-16",,,,
"MXM00076726","CUERNAVACA, MX","2024-10-17",,,,
"MXM00076726","CUERNAVACA, MX","2024-10-18",,,,
"MXM00076726","CUERNAVACA, MX","2024-10-19",,,,
"MXM00076726","CUERNAVACA, MX","2024-10-20",,,,
"MXM00076726","CUERNAVACA, MX","2024-10-21",,,,
"MXM00076726","CUERNAVACA, MX","2024-10-22",,,,
"MXM00076726","CUERNAVACA, MX","2024-10-23",,,,
"MXM00076726","CUERNAVACA, MX","2024-10-24",,,,
"MXM00076726","CUERNAVACA, MX","2024-10-25",,,,
"MXM00076726","CUERNAVACA, MX","2024-10-26",,,,
"MXM00076726","CUERNAVACA, MX","2024-10-27",,,,
"MXM00076726","CUERNAVACA, MX","2024-10-28",,,,
"MXM00076726","CUERNAVACA, MX","2024-10-29",,,,
"MXM00076726","CUERNAVACA, MX","2024-10-30",,,,
"MXM00076726","CUERNAVACA, MX","2024-10-31",,,,
"MXM00076726","CUERNAVACA, MX","2024-11-01",,,,
"MXM00076726","CUERNAVACA, MX","2024-11-02",,,,
"MXM00076726","CUERNAVACA, MX","2024-11-03",,,,
"MXM00076726","CUERNAVACA, MX","2024-11-04",,,,
"MXM00076726","CUERNAVACA, MX","2024-11-05",,,,
"MXM00076726","CUERNAVACA, MX","2024-11-06",,,,
"MXM00076726","CUERNAVACA, MX","2024-11-07","84",",,S","63",",,S"
"MXM00076726","CUERNAVACA, MX","2024-11-08","83",",,S","64",",,S"
"MXM00076726","CUERNAVACA, MX","2024-11-09",,,,
"MXM00076726","CUERNAVACA, MX","2024-11-10",,,,
"MXM00076726","CUERNAVACA, MX","2024-11-11",,,,
"MXM00076726","CUERNAVACA, MX","2024-11-12",,,,
"MXM00076726","CUERNAVACA, MX","2024-11-13",,,,
"MXM00076726","CUERNAVACA, MX","2024-11-14",,,,
"MXM00076726","CUERNAVACA, MX","2024-11-15",,,,
"MXM00076726","CUERNAVACA, MX","2024-11-16",,,,
"MXM00076726","CUERNAVACA, MX","2024-11-17",,,,
"MXM00076726","CUERNAVACA, MX","2024-11-22","80",",,S","53",",,S"
"MXM00076726","CUERNAVACA, MX","2024-11-23",,,,
"MXM00076726","CUERNAVACA, MX","2024-11-24",,,,
"MXM00076726","CUERNAVACA, MX","2024-11-25",,,,
"MXM00076726","CUERNAVACA, MX","2024-11-26",,,,
"MXM00076726","CUERNAVACA, MX","2024-11-27","81",",,S","46",",,S"
"MXM00076726","CUERNAVACA, MX","2024-11-28",,,,
"MXM00076726","CUERNAVACA, MX","2024-11-29","85",",,S","46",",,S"
"MXM00076726","CUERNAVACA, MX","2024-11-30",,,,
"MXM00076726","CUERNAVACA, MX","2024-12-02","84",",,S","51",",,S"
"MXM00076726","CUERNAVACA, MX","2024-12-03","83",",,S","51",",,S"
"MXM00076726","CUERNAVACA, MX","2024-12-04",,,,
"MXM00076726","CUERNAVACA, MX","2024-12-05",,,,
"MXM00076726","CUERNAVACA, MX","2024-12-06","83",",,S","53",",,S"
"MXM00076726","CUERNAVACA, MX","2024-12-07",,,,
"MXM00076726","CUERNAVACA, MX","2024-12-08",,,,
"MXM00076726","CUERNAVACA, MX","2024-12-09",,,,
"MXM00076726","CUERNAVACA, MX","2024-12-10",,,,
"MXM00076726","CUERNAVACA, MX","2024-12-11","88",",,S","58",",,S"
"MXM00076726","CUERNAVACA, MX","2024-12-12","84",",,S","50",",,S"
"MXM00076726","CUERNAVACA, MX","2024-12-13",,,,
"MXM00076726","CUERNAVACA, MX","2024-12-14",,,,
"MXM00076726","CUERNAVACA, MX","2024-12-15","86",",,S","54",",,S"
"MXM00076726","CUERNAVACA, MX","2024-12-16","82",",,S","51",",,S"
"MXM00076726","CUERNAVACA, MX","2024-12-17",,,,
"MXM00076726","CUERNAVACA, MX","2024-12-18",,,,
"MXM00076726","CUERNAVACA, MX","2024-12-19","80",",,S","51",",,S"
"MXM00076726","CUERNAVACA, MX","2024-12-20",,,,
"MXM00076726","CUERNAVACA, MX","2024-12-21","78",",,S","50",",,S"
"MXM00076726","CUERNAVACA, MX","2024-12-22","77",",,S","53",",,S"
"MXM00076726","CUERNAVACA, MX","2024-12-23",,,,
"MXM00076726","CUERNAVACA, MX","2024-12-24",,,,
"MXM00076726","CUERNAVACA, MX","2024-12-25",,,,
"MXM00076726","CUERNAVACA, MX","2024-12-26",,,,
"MXM00076726","CUERNAVACA, MX","2024-12-27",,,,
"MXM00076726","CUERNAVACA, MX","2024-12-28","81",",,S","50",",,S"
"MXM00076726","CUERNAVACA, MX","2024-12-29",,,,
"MXM00076726","CUERNAVACA, MX","2024-12-30",,,,
"MXM00076726","CUERNAVACA, MX","2024-12-31",,,,
"MXM00076726","CUERNAVACA, MX","2025-01-01",,,,
"MXM00076726","CUERNAVACA, MX","2025-01-02",,,,
"MXM00076726","CUERNAVACA, MX","2025-01-03",,,,
"MXM00076726","CUERNAVACA, MX","2025-01-04",,,,
"MXM00076726","CUERNAVACA, MX","2025-01-05",,,,
"MXM00076726","CUERNAVACA, MX","2025-01-06",,,,
"MXM00076726","CUERNAVACA, MX","2025-01-07",,,,
"MXM00076726","CUERNAVACA, MX","2025-01-08",,,,
"MXM00076726","CUERNAVACA, MX","2025-01-09",,,,
"MXM00076726","CUERNAVACA, MX","2025-01-10","81",",,S","53",",,S"
"MXM00076726","CUERNAVACA, MX","2025-01-11","75",",,S","53",",,S"
"MXM00076726","CUERNAVACA, MX","2025-01-12",,,,
"MXM00076726","CUERNAVACA, MX","2025-01-13",,,,
"MXM00076726","CUERNAVACA, MX","2025-01-14",,,,
"MXM00076726","CUERNAVACA, MX","2025-01-15",,,,
"MXM00076726","CUERNAVACA, MX","2025-01-16","79",",,S","52",",,S"
"MXM00076726","CUERNAVACA, MX","2025-01-17",,,,
"MXM00076726","CUERNAVACA, MX","2025-01-18",,,,
"MXM00076726","CUERNAVACA, MX","2025-01-19",,,,
"MXM00076726","CUERNAVACA, MX","2025-01-20",,,,
"MXM00076726","CUERNAVACA, MX","2025-01-21",,,,
"MXM00076726","CUERNAVACA, MX","2025-01-22",,,,
"MXM00076726","CUERNAVACA, MX","2025-01-23",,,,
"MXM00076726","CUERNAVACA, MX","2025-01-24",,,,
"MXM00076726","CUERNAVACA, MX","2025-01-25",,,,
"MXM00076726","CUERNAVACA, MX","2025-01-26",,,,
"MXM00076726","CUERNAVACA, MX","2025-01-27",,,,
"MXM00076726","CUERNAVACA, MX","2025-01-28",,,,
"MXM00076726","CUERNAVACA, MX","2025-01-29","86",",,S","52",",,S"
"MXM00076726","CUERNAVACA, MX","2025-01-30",,,,
"MXM00076726","CUERNAVACA, MX","2025-01-31",,,,
"MXM00076726","CUERNAVACA, MX","2025-02-01",,,,
"MXM00076726","CUERNAVACA, MX","2025-02-02",,,,
"MXM00076726","CUERNAVACA, MX","2025-02-03",,,,
"MXM00076726","CUERNAVACA, MX","2025-02-04",,,,
"MXM00076726","CUERNAVACA, MX","2025-02-05",,,,
"MXM00076726","CUERNAVACA, MX","2025-02-06",,,,
"MXM00076726","CUERNAVACA, MX","2025-02-07",,,,
"MXM00076726","CUERNAVACA, MX","2025-02-08",,,,
"MXM00076726","CUERNAVACA, MX","2025-02-09",,,,
"MXM00076726","CUERNAVACA, MX","2025-02-10",,,,
"MXM00076726","CUERNAVACA, MX","2025-02-11",,,,
"MXM00076726","CUERNAVACA, MX","2025-02-12","88",",,S","60",",,S"
"MXM00076726","CUERNAVACA, MX","2025-02-13","88",",,S","57",",,S"
"MXM00076726","CUERNAVACA, MX","2025-02-14","88",",,S","57",",,S"
"MXM00076726","CUERNAVACA, MX","2025-02-15",,,,
"MXM00076726","CUERNAVACA, MX","2025-02-16",,,,
"MXM00076726","CUERNAVACA, MX","2025-02-17",,,,
"MXM00076726","CUERNAVACA, MX","2025-02-18",,,,
"MXM00076726","CUERNAVACA, MX","2025-02-19","86",",,S","54",",,S"
"MXM00076726","CUERNAVACA, MX","2025-02-20",,,,
"MXM00076726","CUERNAVACA, MX","2025-02-21",,,,
"MXM00076726","CUERNAVACA, MX","2025-02-22",,,,
"MXM00076726","CUERNAVACA, MX","2025-02-23",,,,
"MXM00076726","CUERNAVACA, MX","2025-02-24",,,,
"MXM00076726","CUERNAVACA, MX","2025-02-25",,,,
"MXM00076726","CUERNAVACA, MX","2025-02-26",,,,
"MXM00076726","CUERNAVACA, MX","2025-02-27",,,,
"MXM00076726","CUERNAVACA, MX","2025-02-28","88",",,S","60",",,S"
"MXM00076726","CUERNAVACA, MX","2025-03-01",,,,
"MXM00076726","CUERNAVACA, MX","2025-03-02",,,,
"MXM00076726","CUERNAVACA, MX","2025-03-03",,,,
"MXM00076726","CUERNAVACA, MX","2025-03-04",,,,
"MXM00076726","CUERNAVACA, MX","2025-03-05",,,,
"MXM00076726","CUERNAVACA, MX","2025-03-06",,,,
"MXM00076726","CUERNAVACA, MX","2025-03-07",,,,
"MXM00076726","CUERNAVACA, MX","2025-03-08",,,,
"MXM00076726","CUERNAVACA, MX","2025-03-09",,,,
"MXM00076726","CUERNAVACA, MX","2025-03-10",,,,
"MXM00076726","CUERNAVACA, MX","2025-03-11",,,,
"MXM00076726","CUERNAVACA, MX","2025-03-12",,,,
"MXM00076726","CUERNAVACA, MX","2025-03-13",,,,
"MXM00076726","CUERNAVACA, MX","2025-03-14",,,,
"MXM00076726","CUERNAVACA, MX","2025-03-15",,,,
"MXM00076726","CUERNAVACA, MX","2025-03-16",,,,
"MXM00076726","CUERNAVACA, MX","2025-03-17",,,,
"MXM00076726","CUERNAVACA, MX","2025-03-18",,,,
"MXM00076726","CUERNAVACA, MX","2025-03-19",,,,
"MXM00076726","CUERNAVACA, MX","2025-03-20","90",",,S","59",",,S"
"MXM00076726","CUERNAVACA, MX","2025-03-21","88",",,S","56",",,S"
"MXM00076726","CUERNAVACA, MX","2025-03-22",,,,
"MXM00076726","CUERNAVACA, MX","2025-03-23",,,,
"MXM00076726","CUERNAVACA, MX","2025-03-24",,,,
"MXM00076726","CUERNAVACA, MX","2025-03-25","92",",,S","62",",,S"
"MXM00076726","CUERNAVACA, MX","2025-03-26",,,,
"MXM00076726","CUERNAVACA, MX","2025-03-27",,,,
"MXM00076726","CUERNAVACA, MX","2025-03-28",,,,
"MXM00076726","CUERNAVACA, MX","2025-03-29",,,,
"MXM00076726","CUERNAVACA, MX","2025-03-30",,,,
"MXM00076726","CUERNAVACA, MX","2025-03-31","92",",,S","60",",,S"
"MXM00076726","CUERNAVACA, MX","2025-04-01",,,,
"MXM00076726","CUERNAVACA, MX","2025-04-02",,,,
"MXM00076726","CUERNAVACA, MX","2025-04-03","94",",,S","60",",,S"
"MXM00076726","CUERNAVACA, MX","2025-04-04",,,,
"MXM00076726","CUERNAVACA, MX","2025-04-05",,,,
"MXM00076726","CUERNAVACA, MX","2025-04-06",,,,
"MXM00076726","CUERNAVACA, MX","2025-04-07",,,,
"MXM00076726","CUERNAVACA, MX","2025-04-08","89",",,S","59",",,S"
"MXM00076726","CUERNAVACA, MX","2025-04-09",,,,
"MXM00076726","CUERNAVACA, MX","2025-04-10",,,,
"MXM00076726","CUERNAVACA, MX","2025-04-11",,,,
"MXM00076726","CUERNAVACA, MX","2025-04-12",,,,
"MXM00076726","CUERNAVACA, MX","2025-04-13",,,,
"MXM00076726","CUERNAVACA, MX","2025-04-14","90",",,S","58",",,S"
"MXM00076726","CUERNAVACA, MX","2025-04-15","92",",,S","58",",,S"
"MXM00076726","CUERNAVACA, MX","2025-04-16","91",",,S","58",",,S"
"MXM00076726","CUERNAVACA, MX","2025-04-17",,,,
"MXM00076726","CUERNAVACA, MX","2025-04-18",,,,
"MXM00076726","CUERNAVACA, MX","2025-04-19",,,,
"MXM00076726","CUERNAVACA, MX","2025-04-20",,,,
"MXM00076726","CUERNAVACA, MX","2025-04-21",,,,
"MXM00076726","CUERNAVACA, MX","2025-04-22",,,,
"MXM00076726","CUERNAVACA, MX","2025-04-23","94",",,S","65",",,S"
"MXM00076726","CUERNAVACA, MX","2025-04-24",,,,
"MXM00076726","CUERNAVACA, MX","2025-04-25",,,,
"MXM00076726","CUERNAVACA, MX","2025-04-26",,,,
"MXM00076726","CUERNAVACA, MX","2025-04-27",,,,
"MXM00076726","CUERNAVACA, MX","2025-04-28",,,,
"MXM00076726","CUERNAVACA, MX","2025-04-29","92",",,S","62",",,S"
"MXM00076726","CUERNAVACA, MX","2025-04-30",,,,
"MXM00076726","CUERNAVACA, MX","2025-05-01",,,,
"MXM00076726","CUERNAVACA, MX","2025-05-02",,,,
"MXM00076726","CUERNAVACA, MX","2025-05-03",,,,
"MXM00076726","CUERNAVACA, MX","2025-05-04",,,,
"MXM00076726","CUERNAVACA, MX","2025-05-05",,,,
"MXM00076726","CUERNAVACA, MX","2025-05-06",,,,
"MXM00076726","CUERNAVACA, MX","2025-05-07",,,,
"MXM00076726","CUERNAVACA, MX","2025-05-08","95",",,S","65",",,S"
"MXM00076726","CUERNAVACA, MX","2025-05-09",,,,
"MXM00076726","CUERNAVACA, MX","2025-05-10",,,,
"MXM00076726","CUERNAVACA, MX","2025-05-11",,,,
"MXM00076726","CUERNAVACA, MX","2025-05-12",,,,
"MXM00076726","CUERNAVACA, MX","2025-05-13",,,,
"MXM00076726","CUERNAVACA, MX","2025-05-14",,,,
"MXM00076726","CUERNAVACA, MX","2025-05-15",,,,
"MXM00076726","CUERNAVACA, MX","2025-05-16",,,,
"MXM00076726","CUERNAVACA, MX","2025-05-17",,,,
"MXM00076726","CUERNAVACA, MX","2025-05-18",,,,
"MXM00076726","CUERNAVACA, MX","2025-05-19",,,,
"MXM00076726","CUERNAVACA, MX","2025-05-20",,,,
"MXM00076726","CUERNAVACA, MX","2025-05-21",,,,
"MXM00076726","CUERNAVACA, MX","2025-05-22",,,,
"MXM00076726","CUERNAVACA, MX","2025-05-23",,,,
"MXM00076726","CUERNAVACA, MX","2025-05-24",,,,
"MXM00076726","CUERNAVACA, MX","2025-05-25",,,,
"MXM00076726","CUERNAVACA, MX","2025-05-26",,,,
"MXM00076726","CUERNAVACA, MX","2025-05-27",,,,
"MXM00076726","CUERNAVACA, MX","2025-05-28",,,,
"MXM00076726","CUERNAVACA, MX","2025-05-29",,,,
"MXM00076726","CUERNAVACA, MX","2025-05-30",,,,
"MXM00076726","CUERNAVACA, MX","2025-05-31",,,,
"MXM00076726","CUERNAVACA, MX","2025-06-01",,,,
"MXM00076726","CUERNAVACA, MX","2025-06-02",,,,
"MXM00076726","CUERNAVACA, MX","2025-06-03",,,,
"MXM00076726","CUERNAVACA, MX","2025-06-04",,,,
"MXM00076726","CUERNAVACA, MX","2025-06-05",,,,
"MXM00076726","CUERNAVACA, MX","2025-06-06",,,,
"MXM00076726","CUERNAVACA, MX","2025-06-07",,,,
"MXM00076726","CUERNAVACA, MX","2025-06-08",,,,
"MXM00076726","CUERNAVACA, MX","2025-06-09",,,,
"MXM00076726","CUERNAVACA, MX","2025-06-10",,,,
"MXM00076726","CUERNAVACA, MX","2025-06-11",,,,
"MXM00076726","CUERNAVACA, MX","2025-06-12",,,,
"MXM00076726","CUERNAVACA, MX","2025-06-13",,,,
"MXM00076726","CUERNAVACA, MX","2025-06-14",,,,
"MXM00076726","CUERNAVACA, MX","2025-06-15",,,,
"MXM00076726","CUERNAVACA, MX","2025-06-16",,,,
"MXM00076726","CUERNAVACA, MX","2025-06-17",,,,
"MXM00076726","CUERNAVACA, MX","2025-06-18",,,,
"MXM00076726","CUERNAVACA, MX","2025-06-19",,,,
"MXM00076726","CUERNAVACA, MX","2025-06-20",,,,
"MXM00076726","CUERNAVACA, MX","2025-06-21",,,,
"MXM00076726","CUERNAVACA, MX","2025-06-22",,,,
"MXM00076726","CUERNAVACA, MX","2025-06-23",,,,
"MXM00076726","CUERNAVACA, MX","2025-06-24",,,,
"MXM00076726","CUERNAVACA, MX","2025-06-25",,,,
"MXM00076726","CUERNAVACA, MX","2025-06-26",,,,
"MXM00076726","CUERNAVACA, MX","2025-06-27",,,,
"MXM00076726","CUERNAVACA, MX","2025-06-28",,,,
"MXM00076726","CUERNAVACA, MX","2025-06-29",,,,
"MXM00076726","CUERNAVACA, MX","2025-06-30",,,,
"MXM00076726","CUERNAVACA, MX","2025-07-01",,,,
"MXM00076726","CUERNAVACA, MX","2025-07-02",,,,
"MXM00076726","CUERNAVACA, MX","2025-07-03",,,,
"MXM00076726","CUERNAVACA, MX","2025-07-04","85",",,S","56",",,S"
"MXM00076726","CUERNAVACA, MX","2025-07-05","83",",,S","56",",,S"
"MXM00076726","CUERNAVACA, MX","2025-07-06","83",",,S","56",",,S"
"MXM00076726","CUERNAVACA, MX","2025-07-07",,,,
"MXM00076726","CUERNAVACA, MX","2025-07-08",,,,
"MXM00076726","CUERNAVACA, MX","2025-07-09",,,,
"MXM00076726","CUERNAVACA, MX","2025-07-10",,,,
"MXM00076726","CUERNAVACA, MX","2025-07-11",,,,
"MXM00076726","CUERNAVACA, MX","2025-07-12",,,,
"MXM00076726","CUERNAVACA, MX","2025-07-13",,,,
"MXM00076726","CUERNAVACA, MX","2025-07-14",,,,
"MXM00076726","CUERNAVACA, MX","2025-07-15",,,,
"MXM00076726","CUERNAVACA, MX","2025-07-16",,,,
"MXM00076726","CUERNAVACA, MX","2025-07-17","78",",,S","56",",,S"
"MXM00076726","CUERNAVACA, MX","2025-07-18",,,,
"MXM00076726","CUERNAVACA, MX","2025-07-19",,,,
"MXM00076726","CUERNAVACA, MX","2025-07-20",,,,
"MXM00076726","CUERNAVACA, MX","2025-07-21",,,,
"MXM00076726","CUERNAVACA, MX","2025-07-22",,,,
"MXM00076726","CUERNAVACA, MX","2025-07-23",,,,
"MXM00076726","CUERNAVACA, MX","2025-07-24",,,,
"MXM00076726","CUERNAVACA, MX","2025-07-25",,,,
"MXM00076726","CUERNAVACA, MX","2025-07-26",,,,
"MXM00076726","CUERNAVACA, MX","2025-07-27",,,,
"MXM00076726","CUERNAVACA, MX","2025-07-28",,,,
"MXM00076726","CUERNAVACA, MX","2025-07-29",,,,
"MXM00076726","CUERNAVACA, MX","2025-07-30",,,,
"MXM00076726","CUERNAVACA, MX","2025-07-31",,,,
"MXM00076726","CUERNAVACA, MX","2025-08-01",,,,
"MXM00076726","CUERNAVACA, MX","2025-08-02",,,,
"MXM00076726","CUERNAVACA, MX","2025-08-03",,,,
"MXM00076726","CUERNAVACA, MX","2025-08-04","86",",,S","58",",,S"
"MXM00076726","CUERNAVACA, MX","2025-08-05",,,,
"MXM00076726","CUERNAVACA, MX","2025-08-06","86",",,S","59",",,S"
"MXM00076726","CUERNAVACA, MX","2025-08-07",,,,
"MXM00076726","CUERNAVACA, MX","2025-08-08","84",",,S","58",",,S"
"MXM00076726","CUERNAVACA, MX","2025-08-09",,,,
"MXM00076726","CUERNAVACA, MX","2025-08-10","86",",,S","58",",,S"
"MXM00076726","CUERNAVACA, MX","2025-08-11",,,,
"MXM00076726","CUERNAVACA, MX","2025-08-12","88",",,S","59",",,S"
"MXM00076726","CUERNAVACA, MX","2025-08-13","83",",,S","58",",,S"
"MXM00076726","CUERNAVACA, MX","2025-08-14","82",",,S","58",",,S"
"MXM00076726","CUERNAVACA, MX","2025-08-15",,,,
"MXM00076726","CUERNAVACA, MX","2025-08-16","84",",,S","56",",,S"
"MXM00076726","CUERNAVACA, MX","2025-08-17",,,,
"MXM00076726","CUERNAVACA, MX","2025-08-18","85",",,S","56",",,S"
"MXM00076726","CUERNAVACA, MX","2025-08-19","84",",,S","56",",,S"
"MXM00076726","CUERNAVACA, MX","2025-08-20",,,,
"MXM00076726","CUERNAVACA, MX","2025-08-21","82",",,S","59",",,S"
"MXM00076726","CUERNAVACA, MX","2025-08-22",,,,
"MXM00076726","CUERNAVACA, MX","2025-08-23","80",",,S","58",",,S"
"MXM00076726","CUERNAVACA, MX","2025-08-24",,,,
