"STATION","NAME","DATE","TMAX","TMAX_ATTRIBUTES","TMIN","TMIN_ATTRIBUTES"
"MXM00076685","HERMANOS SERDAN INTERNATIONAL, MX","2020-01-01",,,,
"MXM00076685","HERMANOS SERDAN INTERNATIONAL, MX","2020-01-02","73",",,S","45",",,S"
"MXM00076685","HERMANOS SERDAN INTERNATIONAL, MX","2020-01-03",,,,
"MXM00076685","HERMANOS SERDAN INTERNATIONAL, MX","2020-01-04",,,,
"MXM00076685","HERMANOS SERDAN INTERNATIONAL, MX","2020-01-05",,,,
"MXM00076685","HERMANOS SERDAN INTERNATIONAL, MX","2020-01-06",,,,
"MXM00076685","HERMANOS SERDAN INTERNATIONAL, MX","2020-01-07",,,,
"MXM00076685","HERMANOS SERDAN INTERNATIONAL, MX","2020-01-08",,,,
"MXM00076685","HERMANOS SERDAN INTERNATIONAL, MX","2020-01-09",,,,
"MXM00076685","HERMANOS SERDAN INTERNATIONAL, MX","2020-01-10",,,,
"MXM00076685","HERMANOS SERDAN INTERNATIONAL, MX","2020-01-11",,,,
"MXM00076685","HERMANOS SERDAN INTERNATIONAL, MX","2020-01-12",,,,
"MXM00076685","HERMANOS SERDAN INTERNATIONAL, MX","2020-01-13","75",",,S","43",",,S"
"MXM00076685","HERMANOS SERDAN INTERNATIONAL, MX","2020-01-14",,,,
"MXM00076685","HERMANOS SERDAN INTERNATIONAL, MX","2020-01-15",,,,
"MXM00076685","HERMANOS SERDAN INTERNATIONAL, MX","2020-01-16",,,,
"MXM00076685","HERMANOS SERDAN INTERNATIONAL, MX","2020-01-17",,,,
"MXM00076685","HERMANOS SERDAN INTERNATIONAL, MX","2020-01-18","75",",,S","43",",,S"
"MXM00076685","HERMANOS SERDAN INTERNATIONAL, MX","2020-01-19",,,,
"MXM00076685","HERMANOS SERDAN INTERNATIONAL, MX","2020-01-20","76",",,S","46",",,S"
"MXM00076685","HERMANOS SERDAN INTERNATIONAL, MX","2020-01-21",,,,
"MXM00076685","HERMANOS SERDAN INTERNATIONAL, MX","2020-01-22",,,,
"MXM00076685","HERMANOS SERDAN INTERNATIONAL, MX","2020-01-23","73",",,S","38",",,S"
"MXM00076685","HERMANOS SERDAN INTERNATIONAL, MX","2020-01-24","70",",,S","45",",,S"
"MXM00076685","HERMANOS SERDAN INTERNATIONAL, MX","2020-01-25",,,,
"MXM00076685","HERMANOS SERDAN INTERNATIONAL, MX","2020-01-26",,,,
"MXM00076685","HERMANOS SERDAN INTERNATIONAL, MX","2020-01-27","74",",,S","44",",,S"
"MXM00076685","HERMANOS SERDAN INTERNATIONAL, MX","2020-01-28",,,,
"MXM00076685","HERMANOS SERDAN INTERNATIONAL, MX","2020-01-29",,,,
"MXM00076685","HERMANOS SERDAN INTERNATIONAL, MX","2020-01-30",,,,
"MXM00076685","HERMANOS SERDAN INTERNATIONAL, MX","2020-01-31",,,,
"MXM00076685","HERMANOS SERDAN INTERNATIONAL, MX","2020-02-01",,,,
"MXM00076685","HERMANOS SERDAN INTERNATIONAL, MX","2020-02-02",,,,
"MXM00076685","HERMANOS SERDAN INTERNATIONAL, MX","2020-02-03",,,,
"MXM00076685","HERMANOS SERDAN INTERNATIONAL, MX","2020-02-04","76",",,S","46",",,S"
"MXM00076685","HERMANOS SERDAN INTERNATIONAL, MX","2020-02-05",,,,
"MXM00076685","HERMANOS SERDAN INTERNATIONAL, MX","2020-02-06",,,,
"MXM00076685","HERMANOS SERDAN INTERNATIONAL, MX","2020-02-07",,,,
"MXM00076685","HERMANOS SERDAN INTERNATIONAL, MX","2020-02-08",,,,
"MXM00076685","HERMANOS SERDAN INTERNATIONAL, MX","2020-02-09",,,,
"MXM00076685","HERMANOS SERDAN INTERNATIONAL, MX","2020-02-10",,,,
"MXM00076685","HERMANOS SERDAN INTERNATIONAL, MX","2020-02-11",,,,
"MXM00076685","HERMANOS SERDAN INTERNATIONAL, MX","2020-02-12",,,,
"MXM00076685","HERMANOS SERDAN INTERNATIONAL, MX","2020-02-13",,,,
"MXM00076685","HERMANOS SERDAN INTERNATIONAL, MX","2020-02-14",,,,
"MXM00076685","HERMANOS SERDAN INTERNATIONAL, MX","2020-02-15",,,,
"MXM00076685","HERMANOS SERDAN INTERNATIONAL, MX","2020-02-16",,,,
"MXM00076685","HERMANOS SERDAN INTERNATIONAL, MX","2020-02-17",,,,
"MXM00076685","HERMANOS SERDAN INTERNATIONAL, MX","2020-02-18","86",",,S","41",",,S"
"MXM00076685","HERMANOS SERDAN INTERNATIONAL, MX","2020-02-19","89",",,S","41",",,S"
"MXM00076685","HERMANOS SERDAN INTERNATIONAL, MX","2020-02-20",,,,
"MXM00076685","HERMANOS SERDAN INTERNATIONAL, MX","2020-02-21","83",",,S","46",",,S"
"MXM00076685","HERMANOS SERDAN INTERNATIONAL, MX","2020-02-22",,,,
"MXM00076685","HERMANOS SERDAN INTERNATIONAL, MX","2020-02-23",,,,
"MXM00076685","HERMANOS SERDAN INTERNATIONAL, MX","2020-02-24",,,,
"MXM00076685","HERMANOS SERDAN INTERNATIONAL, MX","2020-02-25",,,,
"MXM00076685","HERMANOS SERDAN INTERNATIONAL, MX","2020-02-26",,,,
"MXM00076685","HERMANOS SERDAN INTERNATIONAL, MX","2020-02-27",,,,
"MXM00076685","HERMANOS SERDAN INTERNATIONAL, MX","2020-02-28","82",",,S","43",",,S"
"MXM00076685","HERMANOS SERDAN INTERNATIONAL, MX","2020-02-29",,,,
"MXM00076685","HERMANOS SERDAN INTERNATIONAL, MX","2020-03-01","82",",,S","43",",,S"
"MXM00076685","HERMANOS SERDAN INTERNATIONAL, MX","2020-03-02",,,,
"MXM00076685","HERMANOS SERDAN INTERNATIONAL, MX","2020-03-03",,,,
"MXM00076685","HERMANOS SERDAN INTERNATIONAL, MX","2020-03-04",,,,
"MXM00076685","HERMANOS SERDAN INTERNATIONAL, MX","2020-03-05",,,,
"MXM00076685","HERMANOS SERDAN INTERNATIONAL, MX","2020-03-06",,,,
"MXM00076685","HERMANOS SERDAN INTERNATIONAL, MX","2020-03-07",,,,
"MXM00076685","HERMANOS SERDAN INTERNATIONAL, MX","2020-03-08",,,,
"MXM00076685","HERMANOS SERDAN INTERNATIONAL, MX","2020-03-09",,,,
"MXM00076685","HERMANOS SERDAN INTERNATIONAL, MX","2020-03-10","83",",,S","46",",,S"
"MXM00076685","HERMANOS SERDAN INTERNATIONAL, MX","2020-03-11","83",",,S","46",",,S"
"MXM00076685","HERMANOS SERDAN INTERNATIONAL, MX","2020-03-12",,,,
"MXM00076685","HERMANOS SERDAN INTERNATIONAL, MX","2020-03-13",,,,
"MXM00076685","HERMANOS SERDAN INTERNATIONAL, MX","2020-03-14",,,,
"MXM00076685","HERMANOS SERDAN INTERNATIONAL, MX","2020-03-15",,,,
"MXM00076685","HERMANOS SERDAN INTERNATIONAL, MX","2020-03-16",,,,
"MXM00076685","HERMANOS SERDAN INTERNATIONAL, MX","2020-03-17",,,,
"MXM00076685","HERMANOS SERDAN INTERNATIONAL, MX","2020-03-18",,,,
"MXM00076685","HERMANOS SERDAN INTERNATIONAL, MX","2020-03-19",,,,
"MXM00076685","HERMANOS SERDAN INTERNATIONAL, MX","2020-03-20",,,,
"MXM00076685","HERMANOS SERDAN INTERNATIONAL, MX","2020-03-21",,,,
"MXM00076685","HERMANOS SERDAN INTERNATIONAL, MX","2020-03-22",,,,
"MXM00076685","HERMANOS SERDAN INTERNATIONAL, MX","2020-03-23",,,,
"MXM00076685","HERMANOS SERDAN INTERNATIONAL, MX","2020-03-24",,,,
"MXM00076685","HERMANOS SERDAN INTERNATIONAL, MX","2020-03-25",,,,
"MXM00076685","HERMANOS SERDAN INTERNATIONAL, MX","2020-03-26","92",",,S","44",",,S"
"MXM00076685","HERMANOS SERDAN INTERNATIONAL, MX","2020-03-27","93",",,S","44",",,S"
"MXM00076685","HERMANOS SERDAN INTERNATIONAL, MX","2020-03-28",,,,
"MXM00076685","HERMANOS SERDAN INTERNATIONAL, MX","2020-03-29",,,,
"MXM00076685","HERMANOS SERDAN INTERNATIONAL, MX","2020-03-30",,,,
"MXM00076685","HERMANOS SERDAN INTERNATIONAL, MX","2020-03-31",,,,
"MXM00076685","HERMANOS SERDAN INTERNATIONAL, MX","2020-04-01",,,,
"MXM00076685","HERMANOS SERDAN INTERNATIONAL, MX","2020-04-02",,,,
"MXM00076685","HERMANOS SERDAN INTERNATIONAL, MX","2020-04-03",,,,
"MXM00076685","HERMANOS SERDAN INTERNATIONAL, MX","2020-04-04",,,,
"MXM00076685","HERMANOS SERDAN INTERNATIONAL, MX","2020-04-05",,,,
"MXM00076685","HERMANOS SERDAN INTERNATIONAL, MX","2020-04-06",,,,
"MXM00076685","HERMANOS SERDAN INTERNATIONAL, MX","2020-04-07","87",",,S","55",",,S"
"MXM00076685","HERMANOS SERDAN INTERNATIONAL, MX","2020-04-08",,,,
"MXM00076685","HERMANOS SERDAN INTERNATIONAL, MX","2020-04-09",,,,
"MXM00076685","HERMANOS SERDAN INTERNATIONAL, MX","2020-04-10",,,,
"MXM00076685","HERMANOS SERDAN INTERNATIONAL, MX","2020-04-11",,,,
"MXM00076685","HERMANOS SERDAN INTERNATIONAL, MX","2020-04-12",,,,
"MXM00076685","HERMANOS SERDAN INTERNATIONAL, MX","2020-04-13",,,,
"MXM00076685","HERMANOS SERDAN INTERNATIONAL, MX","2020-04-14",,,,
"MXM00076685","HERMANOS SERDAN INTERNATIONAL, MX","2020-04-15",,,,
"MXM00076685","HERMANOS SERDAN INTERNATIONAL, MX","2020-04-16",,,,
"MXM00076685","HERMANOS SERDAN INTERNATIONAL, MX","2020-04-17",,,,
"MXM00076685","HERMANOS SERDAN INTERNATIONAL, MX","2020-04-18",,,,
"MXM00076685","HERMANOS SERDAN INTERNATIONAL, MX","2020-04-19",,,,
"MXM00076685","HERMANOS SERDAN INTERNATIONAL, MX","2020-04-20",,,,
"MXM00076685","HERMANOS SERDAN INTERNATIONAL, MX","2020-04-21",,,,
"MXM00076685","HERMANOS SERDAN INTERNATIONAL, MX","2020-04-22",,,,
"MXM00076685","HERMANOS SERDAN INTERNATIONAL, MX","2020-04-23",,,,
"MXM00076685","HERMANOS SERDAN INTERNATIONAL, MX","2020-04-24",,,,
"MXM00076685","HERMANOS SERDAN INTERNATIONAL, MX","2020-04-25",,,,
"MXM00076685","HERMANOS SERDAN INTERNATIONAL, MX","2020-04-26",,,,
"MXM00076685","HERMANOS SERDAN INTERNATIONAL, MX","2020-04-27",,,,
"MXM00076685","HERMANOS SERDAN INTERNATIONAL, MX","2020-04-28",,,,
"MXM00076685","HERMANOS SERDAN INTERNATIONAL, MX","2020-04-29",,,,
"MXM00076685","HERMANOS SERDAN INTERNATIONAL, MX","2020-04-30",,,,
"MXM00076685","HERMANOS SERDAN INTERNATIONAL, MX","2020-05-01",,,,
"MXM00076685","HERMANOS SERDAN INTERNATIONAL, MX","2020-05-02",,,,
"MXM00076685","HERMANOS SERDAN INTERNATIONAL, MX","2020-05-03",,,,
"MXM00076685","HERMANOS SERDAN INTERNATIONAL, MX","2020-05-04",,,,
"MXM00076685","HERMANOS SERDAN INTERNATIONAL, MX","2020-05-05",,,,
"MXM00076685","HERMANOS SERDAN INTERNATIONAL, MX","2020-05-06",,,,
"MXM00076685","HERMANOS SERDAN INTERNATIONAL, MX","2020-05-07",,,,
"MXM00076685","HERMANOS SERDAN INTERNATIONAL, MX","2020-05-08",,,,
"MXM00076685","HERMANOS SERDAN INTERNATIONAL, MX","2020-05-09",,,,
"MXM00076685","HERMANOS SERDAN INTERNATIONAL, MX","2020-05-10",,,,
"MXM00076685","HERMANOS SERDAN INTERNATIONAL, MX","2020-05-11",,,,
"MXM00076685","HERMANOS SERDAN INTERNATIONAL, MX","2020-05-12",,,,
"MXM00076685","HERMANOS SERDAN INTERNATIONAL, MX","2020-05-13",,,,
"MXM00076685","HERMANOS SERDAN INTERNATIONAL, MX","2020-05-14",,,,
"MXM00076685","HERMANOS SERDAN INTERNATIONAL, MX","2020-05-15",,,,
"MXM00076685","HERMANOS SERDAN INTERNATIONAL, MX","2020-05-16",,,,
"MXM00076685","HERMANOS SERDAN INTERNATIONAL, MX","2020-05-17",,,,
"MXM00076685","HERMANOS SERDAN INTERNATIONAL, MX","2020-05-18",,,,
"MXM00076685","HERMANOS SERDAN INTERNATIONAL, MX","2020-05-19",,,,
"MXM00076685","HERMANOS SERDAN INTERNATIONAL, MX","2020-05-20",,,,
"MXM00076685","HERMANOS SERDAN INTERNATIONAL, MX","2020-05-21",,,,
"MXM00076685","HERMANOS SERDAN INTERNATIONAL, MX","2020-05-22",,,,
"MXM00076685","HERMANOS SERDAN INTERNATIONAL, MX","2020-05-23",,,,
"MXM00076685","HERMANOS SERDAN INTERNATIONAL, MX","2020-05-24",,,,
"MXM00076685","HERMANOS SERDAN INTERNATIONAL, MX","2020-05-25",,,,
"MXM00076685","HERMANOS SERDAN INTERNATIONAL, MX","2020-05-26",,,,
"MXM00076685","HERMANOS SERDAN INTERNATIONAL, MX","2020-05-27",,,,
"MXM00076685","HERMANOS SERDAN INTERNATIONAL, MX","2020-05-28",,,,
"MXM00076685","HERMANOS SERDAN INTERNATIONAL, MX","2020-05-29",,,,
"MXM00076685","HERMANOS SERDAN INTERNATIONAL, MX","2020-05-30",,,,
"MXM00076685","HERMANOS SERDAN INTERNATIONAL, MX","2020-05-31",,,,
"MXM00076685","HERMANOS SERDAN INTERNATIONAL, MX","2020-06-01",,,,
"MXM00076685","HERMANOS SERDAN INTERNATIONAL, MX","2020-06-02",,,,
"MXM00076685","HERMANOS SERDAN INTERNATIONAL, MX","2020-06-03","87",",,S","55",",,S"
"MXM00076685","HERMANOS SERDAN INTERNATIONAL, MX","2020-06-04",,,,
"MXM00076685","HERMANOS SERDAN INTERNATIONAL, MX","2020-06-05",,,,
"MXM00076685","HERMANOS SERDAN INTERNATIONAL, MX","2020-06-06",,,,
"MXM00076685","HERMANOS SERDAN INTERNATIONAL, MX","2020-06-07",,,,
"MXM00076685","HERMANOS SERDAN INTERNATIONAL, MX","2020-06-08",,,,
"MXM00076685","HERMANOS SERDAN INTERNATIONAL, MX","2020-06-09",,,,
"MXM00076685","HERMANOS SERDAN INTERNATIONAL, MX","2020-06-10",,,,
"MXM00076685","HERMANOS SERDAN INTERNATIONAL, MX","2020-06-11","86",",,S","53",",,S"
"MXM00076685","HERMANOS SERDAN INTERNATIONAL, MX","2020-06-12",,,,
"MXM00076685","HERMANOS SERDAN INTERNATIONAL, MX","2020-06-13",,,,
"MXM00076685","HERMANOS SERDAN INTERNATIONAL, MX","2020-06-14",,,,
"MXM00076685","HERMANOS SERDAN INTERNATIONAL, MX","2020-06-15",,,,
"MXM00076685","HERMANOS SERDAN INTERNATIONAL, MX","2020-06-16","85",",,S","50",",,S"
"MXM00076685","HERMANOS SERDAN INTERNATIONAL, MX","2020-06-17",,,,
"MXM00076685","HERMANOS SERDAN INTERNATIONAL, MX","2020-06-18",,,,
"MXM00076685","HERMANOS SERDAN INTERNATIONAL, MX","2020-06-19",,,,
"MXM00076685","HERMANOS SERDAN INTERNATIONAL, MX","2020-06-20",,,,
"MXM00076685","HERMANOS SERDAN INTERNATIONAL, MX","2020-06-21",,,,
"MXM00076685","HERMANOS SERDAN INTERNATIONAL, MX","2020-06-22",,,,
"MXM00076685","HERMANOS SERDAN INTERNATIONAL, MX","2020-06-23",,,,
"MXM00076685","HERMANOS SERDAN INTERNATIONAL, MX","2020-06-24",,,,
"MXM00076685","HERMANOS SERDAN INTERNATIONAL, MX","2020-06-25",,,,
"MXM00076685","HERMANOS SERDAN INTERNATIONAL, MX","2020-06-26",,,,
"MXM00076685","HERMANOS SERDAN INTERNATIONAL, MX","2020-06-27",,,,
"MXM00076685","HERMANOS SERDAN INTERNATIONAL, MX","2020-06-28",,,,
"MXM00076685","HERMANOS SERDAN INTERNATIONAL, MX","2020-06-29","82",",,S","54",",,S"
"MXM00076685","HERMANOS SERDAN INTERNATIONAL, MX","2020-06-30","84",",,S","54",",,S"
"MXM00076685","HERMANOS SERDAN INTERNATIONAL, MX","2020-07-01",,,,
"MXM00076685","HERMANOS SERDAN INTERNATIONAL, MX","2020-07-02",,,,
"MXM00076685","HERMANOS SERDAN INTERNATIONAL, MX","2020-07-03","82",",,S","50",",,S"
"MXM00076685","HERMANOS SERDAN INTERNATIONAL, MX","2020-07-04",,,,
"MXM00076685","HERMANOS SERDAN INTERNATIONAL, MX","2020-07-05","82",",,S","53",",,S"
"MXM00076685","HERMANOS SERDAN INTERNATIONAL, MX","2020-07-06",,,,
"MXM00076685","HERMANOS SERDAN INTERNATIONAL, MX","2020-07-07","80",",,S","55",",,S"
"MXM00076685","HERMANOS SERDAN INTERNATIONAL, MX","2020-07-08",,,,
"MXM00076685","HERMANOS SERDAN INTERNATIONAL, MX","2020-07-09",,,,
"MXM00076685","HERMANOS SERDAN INTERNATIONAL, MX","2020-07-10",,,,
"MXM00076685","HERMANOS SERDAN INTERNATIONAL, MX","2020-07-11","83",",,S","48",",,S"
"MXM00076685","HERMANOS SERDAN INTERNATIONAL, MX","2020-07-12",,,,
"MXM00076685","HERMANOS SERDAN INTERNATIONAL, MX","2020-07-13",,,,
"MXM00076685","HERMANOS SERDAN INTERNATIONAL, MX","2020-07-14",,,,
"MXM00076685","HERMANOS SERDAN INTERNATIONAL, MX","2020-07-15",,,,
"MXM00076685","HERMANOS SERDAN INTERNATIONAL, MX","2020-07-16",,,,
"MXM00076685","HERMANOS SERDAN INTERNATIONAL, MX","2020-07-17",,,,
"MXM00076685","HERMANOS SERDAN INTERNATIONAL, MX","2020-07-18",,,,
"MXM00076685","HERMANOS SERDAN INTERNATIONAL, MX","2020-07-19",,,,
"MXM00076685","HERMANOS SERDAN INTERNATIONAL, MX","2020-07-20",,,,
"MXM00076685","HERMANOS SERDAN INTERNATIONAL, MX","2020-07-21",,,,
"MXM00076685","HERMANOS SERDAN INTERNATIONAL, MX","2020-07-22",,,,
"MXM00076685","HERMANOS SERDAN INTERNATIONAL, MX","2020-07-23",,,,
"MXM00076685","HERMANOS SERDAN INTERNATIONAL, MX","2020-07-24",,,,
"MXM00076685","HERMANOS SERDAN INTERNATIONAL, MX","2020-07-25",,,,
"MXM00076685","HERMANOS SERDAN INTERNATIONAL, MX","2020-07-26",,,,
"MXM00076685","HERMANOS SERDAN INTERNATIONAL, MX","2020-07-27",,,,
"MXM00076685","HERMANOS SERDAN INTERNATIONAL, MX","2020-07-28",,,,
"MXM00076685","HERMANOS SERDAN INTERNATIONAL, MX","2020-07-29",,,,
"MXM00076685","HERMANOS SERDAN INTERNATIONAL, MX","2020-07-30",,,,
"MXM00076685","HERMANOS SERDAN INTERNATIONAL, MX","2020-07-31",,,,
"MXM00076685","HERMANOS SERDAN INTERNATIONAL, MX","2020-08-01",,,,
"MXM00076685","HERMANOS SERDAN INTERNATIONAL, MX","2020-08-02","82",",,S","55",",,S"
"MXM00076685","HERMANOS SERDAN INTERNATIONAL, MX","2020-08-03",,,,
"MXM00076685","HERMANOS SERDAN INTERNATIONAL, MX","2020-08-04",,,,
"MXM00076685","HERMANOS SERDAN INTERNATIONAL, MX","2020-08-05",,,,
"MXM00076685","HERMANOS SERDAN INTERNATIONAL, MX","2020-08-06",,,,
"MXM00076685","HERMANOS SERDAN INTERNATIONAL, MX","2020-08-07",,,,
"MXM00076685","HERMANOS SERDAN INTERNATIONAL, MX","2020-08-08","80",",,S","52",",,S"
"MXM00076685","HERMANOS SERDAN INTERNATIONAL, MX","2020-08-09",,,,
"MXM00076685","HERMANOS SERDAN INTERNATIONAL, MX","2020-08-10",,,,
"MXM00076685","HERMANOS SERDAN INTERNATIONAL, MX","2020-08-11",,,,
"MXM00076685","HERMANOS SERDAN INTERNATIONAL, MX","2020-08-12","78",",,S","55",",,S"
"MXM00076685","HERMANOS SERDAN INTERNATIONAL, MX","2020-08-13",,,,
"MXM00076685","HERMANOS SERDAN INTERNATIONAL, MX","2020-08-14","78",",,S","54",",,S"
"MXM00076685","HERMANOS SERDAN INTERNATIONAL, MX","2020-08-15",,,,
"MXM00076685","HERMANOS SERDAN INTERNATIONAL, MX","2020-08-16","77",",,S","51",",,S"
"MXM00076685","HERMANOS SERDAN INTERNATIONAL, MX","2020-08-17",,,,
"MXM00076685","HERMANOS SERDAN INTERNATIONAL, MX","2020-08-18",,,,
"MXM00076685","HERMANOS SERDAN INTERNATIONAL, MX","2020-08-19",,,,
"MXM00076685","HERMANOS SERDAN INTERNATIONAL, MX","2020-08-20","77",",,S","56",",,S"
"MXM00076685","HERMANOS SERDAN INTERNATIONAL, MX","2020-08-21","77",",,S","53",",,S"
"MXM00076685","HERMANOS SERDAN INTERNATIONAL, MX","2020-08-22",,,,
"MXM00076685","HERMANOS SERDAN INTERNATIONAL, MX","2020-08-23",,,,
"MXM00076685","HERMANOS SERDAN INTERNATIONAL, MX","2020-08-24",,,,
"MXM00076685","HERMANOS SERDAN INTERNATIONAL, MX","2020-08-25",,,,
"MXM00076685","HERMANOS SERDAN INTERNATIONAL, MX","2020-08-26",,,,
"MXM00076685","HERMANOS SERDAN INTERNATIONAL, MX","2020-08-27","79",",,S","55",",,S"
"MXM00076685","HERMANOS SERDAN INTERNATIONAL, MX","2020-08-28","75",",,S","55",",,S"
"MXM00076685","HERMANOS SERDAN INTERNATIONAL, MX","2020-08-29",,,,
"MXM00076685","HERMANOS SERDAN INTERNATIONAL, MX","2020-08-30","76",",,S","56",",,S"
"MXM00076685","HERMANOS SERDAN INTERNATIONAL, MX","2020-08-31",,,,
"MXM00076685","HERMANOS SERDAN INTERNATIONAL, MX","2020-09-01",,,,
"MXM00076685","HERMANOS SERDAN INTERNATIONAL, MX","2020-09-02",,,,
"MXM00076685","HERMANOS SERDAN INTERNATIONAL, MX","2020-09-03",,,,
"MXM00076685","HERMANOS SERDAN INTERNATIONAL, MX","2020-09-04","82",",,S","53",",,S"
"MXM00076685","HERMANOS SERDAN INTERNATIONAL, MX","2020-09-05",,,,
"MXM00076685","HERMANOS SERDAN INTERNATIONAL, MX","2020-09-06","76",",,S","56",",,S"
"MXM00076685","HERMANOS SERDAN INTERNATIONAL, MX","2020-09-07",,,,
"MXM00076685","HERMANOS SERDAN INTERNATIONAL, MX","2020-09-08","76",",,S","55",",,S"
"MXM00076685","HERMANOS SERDAN INTERNATIONAL, MX","2020-09-09","77",",,S","55",",,S"
"MXM00076685","HERMANOS SERDAN INTERNATIONAL, MX","2020-09-10",,,,
"MXM00076685","HERMANOS SERDAN INTERNATIONAL, MX","2020-09-11","78",",,S","53",",,S"
"MXM00076685","HERMANOS SERDAN INTERNATIONAL, MX","2020-09-12","77",",,S","53",",,S"
"MXM00076685","HERMANOS SERDAN INTERNATIONAL, MX","2020-09-13",,,,
"MXM00076685","HERMANOS SERDAN INTERNATIONAL, MX","2020-09-14",,,,
"MXM00076685","HERMANOS SERDAN INTERNATIONAL, MX","2020-09-15",,,,
"MXM00076685","HERMANOS SERDAN INTERNATIONAL, MX","2020-09-16",,,,
"MXM00076685","HERMANOS SERDAN INTERNATIONAL, MX","2020-09-17",,,,
"MXM00076685","HERMANOS SERDAN INTERNATIONAL, MX","2020-09-18",,,,
"MXM00076685","HERMANOS SERDAN INTERNATIONAL, MX","2020-09-19",,,,
"MXM00076685","HERMANOS SERDAN INTERNATIONAL, MX","2020-09-20",,,,
"MXM00076685","HERMANOS SERDAN INTERNATIONAL, MX","2020-09-21","79",",,S","55",",,S"
"MXM00076685","HERMANOS SERDAN INTERNATIONAL, MX","2020-09-22",,,,
"MXM00076685","HERMANOS SERDAN INTERNATIONAL, MX","2020-09-23",,,,
"MXM00076685","HERMANOS SERDAN INTERNATIONAL, MX","2020-09-24",,,,
"MXM00076685","HERMANOS SERDAN INTERNATIONAL, MX","2020-09-25",,,,
"MXM00076685","HERMANOS SERDAN INTERNATIONAL, MX","2020-09-26",,,,
"MXM00076685","HERMANOS SERDAN INTERNATIONAL, MX","2020-09-27","76",",,S","53",",,S"
"MXM00076685","HERMANOS SERDAN INTERNATIONAL, MX","2020-09-28",,,,
"MXM00076685","HERMANOS SERDAN INTERNATIONAL, MX","2020-09-29",,,,
"MXM00076685","HERMANOS SERDAN INTERNATIONAL, MX","2020-09-30","71",",,S","45",",,S"
"MXM00076685","HERMANOS SERDAN INTERNATIONAL, MX","2020-10-01","75",",,S","45",",,S"
"MXM00076685","HERMANOS SERDAN INTERNATIONAL, MX","2020-10-02",,,,
"MXM00076685","HERMANOS SERDAN INTERNATIONAL, MX","2020-10-03","73",",,S","41",",,S"
"MXM00076685","HERMANOS SERDAN INTERNATIONAL, MX","2020-10-04","76",",,S","45",",,S"
"MXM00076685","HERMANOS SERDAN INTERNATIONAL, MX","2020-10-05",,,,
"MXM00076685","HERMANOS SERDAN INTERNATIONAL, MX","2020-10-06",,,,
"MXM00076685","HERMANOS SERDAN INTERNATIONAL, MX","2020-10-07",,,,
"MXM00076685","HERMANOS SERDAN INTERNATIONAL, MX","2020-10-08","78",",,S","44",",,S"
"MXM00076685","HERMANOS SERDAN INTERNATIONAL, MX","2020-10-09","79",",,S","48",",,S"
"MXM00076685","HERMANOS SERDAN INTERNATIONAL, MX","2020-10-10",,,,
"MXM00076685","HERMANOS SERDAN INTERNATIONAL, MX","2020-10-11","77",",,S","50",",,S"
"MXM00076685","HERMANOS SERDAN INTERNATIONAL, MX","2020-10-12",,,,
"MXM00076685","HERMANOS SERDAN INTERNATIONAL, MX","2020-10-13","79",",,S","52",",,S"
"MXM00076685","HERMANOS SERDAN INTERNATIONAL, MX","2020-10-14","81",",,S","50",",,S"
"MXM00076685","HERMANOS SERDAN INTERNATIONAL, MX","2020-10-15",,,,
"MXM00076685","HERMANOS SERDAN INTERNATIONAL, MX","2020-10-16",,,,
"MXM00076685","HERMANOS SERDAN INTERNATIONAL, MX","2020-10-17","75",",,S","46",",,S"
"MXM00076685","HERMANOS SERDAN INTERNATIONAL, MX","2020-10-18","77",",,S","46",",,S"
"MXM00076685","HERMANOS SERDAN INTERNATIONAL, MX","2020-10-19",,,,
"MXM00076685","HERMANOS SERDAN INTERNATIONAL, MX","2020-10-20",,,,
"MXM00076685","HERMANOS SERDAN INTERNATIONAL, MX","2020-10-21",,,,
"MXM00076685","HERMANOS SERDAN INTERNATIONAL, MX","2020-10-22",,,,
"MXM00076685","HERMANOS SERDAN INTERNATIONAL, MX","2020-10-23",,,,
"MXM00076685","HERMANOS SERDAN INTERNATIONAL, MX","2020-10-24",,,,
"MXM00076685","HERMANOS SERDAN INTERNATIONAL, MX","2020-10-25",,,,
"MXM00076685","HERMANOS SERDAN INTERNATIONAL, MX","2020-10-26",,,,
"MXM00076685","HERMANOS SERDAN INTERNATIONAL, MX","2020-10-27",,,,
"MXM00076685","HERMANOS SERDAN INTERNATIONAL, MX","2020-10-28",,,,
"MXM00076685","HERMANOS SERDAN INTERNATIONAL, MX","2020-10-29",,,,
"MXM00076685","HERMANOS SERDAN INTERNATIONAL, MX","2020-10-30",,,,
"MXM00076685","HERMANOS SERDAN INTERNATIONAL, MX","2020-10-31","76",",,S","48",",,S"
"MXM00076685","HERMANOS SERDAN INTERNATIONAL, MX","2020-11-01","78",",,S","49",",,S"
"MXM00076685","HERMANOS SERDAN INTERNATIONAL, MX","2020-11-02",,,,
"MXM00076685","HERMANOS SERDAN INTERNATIONAL, MX","2020-11-03",,,,
"MXM00076685","HERMANOS SERDAN INTERNATIONAL, MX","2020-11-04",,,,
"MXM00076685","HERMANOS SERDAN INTERNATIONAL, MX","2020-11-05","76",",,S","40",",,S"
"MXM00076685","HERMANOS SERDAN INTERNATIONAL, MX","2020-11-06",,,,
"MXM00076685","HERMANOS SERDAN INTERNATIONAL, MX","2020-11-07","77",",,S","44",",,S"
"MXM00076685","HERMANOS SERDAN INTERNATIONAL, MX","2020-11-08",,,,
"MXM00076685","HERMANOS SERDAN INTERNATIONAL, MX","2020-11-09",,,,
"MXM00076685","HERMANOS SERDAN INTERNATIONAL, MX","2020-11-10",,,,
"MXM00076685","HERMANOS SERDAN INTERNATIONAL, MX","2020-11-11","84",",,S","49",",,S"
"MXM00076685","HERMANOS SERDAN INTERNATIONAL, MX","2020-11-12",,,,
"MXM00076685","HERMANOS SERDAN INTERNATIONAL, MX","2020-11-13","81",",,S","46",",,S"
"MXM00076685","HERMANOS SERDAN INTERNATIONAL, MX","2020-11-14",,,,
"MXM00076685","HERMANOS SERDAN INTERNATIONAL, MX","2020-11-15","81",",,S","45",",,S"
"MXM00076685","HERMANOS SERDAN INTERNATIONAL, MX","2020-11-16",,,,
"MXM00076685","HERMANOS SERDAN INTERNATIONAL, MX","2020-11-17","77",",,S","46",",,S"
"MXM00076685","HERMANOS SERDAN INTERNATIONAL, MX","2020-11-18","72",",,S","50",",,S"
"MXM00076685","HERMANOS SERDAN INTERNATIONAL, MX","2020-11-19",,,,
"MXM00076685","HERMANOS SERDAN INTERNATIONAL, MX","2020-11-20","78",",,S","41",",,S"
"MXM00076685","HERMANOS SERDAN INTERNATIONAL, MX","2020-11-21","74",",,S","49",",,S"
"MXM00076685","HERMANOS SERDAN INTERNATIONAL, MX","2020-11-22",,,,
"MXM00076685","HERMANOS SERDAN INTERNATIONAL, MX","2020-11-23",,,,
"MXM00076685","HERMANOS SERDAN INTERNATIONAL, MX","2020-11-24",,,,
"MXM00076685","HERMANOS SERDAN INTERNATIONAL, MX","2020-11-25",,,,
"MXM00076685","HERMANOS SERDAN INTERNATIONAL, MX","2020-11-26",,,,
"MXM00076685","HERMANOS SERDAN INTERNATIONAL, MX","2020-11-27",,,,
"MXM00076685","HERMANOS SERDAN INTERNATIONAL, MX","2020-11-28",,,,
"MXM00076685","HERMANOS SERDAN INTERNATIONAL, MX","2020-11-29",,,,
"MXM00076685","HERMANOS SERDAN INTERNATIONAL, MX","2020-11-30","79",",,S","45",",,S"
"MXM00076685","HERMANOS SERDAN INTERNATIONAL, MX","2020-12-01","71",",,S","45",",,S"
"MXM00076685","HERMANOS SERDAN INTERNATIONAL, MX","2020-12-02",,,,
"MXM00076685","HERMANOS SERDAN INTERNATIONAL, MX","2020-12-03",,,,
"MXM00076685","HERMANOS SERDAN INTERNATIONAL, MX","2020-12-04",,,,
"MXM00076685","HERMANOS SERDAN INTERNATIONAL, MX","2020-12-05",,,,
"MXM00076685","HERMANOS SERDAN INTERNATIONAL, MX","2020-12-06",,,,
"MXM00076685","HERMANOS SERDAN INTERNATIONAL, MX","2020-12-07","75",",,S","47",",,S"
"MXM00076685","HERMANOS SERDAN INTERNATIONAL, MX","2020-12-08",,,,
"MXM00076685","HERMANOS SERDAN INTERNATIONAL, MX","2020-12-09",,,,
"MXM00076685","HERMANOS SERDAN INTERNATIONAL, MX","2020-12-10",,,,
"MXM00076685","HERMANOS SERDAN INTERNATIONAL, MX","2020-12-11",,,,
"MXM00076685","HERMANOS SERDAN INTERNATIONAL, MX","2020-12-12",,,,
"MXM00076685","HERMANOS SERDAN INTERNATIONAL, MX","2020-12-13",,,,
"MXM00076685","HERMANOS SERDAN INTERNATIONAL, MX","2020-12-14","78",",,S","46",",,S"
"MXM00076685","HERMANOS SERDAN INTERNATIONAL, MX","2020-12-15",,,,
"MXM00076685","HERMANOS SERDAN INTERNATIONAL, MX","2020-12-16","75",",,S","43",",,S"
"MXM00076685","HERMANOS SERDAN INTERNATIONAL, MX","2020-12-17",,,,
"MXM00076685","HERMANOS SERDAN INTERNATIONAL, MX","2020-12-18","74",",,S","47",",,S"
"MXM00076685","HERMANOS SERDAN INTERNATIONAL, MX","2020-12-19",,,,
"MXM00076685","HERMANOS SERDAN INTERNATIONAL, MX","2020-12-20","78",",,S","46",",,S"
"MXM00076685","HERMANOS SERDAN INTERNATIONAL, MX","2020-12-21",,,,
"MXM00076685","HERMANOS SERDAN INTERNATIONAL, MX","2020-12-22",,,,
"MXM00076685","HERMANOS SERDAN INTERNATIONAL, MX","2020-12-23",,,,
"MXM00076685","HERMANOS SERDAN INTERNATIONAL, MX","2020-12-24",,,,
"MXM00076685","HERMANOS SERDAN INTERNATIONAL, MX","2020-12-25",,,,
"MXM00076685","HERMANOS SERDAN INTERNATIONAL, MX","2020-12-26",,,,
"MXM00076685","HERMANOS SERDAN INTERNATIONAL, MX","2020-12-27",,,,
"MXM00076685","HERMANOS SERDAN INTERNATIONAL, MX","2020-12-28",,,,
"MXM00076685","HERMANOS SERDAN INTERNATIONAL, MX","2020-12-29",,,,
"MXM00076685","HERMANOS SERDAN INTERNATIONAL, MX","2020-12-30",,,,
"MXM00076685","HERMANOS SERDAN INTERNATIONAL, MX","2020-12-31","68",",,S","42",",,S"
"MXM00076685","HERMANOS SERDAN INTERNATIONAL, MX","2021-01-01",,,,
"MXM00076685","HERMANOS SERDAN INTERNATIONAL, MX","2021-01-02",,,,
"MXM00076685","HERMANOS SERDAN INTERNATIONAL, MX","2021-01-03",,,,
"MXM00076685","HERMANOS SERDAN INTERNATIONAL, MX","2021-01-04",,,,
"MXM00076685","HERMANOS SERDAN INTERNATIONAL, MX","2021-01-05",,,,
"MXM00076685","HERMANOS SERDAN INTERNATIONAL, MX","2021-01-06",,,,
"MXM00076685","HERMANOS SERDAN INTERNATIONAL, MX","2021-01-07","74",",,S","41",",,S"
"MXM00076685","HERMANOS SERDAN INTERNATIONAL, MX","2021-01-08",,,,
"MXM00076685","HERMANOS SERDAN INTERNATIONAL, MX","2021-01-09","73",",,S","42",",,S"
"MXM00076685","HERMANOS SERDAN INTERNATIONAL, MX","2021-01-10","73",",,S","44",",,S"
"MXM00076685","HERMANOS SERDAN INTERNATIONAL, MX","2021-01-11","70",",,S","45",",,S"
"MXM00076685","HERMANOS SERDAN INTERNATIONAL, MX","2021-01-12",,,,
"MXM00076685","HERMANOS SERDAN INTERNATIONAL, MX","2021-01-13",,,,
"MXM00076685","HERMANOS SERDAN INTERNATIONAL, MX","2021-01-14",,,,
"MXM00076685","HERMANOS SERDAN INTERNATIONAL, MX","2021-01-15",,,,
"MXM00076685","HERMANOS SERDAN INTERNATIONAL, MX","2021-01-16",,,,
"MXM00076685","HERMANOS SERDAN INTERNATIONAL, MX","2021-01-17","73",",,S","41",",,S"
"MXM00076685","HERMANOS SERDAN INTERNATIONAL, MX","2021-01-18",,,,
"MXM00076685","HERMANOS SERDAN INTERNATIONAL, MX","2021-01-19",,,,
"MXM00076685","HERMANOS SERDAN INTERNATIONAL, MX","2021-01-20",,,,
"MXM00076685","HERMANOS SERDAN INTERNATIONAL, MX","2021-01-21",,,,
"MXM00076685","HERMANOS SERDAN INTERNATIONAL, MX","2021-01-22",,,,
"MXM00076685","HERMANOS SERDAN INTERNATIONAL, MX","2021-01-23",,,,
"MXM00076685","HERMANOS SERDAN INTERNATIONAL, MX","2021-01-24","82",",,S","46",",,S"
"MXM00076685","HERMANOS SERDAN INTERNATIONAL, MX","2021-01-25",,,,
"MXM00076685","HERMANOS SERDAN INTERNATIONAL, MX","2021-01-26",,,,
"MXM00076685","HERMANOS SERDAN INTERNATIONAL, MX","2021-01-27","81",",,S","47",",,S"
"MXM00076685","HERMANOS SERDAN INTERNATIONAL, MX","2021-01-28","83",",,S","47",",,S"
"MXM00076685","HERMANOS SERDAN INTERNATIONAL, MX","2021-01-29",,,,
"MXM00076685","HERMANOS SERDAN INTERNATIONAL, MX","2021-01-30",,,,
"MXM00076685","HERMANOS SERDAN INTERNATIONAL, MX","2021-01-31",,,,
"MXM00076685","HERMANOS SERDAN INTERNATIONAL, MX","2021-02-01","85",",,S","47",",,S"
"MXM00076685","HERMANOS SERDAN INTERNATIONAL, MX","2021-02-02",,,,
"MXM00076685","HERMANOS SERDAN INTERNATIONAL, MX","2021-02-03",,,,
"MXM00076685","HERMANOS SERDAN INTERNATIONAL, MX","2021-02-04","83",",,S","41",",,S"
"MXM00076685","HERMANOS SERDAN INTERNATIONAL, MX","2021-02-05",,,,
"MXM00076685","HERMANOS SERDAN INTERNATIONAL, MX","2021-02-06","83",",,S","46",",,S"
"MXM00076685","HERMANOS SERDAN INTERNATIONAL, MX","2021-02-07",,,,
"MXM00076685","HERMANOS SERDAN INTERNATIONAL, MX","2021-02-08",,,,
"MXM00076685","HERMANOS SERDAN INTERNATIONAL, MX","2021-02-09",,,,
"MXM00076685","HERMANOS SERDAN INTERNATIONAL, MX","2021-02-10",,,,
"MXM00076685","HERMANOS SERDAN INTERNATIONAL, MX","2021-02-11",,,,
"MXM00076685","HERMANOS SERDAN INTERNATIONAL, MX","2021-02-13",,,,
"MXM00076685","HERMANOS SERDAN INTERNATIONAL, MX","2021-02-14",,,,
"MXM00076685","HERMANOS SERDAN INTERNATIONAL, MX","2021-02-15",,,,
"MXM00076685","HERMANOS SERDAN INTERNATIONAL, MX","2021-02-16",,,,
"MXM00076685","HERMANOS SERDAN INTERNATIONAL, MX","2021-02-17",,,,
"MXM00076685","HERMANOS SERDAN INTERNATIONAL, MX","2021-02-18",,,,
"MXM00076685","HERMANOS SERDAN INTERNATIONAL, MX","2021-02-19","79",",,S","41",",,S"
"MXM00076685","HERMANOS SERDAN INTERNATIONAL, MX","2021-02-21",,,,
"MXM00076685","HERMANOS SERDAN INTERNATIONAL, MX","2021-02-22","79",",,S","42",",,S"
"MXM00076685","HERMANOS SERDAN INTERNATIONAL, MX","2021-02-23",,,,
"MXM00076685","HERMANOS SERDAN INTERNATIONAL, MX","2021-02-24",,,,
"MXM00076685","HERMANOS SERDAN INTERNATIONAL, MX","2021-02-25",,,,
"MXM00076685","HERMANOS SERDAN INTERNATIONAL, MX","2021-02-26",,,,
"MXM00076685","HERMANOS SERDAN INTERNATIONAL, MX","2021-02-27","85",",,S","46",",,S"
"MXM00076685","HERMANOS SERDAN INTERNATIONAL, MX","2021-02-28",,,,
"MXM00076685","HERMANOS SERDAN INTERNATIONAL, MX","2021-03-01",,,,
"MXM00076685","HERMANOS SERDAN INTERNATIONAL, MX","2021-03-02","90",",,S","49",",,S"
"MXM00076685","HERMANOS SERDAN INTERNATIONAL, MX","2021-03-03",,,,
"MXM00076685","HERMANOS SERDAN INTERNATIONAL, MX","2021-03-04",,,,
"MXM00076685","HERMANOS SERDAN INTERNATIONAL, MX","2021-03-05",,,,
"MXM00076685","HERMANOS SERDAN INTERNATIONAL, MX","2021-03-06",,,,
"MXM00076685","HERMANOS SERDAN INTERNATIONAL, MX","2021-03-07",,,,
"MXM00076685","HERMANOS SERDAN INTERNATIONAL, MX","2021-03-08",,,,
"MXM00076685","HERMANOS SERDAN INTERNATIONAL, MX","2021-03-09",,,,
"MXM00076685","HERMANOS SERDAN INTERNATIONAL, MX","2021-03-10",,,,
"MXM00076685","HERMANOS SERDAN INTERNATIONAL, MX","2021-03-11","85",",,S","41",",,S"
"MXM00076685","HERMANOS SERDAN INTERNATIONAL, MX","2021-03-12","85",",,S","46",",,S"
"MXM00076685","HERMANOS SERDAN INTERNATIONAL, MX","2021-03-13",,,,
"MXM00076685","HERMANOS SERDAN INTERNATIONAL, MX","2021-03-14",,,,
"MXM00076685","HERMANOS SERDAN INTERNATIONAL, MX","2021-03-15","84",",,S","50",",,S"
"MXM00076685","HERMANOS SERDAN INTERNATIONAL, MX","2021-03-16",,,,
"MXM00076685","HERMANOS SERDAN INTERNATIONAL, MX","2021-03-17",,,,
"MXM00076685","HERMANOS SERDAN INTERNATIONAL, MX","2021-03-18","83",",,S","40",",,S"
"MXM00076685","HERMANOS SERDAN INTERNATIONAL, MX","2021-03-19",,,,
"MXM00076685","HERMANOS SERDAN INTERNATIONAL, MX","2021-03-20",,,,
"MXM00076685","HERMANOS SERDAN INTERNATIONAL, MX","2021-03-21",,,,
"MXM00076685","HERMANOS SERDAN INTERNATIONAL, MX","2021-03-22",,,,
"MXM00076685","HERMANOS SERDAN INTERNATIONAL, MX","2021-03-23",,,,
"MXM00076685","HERMANOS SERDAN INTERNATIONAL, MX","2021-03-24",,,,
"MXM00076685","HERMANOS SERDAN INTERNATIONAL, MX","2021-03-25",,,,
"MXM00076685","HERMANOS SERDAN INTERNATIONAL, MX","2021-03-26",,,,
"MXM00076685","HERMANOS SERDAN INTERNATIONAL, MX","2021-03-27",,,,
"MXM00076685","HERMANOS SERDAN INTERNATIONAL, MX","2021-03-28",,,,
"MXM00076685","HERMANOS SERDAN INTERNATIONAL, MX","2021-03-29",,,,
"MXM00076685","HERMANOS SERDAN INTERNATIONAL, MX","2021-03-30",,,,
"MXM00076685","HERMANOS SERDAN INTERNATIONAL, MX","2021-03-31",,,,
"MXM00076685","HERMANOS SERDAN INTERNATIONAL, MX","2021-04-01",,,,
"MXM00076685","HERMANOS SERDAN INTERNATIONAL, MX","2021-04-02",,,,
"MXM00076685","HERMANOS SERDAN INTERNATIONAL, MX","2021-04-03",,,,
"MXM00076685","HERMANOS SERDAN INTERNATIONAL, MX","2021-04-04",,,,
"MXM00076685","HERMANOS SERDAN INTERNATIONAL, MX","2021-04-05",,,,
"MXM00076685","HERMANOS SERDAN INTERNATIONAL, MX","2021-04-06",,,,
"MXM00076685","HERMANOS SERDAN INTERNATIONAL, MX","2021-04-07",,,,
"MXM00076685","HERMANOS SERDAN INTERNATIONAL, MX","2021-04-08",,,,
"MXM00076685","HERMANOS SERDAN INTERNATIONAL, MX","2021-04-09","86",",,S","46",",,S"
"MXM00076685","HERMANOS SERDAN INTERNATIONAL, MX","2021-04-10",,,,
"MXM00076685","HERMANOS SERDAN INTERNATIONAL, MX","2021-04-11",,,,
"MXM00076685","HERMANOS SERDAN INTERNATIONAL, MX","2021-04-12",,,,
"MXM00076685","HERMANOS SERDAN INTERNATIONAL, MX","2021-04-13",,,,
"MXM00076685","HERMANOS SERDAN INTERNATIONAL, MX","2021-04-14",,,,
"MXM00076685","HERMANOS SERDAN INTERNATIONAL, MX","2021-04-15",,,,
"MXM00076685","HERMANOS SERDAN INTERNATIONAL, MX","2021-04-16",,,,
"MXM00076685","HERMANOS SERDAN INTERNATIONAL, MX","2021-04-17","88",",,S","50",",,S"
"MXM00076685","HERMANOS SERDAN INTERNATIONAL, MX","2021-04-18","88",",,S","50",",,S"
"MXM00076685","HERMANOS SERDAN INTERNATIONAL, MX","2021-04-19",,,,
"MXM00076685","HERMANOS SERDAN INTERNATIONAL, MX","2021-04-20",,,,
"MXM00076685","HERMANOS SERDAN INTERNATIONAL, MX","2021-04-21",,,,
"MXM00076685","HERMANOS SERDAN INTERNATIONAL, MX","2021-04-22",,,,
"MXM00076685","HERMANOS SERDAN INTERNATIONAL, MX","2021-04-23",,,,
"MXM00076685","HERMANOS SERDAN INTERNATIONAL, MX","2021-04-24",,,,
"MXM00076685","HERMANOS SERDAN INTERNATIONAL, MX","2021-04-25",,,,
"MXM00076685","HERMANOS SERDAN INTERNATIONAL, MX","2021-04-26",,,,
"MXM00076685","HERMANOS SERDAN INTERNATIONAL, MX","2021-04-27",,,,
"MXM00076685","HERMANOS SERDAN INTERNATIONAL, MX","2021-04-28",,,,
"MXM00076685","HERMANOS SERDAN INTERNATIONAL, MX","2021-04-29",,,,
"MXM00076685","HERMANOS SERDAN INTERNATIONAL, MX","2021-04-30","87",",,S","54",",,S"
"MXM00076685","HERMANOS SERDAN INTERNATIONAL, MX","2021-05-01",,,,
"MXM00076685","HERMANOS SERDAN INTERNATIONAL, MX","2021-05-02",,,,
"MXM00076685","HERMANOS SERDAN INTERNATIONAL, MX","2021-05-03",,,,
"MXM00076685","HERMANOS SERDAN INTERNATIONAL, MX","2021-05-04",,,,
"MXM00076685","HERMANOS SERDAN INTERNATIONAL, MX","2021-05-05","86",",,S","55",",,S"
"MXM00076685","HERMANOS SERDAN INTERNATIONAL, MX","2021-05-06",,,,
"MXM00076685","HERMANOS SERDAN INTERNATIONAL, MX","2021-05-07",,,,
"MXM00076685","HERMANOS SERDAN INTERNATIONAL, MX","2021-05-08",,,,
"MXM00076685","HERMANOS SERDAN INTERNATIONAL, MX","2021-05-09","85",",,S","52",",,S"
"MXM00076685","HERMANOS SERDAN INTERNATIONAL, MX","2021-05-10",,,,
"MXM00076685","HERMANOS SERDAN INTERNATIONAL, MX","2021-05-11","81",",,S","57",",,S"
"MXM00076685","HERMANOS SERDAN INTERNATIONAL, MX","2021-05-12",,,,
"MXM00076685","HERMANOS SERDAN INTERNATIONAL, MX","2021-05-13",,,,
"MXM00076685","HERMANOS SERDAN INTERNATIONAL, MX","2021-05-14","76",",,S","54",",,S"
"MXM00076685","HERMANOS SERDAN INTERNATIONAL, MX","2021-05-15",,,,
"MXM00076685","HERMANOS SERDAN INTERNATIONAL, MX","2021-05-16","81",",,S","55",",,S"
"MXM00076685","HERMANOS SERDAN INTERNATIONAL, MX","2021-05-17",,,,
"MXM00076685","HERMANOS SERDAN INTERNATIONAL, MX","2021-05-18",,,,
"MXM00076685","HERMANOS SERDAN INTERNATIONAL, MX","2021-05-19","80",",,S","53",",,S"
"MXM00076685","HERMANOS SERDAN INTERNATIONAL, MX","2021-05-20",,,,
"MXM00076685","HERMANOS SERDAN INTERNATIONAL, MX","2021-05-21",,,,
"MXM00076685","HERMANOS SERDAN INTERNATIONAL, MX","2021-05-22",,,,
"MXM00076685","HERMANOS SERDAN INTERNATIONAL, MX","2021-05-23","81",",,S","49",",,S"
"MXM00076685","HERMANOS SERDAN INTERNATIONAL, MX","2021-05-24","82",",,S","53",",,S"
"MXM00076685","HERMANOS SERDAN INTERNATIONAL, MX","2021-05-25",,,,
"MXM00076685","HERMANOS SERDAN INTERNATIONAL, MX","2021-05-26","81",",,S","55",",,S"
"MXM00076685","HERMANOS SERDAN INTERNATIONAL, MX","2021-05-27",,,,
"MXM00076685","HERMANOS SERDAN INTERNATIONAL, MX","2021-05-28",,,,
"MXM00076685","HERMANOS SERDAN INTERNATIONAL, MX","2021-05-29",,,,
"MXM00076685","HERMANOS SERDAN INTERNATIONAL, MX","2021-05-30",,,,
"MXM00076685","HERMANOS SERDAN INTERNATIONAL, MX","2021-05-31",,,,
"MXM00076685","HERMANOS SERDAN INTERNATIONAL, MX","2021-06-01",,,,
"MXM00076685","HERMANOS SERDAN INTERNATIONAL, MX","2021-06-02",,,,
"MXM00076685","HERMANOS SERDAN INTERNATIONAL, MX","2021-06-03",,,,
"MXM00076685","HERMANOS SERDAN INTERNATIONAL, MX","2021-06-04",,,,
"MXM00076685","HERMANOS SERDAN INTERNATIONAL, MX","2021-06-05",,,,
"MXM00076685","HERMANOS SERDAN INTERNATIONAL, MX","2021-06-06",,,,
"MXM00076685","HERMANOS SERDAN INTERNATIONAL, MX","2021-06-07",,,,
"MXM00076685","HERMANOS SERDAN INTERNATIONAL, MX","2021-06-08",,,,
"MXM00076685","HERMANOS SERDAN INTERNATIONAL, MX","2021-06-09",,,,
"MXM00076685","HERMANOS SERDAN INTERNATIONAL, MX","2021-06-10",,,,
"MXM00076685","HERMANOS SERDAN INTERNATIONAL, MX","2021-06-11",,,,
"MXM00076685","HERMANOS SERDAN INTERNATIONAL, MX","2021-06-12",,,,
"MXM00076685","HERMANOS SERDAN INTERNATIONAL, MX","2021-06-13",,,,
"MXM00076685","HERMANOS SERDAN INTERNATIONAL, MX","2021-06-14",,,,
"MXM00076685","HERMANOS SERDAN INTERNATIONAL, MX","2021-06-15",,,,
"MXM00076685","HERMANOS SERDAN INTERNATIONAL, MX","2021-06-16",,,,
"MXM00076685","HERMANOS SERDAN INTERNATIONAL, MX","2021-06-17",,,,
"MXM00076685","HERMANOS SERDAN INTERNATIONAL, MX","2021-06-18",,,,
"MXM00076685","HERMANOS SERDAN INTERNATIONAL, MX","2021-06-19",,,,
"MXM00076685","HERMANOS SERDAN INTERNATIONAL, MX","2021-06-20",,,,
"MXM00076685","HERMANOS SERDAN INTERNATIONAL, MX","2021-06-21",,,,
"MXM00076685","HERMANOS SERDAN INTERNATIONAL, MX","2021-06-22",,,,
"MXM00076685","HERMANOS SERDAN INTERNATIONAL, MX","2021-06-23",,,,
"MXM00076685","HERMANOS SERDAN INTERNATIONAL, MX","2021-06-24",,,,
"MXM00076685","HERMANOS SERDAN INTERNATIONAL, MX","2021-06-25",,,,
"MXM00076685","HERMANOS SERDAN INTERNATIONAL, MX","2021-06-26",,,,
"MXM00076685","HERMANOS SERDAN INTERNATIONAL, MX","2021-06-27",,,,
"MXM00076685","HERMANOS SERDAN INTERNATIONAL, MX","2021-06-28",,,,
"MXM00076685","HERMANOS SERDAN INTERNATIONAL, MX","2021-06-29",,,,
"MXM00076685","HERMANOS SERDAN INTERNATIONAL, MX","2021-06-30",,,,
"MXM00076685","HERMANOS SERDAN INTERNATIONAL, MX","2021-07-01",,,,
"MXM00076685","HERMANOS SERDAN INTERNATIONAL, MX","2021-07-02",,,,
"MXM00076685","HERMANOS SERDAN INTERNATIONAL, MX","2021-07-03",,,,
"MXM00076685","HERMANOS SERDAN INTERNATIONAL, MX","2021-07-04",,,,
"MXM00076685","HERMANOS SERDAN INTERNATIONAL, MX","2021-07-05",,,,
"MXM00076685","HERMANOS SERDAN INTERNATIONAL, MX","2021-07-06",,,,
"MXM00076685","HERMANOS SERDAN INTERNATIONAL, MX","2021-07-07",,,,
"MXM00076685","HERMANOS SERDAN INTERNATIONAL, MX","2021-07-08",,,,
"MXM00076685","HERMANOS SERDAN INTERNATIONAL, MX","2021-07-09",,,,
"MXM00076685","HERMANOS SERDAN INTERNATIONAL, MX","2021-07-10",,,,
"MXM00076685","HERMANOS SERDAN INTERNATIONAL, MX","2021-07-11",,,,
"MXM00076685","HERMANOS SERDAN INTERNATIONAL, MX","2021-07-12",,,,
"MXM00076685","HERMANOS SERDAN INTERNATIONAL, MX","2021-07-13","80",",,S","48",",,S"
"MXM00076685","HERMANOS SERDAN INTERNATIONAL, MX","2021-07-14",,,,
"MXM00076685","HERMANOS SERDAN INTERNATIONAL, MX","2021-07-15","78",",,S","51",",,S"
"MXM00076685","HERMANOS SERDAN INTERNATIONAL, MX","2021-07-16",,,,
"MXM00076685","HERMANOS SERDAN INTERNATIONAL, MX","2021-07-17",,,,
"MXM00076685","HERMANOS SERDAN INTERNATIONAL, MX","2021-07-18",,,,
"MXM00076685","HERMANOS SERDAN INTERNATIONAL, MX","2021-07-19",,,,
"MXM00076685","HERMANOS SERDAN INTERNATIONAL, MX","2021-07-20",,,,
"MXM00076685","HERMANOS SERDAN INTERNATIONAL, MX","2021-07-22",,,,
"MXM00076685","HERMANOS SERDAN INTERNATIONAL, MX","2021-07-23",,,,
"MXM00076685","HERMANOS SERDAN INTERNATIONAL, MX","2021-07-24",,,,
"MXM00076685","HERMANOS SERDAN INTERNATIONAL, MX","2021-07-25",,,,
"MXM00076685","HERMANOS SERDAN INTERNATIONAL, MX","2021-07-26",,,,
"MXM00076685","HERMANOS SERDAN INTERNATIONAL, MX","2021-07-27",,,,
"MXM00076685","HERMANOS SERDAN INTERNATIONAL, MX","2021-07-28",,,,
"MXM00076685","HERMANOS SERDAN INTERNATIONAL, MX","2021-07-29",,,,
"MXM00076685","HERMANOS SERDAN INTERNATIONAL, MX","2021-07-30","80",",,S","55",",,S"
"MXM00076685","HERMANOS SERDAN INTERNATIONAL, MX","2021-07-31",,,,
"MXM00076685","HERMANOS SERDAN INTERNATIONAL, MX","2021-08-01","78",",,S","50",",,S"
"MXM00076685","HERMANOS SERDAN INTERNATIONAL, MX","2021-08-02",,,,
"MXM00076685","HERMANOS SERDAN INTERNATIONAL, MX","2021-08-03",,,,
"MXM00076685","HERMANOS SERDAN INTERNATIONAL, MX","2021-08-04",,,,
"MXM00076685","HERMANOS SERDAN INTERNATIONAL, MX","2021-08-05",,,,
"MXM00076685","HERMANOS SERDAN INTERNATIONAL, MX","2021-08-06","79",",,S","50",",,S"
"MXM00076685","HERMANOS SERDAN INTERNATIONAL, MX","2021-08-07","80",",,S","50",",,S"
"MXM00076685","HERMANOS SERDAN INTERNATIONAL, MX","2021-08-08","80",",,S","53",",,S"
"MXM00076685","HERMANOS SERDAN INTERNATIONAL, MX","2021-08-09",,,,
"MXM00076685","HERMANOS SERDAN INTERNATIONAL, MX","2021-08-10",,,,
"MXM00076685","HERMANOS SERDAN INTERNATIONAL, MX","2021-08-11",,,,
"MXM00076685","HERMANOS SERDAN INTERNATIONAL, MX","2021-08-12",,,,
"MXM00076685","HERMANOS SERDAN INTERNATIONAL, MX","2021-08-13",,,,
"MXM00076685","HERMANOS SERDAN INTERNATIONAL, MX","2021-08-14",,,,
"MXM00076685","HERMANOS SERDAN INTERNATIONAL, MX","2021-08-15",,,,
"MXM00076685","HERMANOS SERDAN INTERNATIONAL, MX","2021-08-16",,,,
"MXM00076685","HERMANOS SERDAN INTERNATIONAL, MX","2021-08-17",,,,
"MXM00076685","HERMANOS SERDAN INTERNATIONAL, MX","2021-08-18",,,,
"MXM00076685","HERMANOS SERDAN INTERNATIONAL, MX","2021-08-19",,,,
"MXM00076685","HERMANOS SERDAN INTERNATIONAL, MX","2021-08-20",,,,
"MXM00076685","HERMANOS SERDAN INTERNATIONAL, MX","2021-08-21",,,,
"MXM00076685","HERMANOS SERDAN INTERNATIONAL, MX","2021-08-22",,,,
"MXM00076685","HERMANOS SERDAN INTERNATIONAL, MX","2021-08-23",,,,
"MXM00076685","HERMANOS SERDAN INTERNATIONAL, MX","2021-08-24",,,,
"MXM00076685","HERMANOS SERDAN INTERNATIONAL, MX","2021-08-25",,,,
"MXM00076685","HERMANOS SERDAN INTERNATIONAL, MX","2021-08-26",,,,
"MXM00076685","HERMANOS SERDAN INTERNATIONAL, MX","2021-08-27",,,,
"MXM00076685","HERMANOS SERDAN INTERNATIONAL, MX","2021-08-28",,,,
"MXM00076685","HERMANOS SERDAN INTERNATIONAL, MX","2021-08-29",,,,
"MXM00076685","HERMANOS SERDAN INTERNATIONAL, MX","2021-08-30",,,,
"MXM00076685","HERMANOS SERDAN INTERNATIONAL, MX","2021-08-31",,,,
"MXM00076685","HERMANOS SERDAN INTERNATIONAL, MX","2021-09-01",,,,
"MXM00076685","HERMANOS SERDAN INTERNATIONAL, MX","2021-09-02",,,,
"MXM00076685","HERMANOS SERDAN INTERNATIONAL, MX","2021-09-03",,,,
"MXM00076685","HERMANOS SERDAN INTERNATIONAL, MX","2021-09-04",,,,
"MXM00076685","HERMANOS SERDAN INTERNATIONAL, MX","2021-09-05",,,,
"MXM00076685","HERMANOS SERDAN INTERNATIONAL, MX","2021-09-06",,,,
"MXM00076685","HERMANOS SERDAN INTERNATIONAL, MX","2021-09-07",,,,
"MXM00076685","HERMANOS SERDAN INTERNATIONAL, MX","2021-09-08",,,,
"MXM00076685","HERMANOS SERDAN INTERNATIONAL, MX","2021-09-09",,,,
"MXM00076685","HERMANOS SERDAN INTERNATIONAL, MX","2021-09-10",,,,
"MXM00076685","HERMANOS SERDAN INTERNATIONAL, MX","2021-09-11",,,,
"MXM00076685","HERMANOS SERDAN INTERNATIONAL, MX","2021-09-12",,,,
"MXM00076685","HERMANOS SERDAN INTERNATIONAL, MX","2021-09-13",,,,
"MXM00076685","HERMANOS SERDAN INTERNATIONAL, MX","2021-09-14",,,,
"MXM00076685","HERMANOS SERDAN INTERNATIONAL, MX","2021-09-15",,,,
"MXM00076685","HERMANOS SERDAN INTERNATIONAL, MX","2021-09-16",,,,
"MXM00076685","HERMANOS SERDAN INTERNATIONAL, MX","2021-09-17",,,,
"MXM00076685","HERMANOS SERDAN INTERNATIONAL, MX","2021-09-18",,,,
"MXM00076685","HERMANOS SERDAN INTERNATIONAL, MX","2021-09-19",,,,
"MXM00076685","HERMANOS SERDAN INTERNATIONAL, MX","2021-09-20",,,,
"MXM00076685","HERMANOS SERDAN INTERNATIONAL, MX","2021-09-21",,,,
"MXM00076685","HERMANOS SERDAN INTERNATIONAL, MX","2021-09-22",,,,
"MXM00076685","HERMANOS SERDAN INTERNATIONAL, MX","2021-09-23",,,,
"MXM00076685","HERMANOS SERDAN INTERNATIONAL, MX","2021-09-24",,,,
"MXM00076685","HERMANOS SERDAN INTERNATIONAL, MX","2021-09-26",,,,
"MXM00076685","HERMANOS SERDAN INTERNATIONAL, MX","2021-09-28",,,,
"MXM00076685","HERMANOS SERDAN INTERNATIONAL, MX","2021-09-29",,,,
"MXM00076685","HERMANOS SERDAN INTERNATIONAL, MX","2021-09-30",,,,
"MXM00076685","HERMANOS SERDAN INTERNATIONAL, MX","2021-10-01",,,,
"MXM00076685","HERMANOS SERDAN INTERNATIONAL, MX","2021-10-02",,,,
"MXM00076685","HERMANOS SERDAN INTERNATIONAL, MX","2021-10-03",,,,
"MXM00076685","HERMANOS SERDAN INTERNATIONAL, MX","2021-10-04",,,,
"MXM00076685","HERMANOS SERDAN INTERNATIONAL, MX","2021-10-05",,,,
"MXM00076685","HERMANOS SERDAN INTERNATIONAL, MX","2021-10-06",,,,
"MXM00076685","HERMANOS SERDAN INTERNATIONAL, MX","2021-10-07",,,,
"MXM00076685","HERMANOS SERDAN INTERNATIONAL, MX","2021-10-08",,,,
"MXM00076685","HERMANOS SERDAN INTERNATIONAL, MX","2021-10-09",,,,
"MXM00076685","HERMANOS SERDAN INTERNATIONAL, MX","2021-10-10","78",",,S","51",",,S"
"MXM00076685","HERMANOS SERDAN INTERNATIONAL, MX","2021-10-11",,,,
"MXM00076685","HERMANOS SERDAN INTERNATIONAL, MX","2021-10-12",,,,
"MXM00076685","HERMANOS SERDAN INTERNATIONAL, MX","2021-10-13",,,,
"MXM00076685","HERMANOS SERDAN INTERNATIONAL, MX","2021-10-14",,,,
"MXM00076685","HERMANOS SERDAN INTERNATIONAL, MX","2021-10-15",,,,
"MXM00076685","HERMANOS SERDAN INTERNATIONAL, MX","2021-10-16",,,,
"MXM00076685","HERMANOS SERDAN INTERNATIONAL, MX","2021-10-17",,,,
"MXM00076685","HERMANOS SERDAN INTERNATIONAL, MX","2021-10-18",,,,
"MXM00076685","HERMANOS SERDAN INTERNATIONAL, MX","2021-10-19",,,,
"MXM00076685","HERMANOS SERDAN INTERNATIONAL, MX","2021-10-20",,,,
"MXM00076685","HERMANOS SERDAN INTERNATIONAL, MX","2021-10-21",,,,
"MXM00076685","HERMANOS SERDAN INTERNATIONAL, MX","2021-10-22",,,,
"MXM00076685","HERMANOS SERDAN INTERNATIONAL, MX","2021-10-23",,,,
"MXM00076685","HERMANOS SERDAN INTERNATIONAL, MX","2021-10-24",,,,
"MXM00076685","HERMANOS SERDAN INTERNATIONAL, MX","2021-10-25",,,,
"MXM00076685","HERMANOS SERDAN INTERNATIONAL, MX","2021-10-26",,,,
"MXM00076685","HERMANOS SERDAN INTERNATIONAL, MX","2021-10-27",,,,
"MXM00076685","HERMANOS SERDAN INTERNATIONAL, MX","2021-10-28",,,,
"MXM00076685","HERMANOS SERDAN INTERNATIONAL, MX","2021-10-29",,,,
"MXM00076685","HERMANOS SERDAN INTERNATIONAL, MX","2021-10-30",,,,
"MXM00076685","HERMANOS SERDAN INTERNATIONAL, MX","2021-10-31",,,,
"MXM00076685","HERMANOS SERDAN INTERNATIONAL, MX","2021-11-01",,,,
"MXM00076685","HERMANOS SERDAN INTERNATIONAL, MX","2021-11-02",,,,
"MXM00076685","HERMANOS SERDAN INTERNATIONAL, MX","2021-11-03",,,,
"MXM00076685","HERMANOS SERDAN INTERNATIONAL, MX","2021-11-04",,,,
"MXM00076685","HERMANOS SERDAN INTERNATIONAL, MX","2021-11-05",,,,
"MXM00076685","HERMANOS SERDAN INTERNATIONAL, MX","2021-11-06",,,,
"MXM00076685","HERMANOS SERDAN INTERNATIONAL, MX","2021-11-07",,,,
"MXM00076685","HERMANOS SERDAN INTERNATIONAL, MX","2021-11-08",,,,
"MXM00076685","HERMANOS SERDAN INTERNATIONAL, MX","2021-11-09",,,,
"MXM00076685","HERMANOS SERDAN INTERNATIONAL, MX","2021-11-10",,,,
"MXM00076685","HERMANOS SERDAN INTERNATIONAL, MX","2021-11-11",,,,
"MXM00076685","HERMANOS SERDAN INTERNATIONAL, MX","2021-11-12",,,,
"MXM00076685","HERMANOS SERDAN INTERNATIONAL, MX","2021-11-13",,,,
"MXM00076685","HERMANOS SERDAN INTERNATIONAL, MX","2021-11-14",,,,
"MXM00076685","HERMANOS SERDAN INTERNATIONAL, MX","2021-11-15",,,,
"MXM00076685","HERMANOS SERDAN INTERNATIONAL, MX","2021-11-16",,,,
"MXM00076685","HERMANOS SERDAN INTERNATIONAL, MX","2021-11-17",,,,
"MXM00076685","HERMANOS SERDAN INTERNATIONAL, MX","2021-11-18",,,,
"MXM00076685","HERMANOS SERDAN INTERNATIONAL, MX","2021-11-19","76",",,S","42",",,S"
"MXM00076685","HERMANOS SERDAN INTERNATIONAL, MX","2021-11-20",,,,
"MXM00076685","HERMANOS SERDAN INTERNATIONAL, MX","2021-11-21",,,,
"MXM00076685","HERMANOS SERDAN INTERNATIONAL, MX","2021-11-22",,,,
"MXM00076685","HERMANOS SERDAN INTERNATIONAL, MX","2021-11-23",,,,
"MXM00076685","HERMANOS SERDAN INTERNATIONAL, MX","2021-11-24",,,,
"MXM00076685","HERMANOS SERDAN INTERNATIONAL, MX","2021-11-25",,,,
"MXM00076685","HERMANOS SERDAN INTERNATIONAL, MX","2021-11-26",,,,
"MXM00076685","HERMANOS SERDAN INTERNATIONAL, MX","2021-11-27",,,,
"MXM00076685","HERMANOS SERDAN INTERNATIONAL, MX","2021-11-28",,,,
"MXM00076685","HERMANOS SERDAN INTERNATIONAL, MX","2021-11-29",,,,
"MXM00076685","HERMANOS SERDAN INTERNATIONAL, MX","2021-11-30",,,,
"MXM00076685","HERMANOS SERDAN INTERNATIONAL, MX","2021-12-01",,,,
"MXM00076685","HERMANOS SERDAN INTERNATIONAL, MX","2021-12-02",,,,
"MXM00076685","HERMANOS SERDAN INTERNATIONAL, MX","2021-12-03",,,,
"MXM00076685","HERMANOS SERDAN INTERNATIONAL, MX","2021-12-04",,,,
"MXM00076685","HERMANOS SERDAN INTERNATIONAL, MX","2021-12-05",,,,
"MXM00076685","HERMANOS SERDAN INTERNATIONAL, MX","2021-12-06",,,,
"MXM00076685","HERMANOS SERDAN INTERNATIONAL, MX","2021-12-07",,,,
"MXM00076685","HERMANOS SERDAN INTERNATIONAL, MX","2021-12-08",,,,
"MXM00076685","HERMANOS SERDAN INTERNATIONAL, MX","2021-12-09",,,,
"MXM00076685","HERMANOS SERDAN INTERNATIONAL, MX","2021-12-10",,,,
"MXM00076685","HERMANOS SERDAN INTERNATIONAL, MX","2021-12-11",,,,
"MXM00076685","HERMANOS SERDAN INTERNATIONAL, MX","2021-12-12",,,,
"MXM00076685","HERMANOS SERDAN INTERNATIONAL, MX","2021-12-13",,,,
"MXM00076685","HERMANOS SERDAN INTERNATIONAL, MX","2021-12-14",,,,
"MXM00076685","HERMANOS SERDAN INTERNATIONAL, MX","2021-12-15",,,,
"MXM00076685","HERMANOS SERDAN INTERNATIONAL, MX","2021-12-16",,,,
"MXM00076685","HERMANOS SERDAN INTERNATIONAL, MX","2021-12-17",,,,
"MXM00076685","HERMANOS SERDAN INTERNATIONAL, MX","2021-12-18",,,,
"MXM00076685","HERMANOS SERDAN INTERNATIONAL, MX","2021-12-19",,,,
"MXM00076685","HERMANOS SERDAN INTERNATIONAL, MX","2021-12-20",,,,
"MXM00076685","HERMANOS SERDAN INTERNATIONAL, MX","2021-12-21",,,,
"MXM00076685","HERMANOS SERDAN INTERNATIONAL, MX","2021-12-22",,,,
"MXM00076685","HERMANOS SERDAN INTERNATIONAL, MX","2021-12-23",,,,
"MXM00076685","HERMANOS SERDAN INTERNATIONAL, MX","2021-12-24","81",",,S","41",",,S"
"MXM00076685","HERMANOS SERDAN INTERNATIONAL, MX","2021-12-25",,,,
"MXM00076685","HERMANOS SERDAN INTERNATIONAL, MX","2021-12-26",,,,
"MXM00076685","HERMANOS SERDAN INTERNATIONAL, MX","2021-12-27",,,,
"MXM00076685","HERMANOS SERDAN INTERNATIONAL, MX","2021-12-28",,,,
"MXM00076685","HERMANOS SERDAN INTERNATIONAL, MX","2021-12-29",,,,
"MXM00076685","HERMANOS SERDAN INTERNATIONAL, MX","2021-12-30",,,,
"MXM00076685","HERMANOS SERDAN INTERNATIONAL, MX","2021-12-31",,,,
"MXM00076685","HERMANOS SERDAN INTERNATIONAL, MX","2022-01-01","76",",,S","41",",,S"
"MXM00076685","HERMANOS SERDAN INTERNATIONAL, MX","2022-01-02",,,,
"MXM00076685","HERMANOS SERDAN INTERNATIONAL, MX","2022-01-03",,,,
"MXM00076685","HERMANOS SERDAN INTERNATIONAL, MX","2022-01-04",,,,
"MXM00076685","HERMANOS SERDAN INTERNATIONAL, MX","2022-01-05",,,,
"MXM00076685","HERMANOS SERDAN INTERNATIONAL, MX","2022-01-06","78",",,S","43",",,S"
"MXM00076685","HERMANOS SERDAN INTERNATIONAL, MX","2022-01-07",,,,
"MXM00076685","HERMANOS SERDAN INTERNATIONAL, MX","2022-01-08",,,,
"MXM00076685","HERMANOS SERDAN INTERNATIONAL, MX","2022-01-09",,,,
"MXM00076685","HERMANOS SERDAN INTERNATIONAL, MX","2022-01-10",,,,
"MXM00076685","HERMANOS SERDAN INTERNATIONAL, MX","2022-01-11",,,,
"MXM00076685","HERMANOS SERDAN INTERNATIONAL, MX","2022-01-12",,,,
"MXM00076685","HERMANOS SERDAN INTERNATIONAL, MX","2022-01-13",,,,
"MXM00076685","HERMANOS SERDAN INTERNATIONAL, MX","2022-01-14",,,,
"MXM00076685","HERMANOS SERDAN INTERNATIONAL, MX","2022-01-15",,,,
"MXM00076685","HERMANOS SERDAN INTERNATIONAL, MX","2022-01-16",,,,
"MXM00076685","HERMANOS SERDAN INTERNATIONAL, MX","2022-01-17",,,,
"MXM00076685","HERMANOS SERDAN INTERNATIONAL, MX","2022-01-18",,,,
"MXM00076685","HERMANOS SERDAN INTERNATIONAL, MX","2022-01-19",,,,
"MXM00076685","HERMANOS SERDAN INTERNATIONAL, MX","2022-01-20",,,,
"MXM00076685","HERMANOS SERDAN INTERNATIONAL, MX","2022-01-21","76",",,S","45",",,S"
"MXM00076685","HERMANOS SERDAN INTERNATIONAL, MX","2022-01-22",,,,
"MXM00076685","HERMANOS SERDAN INTERNATIONAL, MX","2022-01-23",,,,
"MXM00076685","HERMANOS SERDAN INTERNATIONAL, MX","2022-01-24","74",",,S","44",",,S"
"MXM00076685","HERMANOS SERDAN INTERNATIONAL, MX","2022-01-25",,,,
"MXM00076685","HERMANOS SERDAN INTERNATIONAL, MX","2022-01-26",,,,
"MXM00076685","HERMANOS SERDAN INTERNATIONAL, MX","2022-01-27",,,,
"MXM00076685","HERMANOS SERDAN INTERNATIONAL, MX","2022-01-28",,,,
"MXM00076685","HERMANOS SERDAN INTERNATIONAL, MX","2022-01-29",,,,
"MXM00076685","HERMANOS SERDAN INTERNATIONAL, MX","2022-01-30",,,,
"MXM00076685","HERMANOS SERDAN INTERNATIONAL, MX","2022-01-31",,,,
"MXM00076685","HERMANOS SERDAN INTERNATIONAL, MX","2022-02-01","74",",,S","44",",,S"
"MXM00076685","HERMANOS SERDAN INTERNATIONAL, MX","2022-02-02",,,,
"MXM00076685","HERMANOS SERDAN INTERNATIONAL, MX","2022-02-03",,,,
"MXM00076685","HERMANOS SERDAN INTERNATIONAL, MX","2022-02-04",,,,
"MXM00076685","HERMANOS SERDAN INTERNATIONAL, MX","2022-02-05",,,,
"MXM00076685","HERMANOS SERDAN INTERNATIONAL, MX","2022-02-06",,,,
"MXM00076685","HERMANOS SERDAN INTERNATIONAL, MX","2022-02-07",,,,
"MXM00076685","HERMANOS SERDAN INTERNATIONAL, MX","2022-02-08",,,,
"MXM00076685","HERMANOS SERDAN INTERNATIONAL, MX","2022-02-09",,,,
"MXM00076685","HERMANOS SERDAN INTERNATIONAL, MX","2022-02-10",,,,
"MXM00076685","HERMANOS SERDAN INTERNATIONAL, MX","2022-02-11",,,,
"MXM00076685","HERMANOS SERDAN INTERNATIONAL, MX","2022-02-12",,,,
"MXM00076685","HERMANOS SERDAN INTERNATIONAL, MX","2022-02-13",,,,
"MXM00076685","HERMANOS SERDAN INTERNATIONAL, MX","2022-02-14",,,,
"MXM00076685","HERMANOS SERDAN INTERNATIONAL, MX","2022-02-15","75",",,S","45",",,S"
"MXM00076685","HERMANOS SERDAN INTERNATIONAL, MX","2022-02-16",,,,
"MXM00076685","HERMANOS SERDAN INTERNATIONAL, MX","2022-02-17",,,,
"MXM00076685","HERMANOS SERDAN INTERNATIONAL, MX","2022-02-18",,,,
"MXM00076685","HERMANOS SERDAN INTERNATIONAL, MX","2022-02-19",,,,
"MXM00076685","HERMANOS SERDAN INTERNATIONAL, MX","2022-02-20",,,,
"MXM00076685","HERMANOS SERDAN INTERNATIONAL, MX","2022-02-21",,,,
"MXM00076685","HERMANOS SERDAN INTERNATIONAL, MX","2022-02-22",,,,
"MXM00076685","HERMANOS SERDAN INTERNATIONAL, MX","2022-02-23",,,,
"MXM00076685","HERMANOS SERDAN INTERNATIONAL, MX","2022-02-24",,,,
"MXM00076685","HERMANOS SERDAN INTERNATIONAL, MX","2022-02-25",,,,
"MXM00076685","HERMANOS SERDAN INTERNATIONAL, MX","2022-02-26",,,,
"MXM00076685","HERMANOS SERDAN INTERNATIONAL, MX","2022-02-27",,,,
"MXM00076685","HERMANOS SERDAN INTERNATIONAL, MX","2022-02-28",,,,
"MXM00076685","HERMANOS SERDAN INTERNATIONAL, MX","2022-03-01",,,,
"MXM00076685","HERMANOS SERDAN INTERNATIONAL, MX","2022-03-02",,,,
"MXM00076685","HERMANOS SERDAN INTERNATIONAL, MX","2022-03-03",,,,
"MXM00076685","HERMANOS SERDAN INTERNATIONAL, MX","2022-03-04",,,,
"MXM00076685","HERMANOS SERDAN INTERNATIONAL, MX","2022-03-05",,,,
"MXM00076685","HERMANOS SERDAN INTERNATIONAL, MX","2022-03-06",,,,
"MXM00076685","HERMANOS SERDAN INTERNATIONAL, MX","2022-03-07",,,,
"MXM00076685","HERMANOS SERDAN INTERNATIONAL, MX","2022-03-08",,,,
"MXM00076685","HERMANOS SERDAN INTERNATIONAL, MX","2022-03-09",,,,
"MXM00076685","HERMANOS SERDAN INTERNATIONAL, MX","2022-03-10",,,,
"MXM00076685","HERMANOS SERDAN INTERNATIONAL, MX","2022-03-11",,,,
"MXM00076685","HERMANOS SERDAN INTERNATIONAL, MX","2022-03-12",,,,
"MXM00076685","HERMANOS SERDAN INTERNATIONAL, MX","2022-03-13",,,,
"MXM00076685","HERMANOS SERDAN INTERNATIONAL, MX","2022-03-14",,,,
"MXM00076685","HERMANOS SERDAN INTERNATIONAL, MX","2022-03-15",,,,
"MXM00076685","HERMANOS SERDAN INTERNATIONAL, MX","2022-03-16",,,,
"MXM00076685","HERMANOS SERDAN INTERNATIONAL, MX","2022-03-17",,,,
"MXM00076685","HERMANOS SERDAN INTERNATIONAL, MX","2022-03-18",,,,
"MXM00076685","HERMANOS SERDAN INTERNATIONAL, MX","2022-03-19",,,,
"MXM00076685","HERMANOS SERDAN INTERNATIONAL, MX","2022-03-20",,,,
"MXM00076685","HERMANOS SERDAN INTERNATIONAL, MX","2022-03-21",,,,
"MXM00076685","HERMANOS SERDAN INTERNATIONAL, MX","2022-03-22",,,,
"MXM00076685","HERMANOS SERDAN INTERNATIONAL, MX","2022-03-23",,,,
"MXM00076685","HERMANOS SERDAN INTERNATIONAL, MX","2022-03-24",,,,
"MXM00076685","HERMANOS SERDAN INTERNATIONAL, MX","2022-03-25",,,,
"MXM00076685","HERMANOS SERDAN INTERNATIONAL, MX","2022-03-26",,,,
"MXM00076685","HERMANOS SERDAN INTERNATIONAL, MX","2022-03-27",,,,
"MXM00076685","HERMANOS SERDAN INTERNATIONAL, MX","2022-03-28",,,,
"MXM00076685","HERMANOS SERDAN INTERNATIONAL, MX","2022-03-29",,,,
"MXM00076685","HERMANOS SERDAN INTERNATIONAL, MX","2022-03-30",,,,
"MXM00076685","HERMANOS SERDAN INTERNATIONAL, MX","2022-03-31",,,,
"MXM00076685","HERMANOS SERDAN INTERNATIONAL, MX","2022-04-01",,,,
"MXM00076685","HERMANOS SERDAN INTERNATIONAL, MX","2022-04-02",,,,
"MXM00076685","HERMANOS SERDAN INTERNATIONAL, MX","2022-04-03",,,,
"MXM00076685","HERMANOS SERDAN INTERNATIONAL, MX","2022-04-04",,,,
"MXM00076685","HERMANOS SERDAN INTERNATIONAL, MX","2022-04-05","85",",,S","55",",,S"
"MXM00076685","HERMANOS SERDAN INTERNATIONAL, MX","2022-04-06",,,,
"MXM00076685","HERMANOS SERDAN INTERNATIONAL, MX","2022-04-07",,,,
"MXM00076685","HERMANOS SERDAN INTERNATIONAL, MX","2022-04-08",,,,
"MXM00076685","HERMANOS SERDAN INTERNATIONAL, MX","2022-04-09",,,,
"MXM00076685","HERMANOS SERDAN INTERNATIONAL, MX","2022-04-10",,,,
"MXM00076685","HERMANOS SERDAN INTERNATIONAL, MX","2022-04-11",,,,
"MXM00076685","HERMANOS SERDAN INTERNATIONAL, MX","2022-04-12",,,,
"MXM00076685","HERMANOS SERDAN INTERNATIONAL, MX","2022-04-13",,,,
"MXM00076685","HERMANOS SERDAN INTERNATIONAL, MX","2022-04-14",,,,
"MXM00076685","HERMANOS SERDAN INTERNATIONAL, MX","2022-04-15",,,,
"MXM00076685","HERMANOS SERDAN INTERNATIONAL, MX","2022-04-16",,,,
"MXM00076685","HERMANOS SERDAN INTERNATIONAL, MX","2022-04-17",,,,
"MXM00076685","HERMANOS SERDAN INTERNATIONAL, MX","2022-04-18",,,,
"MXM00076685","HERMANOS SERDAN INTERNATIONAL, MX","2022-04-19",,,,
"MXM00076685","HERMANOS SERDAN INTERNATIONAL, MX","2022-04-20",,,,
"MXM00076685","HERMANOS SERDAN INTERNATIONAL, MX","2022-04-21","86",",,S","53",",,S"
"MXM00076685","HERMANOS SERDAN INTERNATIONAL, MX","2022-04-22",,,,
"MXM00076685","HERMANOS SERDAN INTERNATIONAL, MX","2022-04-23",,,,
"MXM00076685","HERMANOS SERDAN INTERNATIONAL, MX","2022-04-24",,,,
"MXM00076685","HERMANOS SERDAN INTERNATIONAL, MX","2022-04-25",,,,
"MXM00076685","HERMANOS SERDAN INTERNATIONAL, MX","2022-04-26",,,,
"MXM00076685","HERMANOS SERDAN INTERNATIONAL, MX","2022-04-27",,,,
"MXM00076685","HERMANOS SERDAN INTERNATIONAL, MX","2022-04-28",,,,
"MXM00076685","HERMANOS SERDAN INTERNATIONAL, MX","2022-04-29",,,,
"MXM00076685","HERMANOS SERDAN INTERNATIONAL, MX","2022-04-30",,,,
"MXM00076685","HERMANOS SERDAN INTERNATIONAL, MX","2022-05-01",,,,
"MXM00076685","HERMANOS SERDAN INTERNATIONAL, MX","2022-05-02",,,,
"MXM00076685","HERMANOS SERDAN INTERNATIONAL, MX","2022-05-03",,,,
"MXM00076685","HERMANOS SERDAN INTERNATIONAL, MX","2022-05-04",,,,
"MXM00076685","HERMANOS SERDAN INTERNATIONAL, MX","2022-05-05",,,,
"MXM00076685","HERMANOS SERDAN INTERNATIONAL, MX","2022-05-06",,,,
"MXM00076685","HERMANOS SERDAN INTERNATIONAL, MX","2022-05-07",,,,
"MXM00076685","HERMANOS SERDAN INTERNATIONAL, MX","2022-05-08",,,,
"MXM00076685","HERMANOS SERDAN INTERNATIONAL, MX","2022-05-09",,,,
"MXM00076685","HERMANOS SERDAN INTERNATIONAL, MX","2022-05-10",,,,
"MXM00076685","HERMANOS SERDAN INTERNATIONAL, MX","2022-05-11",,,,
"MXM00076685","HERMANOS SERDAN INTERNATIONAL, MX","2022-05-12",,,,
"MXM00076685","HERMANOS SERDAN INTERNATIONAL, MX","2022-05-13",,,,
"MXM00076685","HERMANOS SERDAN INTERNATIONAL, MX","2022-05-14",,,,
"MXM00076685","HERMANOS SERDAN INTERNATIONAL, MX","2022-05-15",,,,
"MXM00076685","HERMANOS SERDAN INTERNATIONAL, MX","2022-05-16",,,,
"MXM00076685","HERMANOS SERDAN INTERNATIONAL, MX","2022-05-17",,,,
"MXM00076685","HERMANOS SERDAN INTERNATIONAL, MX","2022-05-18",,,,
"MXM00076685","HERMANOS SERDAN INTERNATIONAL, MX","2022-05-19",,,,
"MXM00076685","HERMANOS SERDAN INTERNATIONAL, MX","2022-05-20",,,,
"MXM00076685","HERMANOS SERDAN INTERNATIONAL, MX","2022-05-21",,,,
"MXM00076685","HERMANOS SERDAN INTERNATIONAL, MX","2022-05-22",,,,
"MXM00076685","HERMANOS SERDAN INTERNATIONAL, MX","2022-05-23",,,,
"MXM00076685","HERMANOS SERDAN INTERNATIONAL, MX","2022-05-24",,,,
"MXM00076685","HERMANOS SERDAN INTERNATIONAL, MX","2022-05-25",,,,
"MXM00076685","HERMANOS SERDAN INTERNATIONAL, MX","2022-05-26",,,,
"MXM00076685","HERMANOS SERDAN INTERNATIONAL, MX","2022-05-27",,,,
"MXM00076685","HERMANOS SERDAN INTERNATIONAL, MX","2022-05-28",,,,
"MXM00076685","HERMANOS SERDAN INTERNATIONAL, MX","2022-05-29",,,,
"MXM00076685","HERMANOS SERDAN INTERNATIONAL, MX","2022-05-30",,,,
"MXM00076685","HERMANOS SERDAN INTERNATIONAL, MX","2022-05-31",,,,
"MXM00076685","HERMANOS SERDAN INTERNATIONAL, MX","2022-06-01",,,,
"MXM00076685","HERMANOS SERDAN INTERNATIONAL, MX","2022-06-02",,,,
"MXM00076685","HERMANOS SERDAN INTERNATIONAL, MX","2022-06-03",,,,
"MXM00076685","HERMANOS SERDAN INTERNATIONAL, MX","2022-06-04",,,,
"MXM00076685","HERMANOS SERDAN INTERNATIONAL, MX","2022-06-05",,,,
"MXM00076685","HERMANOS SERDAN INTERNATIONAL, MX","2022-06-06","86",",,S","53",",,S"
"MXM00076685","HERMANOS SERDAN INTERNATIONAL, MX","2022-06-07","84",",,S","58",",,S"
"MXM00076685","HERMANOS SERDAN INTERNATIONAL, MX","2022-06-08",,,,
"MXM00076685","HERMANOS SERDAN INTERNATIONAL, MX","2022-06-09","79",",,S","57",",,S"
"MXM00076685","HERMANOS SERDAN INTERNATIONAL, MX","2022-06-10",,,,
"MXM00076685","HERMANOS SERDAN INTERNATIONAL, MX","2022-06-11",,,,
"MXM00076685","HERMANOS SERDAN INTERNATIONAL, MX","2022-06-12",,,,
"MXM00076685","HERMANOS SERDAN INTERNATIONAL, MX","2022-06-13",,,,
"MXM00076685","HERMANOS SERDAN INTERNATIONAL, MX","2022-06-14","77",",,S","55",",,S"
"MXM00076685","HERMANOS SERDAN INTERNATIONAL, MX","2022-06-15",,,,
"MXM00076685","HERMANOS SERDAN INTERNATIONAL, MX","2022-06-16",,,,
"MXM00076685","HERMANOS SERDAN INTERNATIONAL, MX","2022-06-17",,,,
"MXM00076685","HERMANOS SERDAN INTERNATIONAL, MX","2022-06-18","77",",,S","50",",,S"
"MXM00076685","HERMANOS SERDAN INTERNATIONAL, MX","2022-06-19",,,,
"MXM00076685","HERMANOS SERDAN INTERNATIONAL, MX","2022-06-20",,,,
"MXM00076685","HERMANOS SERDAN INTERNATIONAL, MX","2022-06-21",,,,
"MXM00076685","HERMANOS SERDAN INTERNATIONAL, MX","2022-06-22",,,,
"MXM00076685","HERMANOS SERDAN INTERNATIONAL, MX","2022-06-23",,,,
"MXM00076685","HERMANOS SERDAN INTERNATIONAL, MX","2022-06-24",,,,
"MXM00076685","HERMANOS SERDAN INTERNATIONAL, MX","2022-06-25","80",",,S","51",",,S"
"MXM00076685","HERMANOS SERDAN INTERNATIONAL, MX","2022-06-26",,,,
"MXM00076685","HERMANOS SERDAN INTERNATIONAL, MX","2022-06-27",,,,
"MXM00076685","HERMANOS SERDAN INTERNATIONAL, MX","2022-06-28",,,,
"MXM00076685","HERMANOS SERDAN INTERNATIONAL, MX","2022-06-29",,,,
"MXM00076685","HERMANOS SERDAN INTERNATIONAL, MX","2022-06-30",,,,
"MXM00076685","HERMANOS SERDAN INTERNATIONAL, MX","2022-07-01",,,,
"MXM00076685","HERMANOS SERDAN INTERNATIONAL, MX","2022-07-02",,,,
"MXM00076685","HERMANOS SERDAN INTERNATIONAL, MX","2022-07-03",,,,
"MXM00076685","HERMANOS SERDAN INTERNATIONAL, MX","2022-07-04",,,,
"MXM00076685","HERMANOS SERDAN INTERNATIONAL, MX","2022-07-05",,,,
"MXM00076685","HERMANOS SERDAN INTERNATIONAL, MX","2022-07-06",,,,
"MXM00076685","HERMANOS SERDAN INTERNATIONAL, MX","2022-07-07","80",",,S","55",",,S"
"MXM00076685","HERMANOS SERDAN INTERNATIONAL, MX","2022-07-08",,,,
"MXM00076685","HERMANOS SERDAN INTERNATIONAL, MX","2022-07-09",,,,
"MXM00076685","HERMANOS SERDAN INTERNATIONAL, MX","2022-07-10",,,,
"MXM00076685","HERMANOS SERDAN INTERNATIONAL, MX","2022-07-11",,,,
"MXM00076685","HERMANOS SERDAN INTERNATIONAL, MX","2022-07-12",,,,
"MXM00076685","HERMANOS SERDAN INTERNATIONAL, MX","2022-07-13",,,,
"MXM00076685","HERMANOS SERDAN INTERNATIONAL, MX","2022-07-14",,,,
"MXM00076685","HERMANOS SERDAN INTERNATIONAL, MX","2022-07-15",,,,
"MXM00076685","HERMANOS SERDAN INTERNATIONAL, MX","2022-07-16",,,,
"MXM00076685","HERMANOS SERDAN INTERNATIONAL, MX","2022-07-17",,,,
"MXM00076685","HERMANOS SERDAN INTERNATIONAL, MX","2022-07-18",,,,
"MXM00076685","HERMANOS SERDAN INTERNATIONAL, MX","2022-07-19",,,,
"MXM00076685","HERMANOS SERDAN INTERNATIONAL, MX","2022-07-20","81",",,S","53",",,S"
"MXM00076685","HERMANOS SERDAN INTERNATIONAL, MX","2022-07-21",,,,
"MXM00076685","HERMANOS SERDAN INTERNATIONAL, MX","2022-07-22",,,,
"MXM00076685","HERMANOS SERDAN INTERNATIONAL, MX","2022-07-23",,,,
"MXM00076685","HERMANOS SERDAN INTERNATIONAL, MX","2022-07-24",,,,
"MXM00076685","HERMANOS SERDAN INTERNATIONAL, MX","2022-07-25",,,,
"MXM00076685","HERMANOS SERDAN INTERNATIONAL, MX","2022-07-26",,,,
"MXM00076685","HERMANOS SERDAN INTERNATIONAL, MX","2022-07-27",,,,
"MXM00076685","HERMANOS SERDAN INTERNATIONAL, MX","2022-07-28",,,,
"MXM00076685","HERMANOS SERDAN INTERNATIONAL, MX","2022-07-29","78",",,S","52",",,S"
"MXM00076685","HERMANOS SERDAN INTERNATIONAL, MX","2022-07-30",,,,
"MXM00076685","HERMANOS SERDAN INTERNATIONAL, MX","2022-07-31",,,,
"MXM00076685","HERMANOS SERDAN INTERNATIONAL, MX","2022-08-01","74",",,S","50",",,S"
"MXM00076685","HERMANOS SERDAN INTERNATIONAL, MX","2022-08-02",,,,
"MXM00076685","HERMANOS SERDAN INTERNATIONAL, MX","2022-08-03",,,,
"MXM00076685","HERMANOS SERDAN INTERNATIONAL, MX","2022-08-04",,,,
"MXM00076685","HERMANOS SERDAN INTERNATIONAL, MX","2022-08-05",,,,
"MXM00076685","HERMANOS SERDAN INTERNATIONAL, MX","2022-08-06",,,,
"MXM00076685","HERMANOS SERDAN INTERNATIONAL, MX","2022-08-07","82",",,S","51",",,S"
"MXM00076685","HERMANOS SERDAN INTERNATIONAL, MX","2022-08-08",,,,
"MXM00076685","HERMANOS SERDAN INTERNATIONAL, MX","2022-08-09",,,,
"MXM00076685","HERMANOS SERDAN INTERNATIONAL, MX","2022-08-10",,,,
"MXM00076685","HERMANOS SERDAN INTERNATIONAL, MX","2022-08-11",,,,
"MXM00076685","HERMANOS SERDAN INTERNATIONAL, MX","2022-08-12",,,,
"MXM00076685","HERMANOS SERDAN INTERNATIONAL, MX","2022-08-13",,,,
"MXM00076685","HERMANOS SERDAN INTERNATIONAL, MX","2022-08-14",,,,
"MXM00076685","HERMANOS SERDAN INTERNATIONAL, MX","2022-08-15","76",",,S","55",",,S"
"MXM00076685","HERMANOS SERDAN INTERNATIONAL, MX","2022-08-16",,,,
"MXM00076685","HERMANOS SERDAN INTERNATIONAL, MX","2022-08-17",,,,
"MXM00076685","HERMANOS SERDAN INTERNATIONAL, MX","2022-08-18","77",",,S","53",",,S"
"MXM00076685","HERMANOS SERDAN INTERNATIONAL, MX","2022-08-19",,,,
"MXM00076685","HERMANOS SERDAN INTERNATIONAL, MX","2022-08-20",,,,
"MXM00076685","HERMANOS SERDAN INTERNATIONAL, MX","2022-08-21",,,,
"MXM00076685","HERMANOS SERDAN INTERNATIONAL, MX","2022-08-22",,,,
"MXM00076685","HERMANOS SERDAN INTERNATIONAL, MX","2022-08-23",,,,
"MXM00076685","HERMANOS SERDAN INTERNATIONAL, MX","2022-08-24",,,,
"MXM00076685","HERMANOS SERDAN INTERNATIONAL, MX","2022-08-25",,,,
"MXM00076685","HERMANOS SERDAN INTERNATIONAL, MX","2022-08-26",,,,
"MXM00076685","HERMANOS SERDAN INTERNATIONAL, MX","2022-08-27","79",",,S","51",",,S"
"MXM00076685","HERMANOS SERDAN INTERNATIONAL, MX","2022-08-28",,,,
"MXM00076685","HERMANOS SERDAN INTERNATIONAL, MX","2022-08-29",,,,
"MXM00076685","HERMANOS SERDAN INTERNATIONAL, MX","2022-08-30",,,,
"MXM00076685","HERMANOS SERDAN INTERNATIONAL, MX","2022-08-31","79",",,S","54",",,S"
"MXM00076685","HERMANOS SERDAN INTERNATIONAL, MX","2022-09-01",,,,
"MXM00076685","HERMANOS SERDAN INTERNATIONAL, MX","2022-09-02","80",",,S","53",",,S"
"MXM00076685","HERMANOS SERDAN INTERNATIONAL, MX","2022-09-03","78",",,S","55",",,S"
"MXM00076685","HERMANOS SERDAN INTERNATIONAL, MX","2022-09-04","80",",,S","55",",,S"
"MXM00076685","HERMANOS SERDAN INTERNATIONAL, MX","2022-09-05",,,,
"MXM00076685","HERMANOS SERDAN INTERNATIONAL, MX","2022-09-06",,,,
"MXM00076685","HERMANOS SERDAN INTERNATIONAL, MX","2022-09-07",,,,
"MXM00076685","HERMANOS SERDAN INTERNATIONAL, MX","2022-09-08",,,,
"MXM00076685","HERMANOS SERDAN INTERNATIONAL, MX","2022-09-09",,,,
"MXM00076685","HERMANOS SERDAN INTERNATIONAL, MX","2022-09-10",,,,
"MXM00076685","HERMANOS SERDAN INTERNATIONAL, MX","2022-09-11",,,,
"MXM00076685","HERMANOS SERDAN INTERNATIONAL, MX","2022-09-12",,,,
"MXM00076685","HERMANOS SERDAN INTERNATIONAL, MX","2022-09-13",,,,
"MXM00076685","HERMANOS SERDAN INTERNATIONAL, MX","2022-09-14",,,,
"MXM00076685","HERMANOS SERDAN INTERNATIONAL, MX","2022-09-15","74",",,S","51",",,S"
"MXM00076685","HERMANOS SERDAN INTERNATIONAL, MX","2022-09-16","74",",,S","54",",,S"
"MXM00076685","HERMANOS SERDAN INTERNATIONAL, MX","2022-09-17",,,,
"MXM00076685","HERMANOS SERDAN INTERNATIONAL, MX","2022-09-18","73",",,S","53",",,S"
"MXM00076685","HERMANOS SERDAN INTERNATIONAL, MX","2022-09-19",,,,
"MXM00076685","HERMANOS SERDAN INTERNATIONAL, MX","2022-09-20",,,,
"MXM00076685","HERMANOS SERDAN INTERNATIONAL, MX","2022-09-21",,,,
"MXM00076685","HERMANOS SERDAN INTERNATIONAL, MX","2022-09-22",,,,
"MXM00076685","HERMANOS SERDAN INTERNATIONAL, MX","2022-09-23",,,,
"MXM00076685","HERMANOS SERDAN INTERNATIONAL, MX","2022-09-24",,,,
"MXM00076685","HERMANOS SERDAN INTERNATIONAL, MX","2022-09-25",,,,
"MXM00076685","HERMANOS SERDAN INTERNATIONAL, MX","2022-09-26",,,,
"MXM00076685","HERMANOS SERDAN INTERNATIONAL, MX","2022-09-27",,,,
"MXM00076685","HERMANOS SERDAN INTERNATIONAL, MX","2022-09-28",,,,
"MXM00076685","HERMANOS SERDAN INTERNATIONAL, MX","2022-09-29",,,,
"MXM00076685","HERMANOS SERDAN INTERNATIONAL, MX","2022-09-30",,,,
"MXM00076685","HERMANOS SERDAN INTERNATIONAL, MX","2022-10-01",,,,
"MXM00076685","HERMANOS SERDAN INTERNATIONAL, MX","2022-10-02",,,,
"MXM00076685","HERMANOS SERDAN INTERNATIONAL, MX","2022-10-03",,,,
"MXM00076685","HERMANOS SERDAN INTERNATIONAL, MX","2022-10-04",,,,
"MXM00076685","HERMANOS SERDAN INTERNATIONAL, MX","2022-10-05","78",",,S","50",",,S"
"MXM00076685","HERMANOS SERDAN INTERNATIONAL, MX","2022-10-06",,,,
"MXM00076685","HERMANOS SERDAN INTERNATIONAL, MX","2022-10-07",,,,
"MXM00076685","HERMANOS SERDAN INTERNATIONAL, MX","2022-10-08",,,,
"MXM00076685","HERMANOS SERDAN INTERNATIONAL, MX","2022-10-09","76",",,S","50",",,S"
"MXM00076685","HERMANOS SERDAN INTERNATIONAL, MX","2022-10-10","76",",,S","50",",,S"
"MXM00076685","HERMANOS SERDAN INTERNATIONAL, MX","2022-10-11",,,,
"MXM00076685","HERMANOS SERDAN INTERNATIONAL, MX","2022-10-12",,,,
"MXM00076685","HERMANOS SERDAN INTERNATIONAL, MX","2022-10-13",,,,
"MXM00076685","HERMANOS SERDAN INTERNATIONAL, MX","2022-10-14",,,,
"MXM00076685","HERMANOS SERDAN INTERNATIONAL, MX","2022-10-15",,,,
"MXM00076685","HERMANOS SERDAN INTERNATIONAL, MX","2022-10-16",,,,
"MXM00076685","HERMANOS SERDAN INTERNATIONAL, MX","2022-10-17",,,,
"MXM00076685","HERMANOS SERDAN INTERNATIONAL, MX","2022-10-18",,,,
"MXM00076685","HERMANOS SERDAN INTERNATIONAL, MX","2022-10-19",,,,
"MXM00076685","HERMANOS SERDAN INTERNATIONAL, MX","2022-10-20",,,,
"MXM00076685","HERMANOS SERDAN INTERNATIONAL, MX","2022-10-21","73",",,S","50",",,S"
"MXM00076685","HERMANOS SERDAN INTERNATIONAL, MX","2022-10-22","74",",,S","48",",,S"
"MXM00076685","HERMANOS SERDAN INTERNATIONAL, MX","2022-10-23",,,,
"MXM00076685","HERMANOS SERDAN INTERNATIONAL, MX","2022-10-24",,,,
"MXM00076685","HERMANOS SERDAN INTERNATIONAL, MX","2022-10-25",,,,
"MXM00076685","HERMANOS SERDAN INTERNATIONAL, MX","2022-10-26",,,,
"MXM00076685","HERMANOS SERDAN INTERNATIONAL, MX","2022-10-27",,,,
"MXM00076685","HERMANOS SERDAN INTERNATIONAL, MX","2022-10-28",,,,
"MXM00076685","HERMANOS SERDAN INTERNATIONAL, MX","2022-10-29",,,,
"MXM00076685","HERMANOS SERDAN INTERNATIONAL, MX","2022-10-30",,,,
"MXM00076685","HERMANOS SERDAN INTERNATIONAL, MX","2022-10-31",,,,
"MXM00076685","HERMANOS SERDAN INTERNATIONAL, MX","2022-11-01",,,,
"MXM00076685","HERMANOS SERDAN INTERNATIONAL, MX","2022-11-02",,,,
"MXM00076685","HERMANOS SERDAN INTERNATIONAL, MX","2022-11-03",,,,
"MXM00076685","HERMANOS SERDAN INTERNATIONAL, MX","2022-11-04",,,,
"MXM00076685","HERMANOS SERDAN INTERNATIONAL, MX","2022-11-05",,,,
"MXM00076685","HERMANOS SERDAN INTERNATIONAL, MX","2022-11-06",,,,
"MXM00076685","HERMANOS SERDAN INTERNATIONAL, MX","2022-11-07",,,,
"MXM00076685","HERMANOS SERDAN INTERNATIONAL, MX","2022-11-08","78",",,S","43",",,S"
"MXM00076685","HERMANOS SERDAN INTERNATIONAL, MX","2022-11-09",,,,
"MXM00076685","HERMANOS SERDAN INTERNATIONAL, MX","2022-11-10","78",",,S","45",",,S"
"MXM00076685","HERMANOS SERDAN INTERNATIONAL, MX","2022-11-11",,,,
"MXM00076685","HERMANOS SERDAN INTERNATIONAL, MX","2022-11-12",,,,
"MXM00076685","HERMANOS SERDAN INTERNATIONAL, MX","2022-11-13",,,,
"MXM00076685","HERMANOS SERDAN INTERNATIONAL, MX","2022-11-14",,,,
"MXM00076685","HERMANOS SERDAN INTERNATIONAL, MX","2022-11-15",,,,
"MXM00076685","HERMANOS SERDAN INTERNATIONAL, MX","2022-11-16",,,,
"MXM00076685","HERMANOS SERDAN INTERNATIONAL, MX","2022-11-17",,,,
"MXM00076685","HERMANOS SERDAN INTERNATIONAL, MX","2022-11-18",,,,
"MXM00076685","HERMANOS SERDAN INTERNATIONAL, MX","2022-11-19",,,,
"MXM00076685","HERMANOS SERDAN INTERNATIONAL, MX","2022-11-20",,,,
"MXM00076685","HERMANOS SERDAN INTERNATIONAL, MX","2022-11-21","75",",,S","45",",,S"
"MXM00076685","HERMANOS SERDAN INTERNATIONAL, MX","2022-11-22",,,,
"MXM00076685","HERMANOS SERDAN INTERNATIONAL, MX","2022-11-23",,,,
"MXM00076685","HERMANOS SERDAN INTERNATIONAL, MX","2022-11-24",,,,
"MXM00076685","HERMANOS SERDAN INTERNATIONAL, MX","2022-11-25",,,,
"MXM00076685","HERMANOS SERDAN INTERNATIONAL, MX","2022-11-26",,,,
"MXM00076685","HERMANOS SERDAN INTERNATIONAL, MX","2022-11-27",,,,
"MXM00076685","HERMANOS SERDAN INTERNATIONAL, MX","2022-11-28",,,,
"MXM00076685","HERMANOS SERDAN INTERNATIONAL, MX","2022-11-29",,,,
"MXM00076685","HERMANOS SERDAN INTERNATIONAL, MX","2022-11-30","80",",,S","46",",,S"
"MXM00076685","HERMANOS SERDAN INTERNATIONAL, MX","2022-12-01","80",",,S","46",",,S"
"MXM00076685","HERMANOS SERDAN INTERNATIONAL, MX","2022-12-02",,,,
"MXM00076685","HERMANOS SERDAN INTERNATIONAL, MX","2022-12-03",,,,
"MXM00076685","HERMANOS SERDAN INTERNATIONAL, MX","2022-12-04",,,,
"MXM00076685","HERMANOS SERDAN INTERNATIONAL, MX","2022-12-05",,,,
"MXM00076685","HERMANOS SERDAN INTERNATIONAL, MX","2022-12-06",,,,
"MXM00076685","HERMANOS SERDAN INTERNATIONAL, MX","2022-12-07",,,,
"MXM00076685","HERMANOS SERDAN INTERNATIONAL, MX","2022-12-08",,,,
"MXM00076685","HERMANOS SERDAN INTERNATIONAL, MX","2022-12-09","74",",,S","36",",,S"
"MXM00076685","HERMANOS SERDAN INTERNATIONAL, MX","2022-12-10","75",",,S","41",",,S"
"MXM00076685","HERMANOS SERDAN INTERNATIONAL, MX","2022-12-11",,,,
"MXM00076685","HERMANOS SERDAN INTERNATIONAL, MX","2022-12-12",,,,
"MXM00076685","HERMANOS SERDAN INTERNATIONAL, MX","2022-12-13","76",",,S","42",",,S"
"MXM00076685","HERMANOS SERDAN INTERNATIONAL, MX","2022-12-14",,,,
"MXM00076685","HERMANOS SERDAN INTERNATIONAL, MX","2022-12-15",,,,
"MXM00076685","HERMANOS SERDAN INTERNATIONAL, MX","2022-12-16",,,,
"MXM00076685","HERMANOS SERDAN INTERNATIONAL, MX","2022-12-17","74",",,S","41",",,S"
"MXM00076685","HERMANOS SERDAN INTERNATIONAL, MX","2022-12-18",,,,
"MXM00076685","HERMANOS SERDAN INTERNATIONAL, MX","2022-12-19",,,,
"MXM00076685","HERMANOS SERDAN INTERNATIONAL, MX","2022-12-20","77",",,S","41",",,S"
"MXM00076685","HERMANOS SERDAN INTERNATIONAL, MX","2022-12-21","78",",,S","42",",,S"
"MXM00076685","HERMANOS SERDAN INTERNATIONAL, MX","2022-12-22",,,,
"MXM00076685","HERMANOS SERDAN INTERNATIONAL, MX","2022-12-23","76",",,S","41",",,S"
"MXM00076685","HERMANOS SERDAN INTERNATIONAL, MX","2022-12-24",,,,
"MXM00076685","HERMANOS SERDAN INTERNATIONAL, MX","2022-12-25","68",",,S","40",",,S"
"MXM00076685","HERMANOS SERDAN INTERNATIONAL, MX","2022-12-26",,,,
"MXM00076685","HERMANOS SERDAN INTERNATIONAL, MX","2022-12-27","70",",,S","41",",,S"
"MXM00076685","HERMANOS SERDAN INTERNATIONAL, MX","2022-12-28",,,,
"MXM00076685","HERMANOS SERDAN INTERNATIONAL, MX","2022-12-29",,,,
"MXM00076685","HERMANOS SERDAN INTERNATIONAL, MX","2022-12-30",,,,
"MXM00076685","HERMANOS SERDAN INTERNATIONAL, MX","2022-12-31",,,,
"MXM00076685","HERMANOS SERDAN INTERNATIONAL, MX","2023-01-01",,,,
"MXM00076685","HERMANOS SERDAN INTERNATIONAL, MX","2023-01-02",,,,
"MXM00076685","HERMANOS SERDAN INTERNATIONAL, MX","2023-01-03","71",",,S","42",",,S"
"MXM00076685","HERMANOS SERDAN INTERNATIONAL, MX","2023-01-04",,,,
"MXM00076685","HERMANOS SERDAN INTERNATIONAL, MX","2023-01-05",,,,
"MXM00076685","HERMANOS SERDAN INTERNATIONAL, MX","2023-01-06",,,,
"MXM00076685","HERMANOS SERDAN INTERNATIONAL, MX","2023-01-07",,,,
"MXM00076685","HERMANOS SERDAN INTERNATIONAL, MX","2023-01-08",,,,
"MXM00076685","HERMANOS SERDAN INTERNATIONAL, MX","2023-01-09","77",",,S","38",",,S"
"MXM00076685","HERMANOS SERDAN INTERNATIONAL, MX","2023-01-10","74",",,S","38",",,S"
"MXM00076685","HERMANOS SERDAN INTERNATIONAL, MX","2023-01-11","76",",,S","39",",,S"
"MXM00076685","HERMANOS SERDAN INTERNATIONAL, MX","2023-01-12",,,,
"MXM00076685","HERMANOS SERDAN INTERNATIONAL, MX","2023-01-13","77",",,S","40",",,S"
"MXM00076685","HERMANOS SERDAN INTERNATIONAL, MX","2023-01-14",,,,
"MXM00076685","HERMANOS SERDAN INTERNATIONAL, MX","2023-01-15",,,,
"MXM00076685","HERMANOS SERDAN INTERNATIONAL, MX","2023-01-16","75",",,S","34",",,S"
"MXM00076685","HERMANOS SERDAN INTERNATIONAL, MX","2023-01-17","74",",,S","36",",,S"
"MXM00076685","HERMANOS SERDAN INTERNATIONAL, MX","2023-01-18",,,,
"MXM00076685","HERMANOS SERDAN INTERNATIONAL, MX","2023-01-19",,,,
"MXM00076685","HERMANOS SERDAN INTERNATIONAL, MX","2023-01-20",,,,
"MXM00076685","HERMANOS SERDAN INTERNATIONAL, MX","2023-01-21",,,,
"MXM00076685","HERMANOS SERDAN INTERNATIONAL, MX","2023-01-22","75",",,S","41",",,S"
"MXM00076685","HERMANOS SERDAN INTERNATIONAL, MX","2023-01-23","75",",,S","42",",,S"
"MXM00076685","HERMANOS SERDAN INTERNATIONAL, MX","2023-01-24",,,,
"MXM00076685","HERMANOS SERDAN INTERNATIONAL, MX","2023-01-25",,,,
"MXM00076685","HERMANOS SERDAN INTERNATIONAL, MX","2023-01-26",,,,
"MXM00076685","HERMANOS SERDAN INTERNATIONAL, MX","2023-01-27",,,,
"MXM00076685","HERMANOS SERDAN INTERNATIONAL, MX","2023-01-28",,,,
"MXM00076685","HERMANOS SERDAN INTERNATIONAL, MX","2023-01-29",,,,
"MXM00076685","HERMANOS SERDAN INTERNATIONAL, MX","2023-01-30",,,,
"MXM00076685","HERMANOS SERDAN INTERNATIONAL, MX","2023-01-31",,,,
"MXM00076685","HERMANOS SERDAN INTERNATIONAL, MX","2023-02-01",,,,
"MXM00076685","HERMANOS SERDAN INTERNATIONAL, MX","2023-02-02",,,,
"MXM00076685","HERMANOS SERDAN INTERNATIONAL, MX","2023-02-03",,,,
"MXM00076685","HERMANOS SERDAN INTERNATIONAL, MX","2023-02-04",,,,
"MXM00076685","HERMANOS SERDAN INTERNATIONAL, MX","2023-02-05",,,,
"MXM00076685","HERMANOS SERDAN INTERNATIONAL, MX","2023-02-06",,,,
"MXM00076685","HERMANOS SERDAN INTERNATIONAL, MX","2023-02-07",,,,
"MXM00076685","HERMANOS SERDAN INTERNATIONAL, MX","2023-02-08",,,,
"MXM00076685","HERMANOS SERDAN INTERNATIONAL, MX","2023-02-09",,,,
"MXM00076685","HERMANOS SERDAN INTERNATIONAL, MX","2023-02-10",,,,
"MXM00076685","HERMANOS SERDAN INTERNATIONAL, MX","2023-02-11",,,,
"MXM00076685","HERMANOS SERDAN INTERNATIONAL, MX","2023-02-12",,,,
"MXM00076685","HERMANOS SERDAN INTERNATIONAL, MX","2023-02-13",,,,
"MXM00076685","HERMANOS SERDAN INTERNATIONAL, MX","2023-02-14",,,,
"MXM00076685","HERMANOS SERDAN INTERNATIONAL, MX","2023-02-15",,,,
"MXM00076685","HERMANOS SERDAN INTERNATIONAL, MX","2023-02-16",,,,
"MXM00076685","HERMANOS SERDAN INTERNATIONAL, MX","2023-02-17",,,,
"MXM00076685","HERMANOS SERDAN INTERNATIONAL, MX","2023-02-18",,,,
"MXM00076685","HERMANOS SERDAN INTERNATIONAL, MX","2023-02-19","77",",,S","41",",,S"
"MXM00076685","HERMANOS SERDAN INTERNATIONAL, MX","2023-02-20",,,,
"MXM00076685","HERMANOS SERDAN INTERNATIONAL, MX","2023-02-21",,,,
"MXM00076685","HERMANOS SERDAN INTERNATIONAL, MX","2023-02-22",,,,
"MXM00076685","HERMANOS SERDAN INTERNATIONAL, MX","2023-02-23",,,,
"MXM00076685","HERMANOS SERDAN INTERNATIONAL, MX","2023-02-24",,,,
"MXM00076685","HERMANOS SERDAN INTERNATIONAL, MX","2023-02-25",,,,
"MXM00076685","HERMANOS SERDAN INTERNATIONAL, MX","2023-02-26",,,,
"MXM00076685","HERMANOS SERDAN INTERNATIONAL, MX","2023-02-27","86",",,S","46",",,S"
"MXM00076685","HERMANOS SERDAN INTERNATIONAL, MX","2023-02-28",,,,
"MXM00076685","HERMANOS SERDAN INTERNATIONAL, MX","2023-03-01","88",",,S","47",",,S"
"MXM00076685","HERMANOS SERDAN INTERNATIONAL, MX","2023-03-02",,,,
"MXM00076685","HERMANOS SERDAN INTERNATIONAL, MX","2023-03-03",,,,
"MXM00076685","HERMANOS SERDAN INTERNATIONAL, MX","2023-03-04",,,,
"MXM00076685","HERMANOS SERDAN INTERNATIONAL, MX","2023-03-05",,,,
"MXM00076685","HERMANOS SERDAN INTERNATIONAL, MX","2023-03-06","86",",,S","48",",,S"
"MXM00076685","HERMANOS SERDAN INTERNATIONAL, MX","2023-03-07",,,,
"MXM00076685","HERMANOS SERDAN INTERNATIONAL, MX","2023-03-08","86",",,S","44",",,S"
"MXM00076685","HERMANOS SERDAN INTERNATIONAL, MX","2023-03-09","85",",,S","46",",,S"
"MXM00076685","HERMANOS SERDAN INTERNATIONAL, MX","2023-03-10",,,,
"MXM00076685","HERMANOS SERDAN INTERNATIONAL, MX","2023-03-11",,,,
"MXM00076685","HERMANOS SERDAN INTERNATIONAL, MX","2023-03-12",,,,
"MXM00076685","HERMANOS SERDAN INTERNATIONAL, MX","2023-03-13",,,,
"MXM00076685","HERMANOS SERDAN INTERNATIONAL, MX","2023-03-14",,,,
"MXM00076685","HERMANOS SERDAN INTERNATIONAL, MX","2023-03-15",,,,
"MXM00076685","HERMANOS SERDAN INTERNATIONAL, MX","2023-03-16",,,,
"MXM00076685","HERMANOS SERDAN INTERNATIONAL, MX","2023-03-17","77",",,S","45",",,S"
"MXM00076685","HERMANOS SERDAN INTERNATIONAL, MX","2023-03-18",,,,
"MXM00076685","HERMANOS SERDAN INTERNATIONAL, MX","2023-03-19","76",",,S","51",",,S"
"MXM00076685","HERMANOS SERDAN INTERNATIONAL, MX","2023-03-20",,,,
"MXM00076685","HERMANOS SERDAN INTERNATIONAL, MX","2023-03-21",,,,
"MXM00076685","HERMANOS SERDAN INTERNATIONAL, MX","2023-03-22",,,,
"MXM00076685","HERMANOS SERDAN INTERNATIONAL, MX","2023-03-23",,,,
"MXM00076685","HERMANOS SERDAN INTERNATIONAL, MX","2023-03-24",,,,
"MXM00076685","HERMANOS SERDAN INTERNATIONAL, MX","2023-03-25","85",",,S","52",",,S"
"MXM00076685","HERMANOS SERDAN INTERNATIONAL, MX","2023-03-26",,,,
"MXM00076685","HERMANOS SERDAN INTERNATIONAL, MX","2023-03-27",,,,
"MXM00076685","HERMANOS SERDAN INTERNATIONAL, MX","2023-03-28",,,,
"MXM00076685","HERMANOS SERDAN INTERNATIONAL, MX","2023-03-29",,,,
"MXM00076685","HERMANOS SERDAN INTERNATIONAL, MX","2023-03-30",,,,
"MXM00076685","HERMANOS SERDAN INTERNATIONAL, MX","2023-03-31",,,,
"MXM00076685","HERMANOS SERDAN INTERNATIONAL, MX","2023-04-01",,,,
"MXM00076685","HERMANOS SERDAN INTERNATIONAL, MX","2023-04-02",,,,
"MXM00076685","HERMANOS SERDAN INTERNATIONAL, MX","2023-04-03",,,,
"MXM00076685","HERMANOS SERDAN INTERNATIONAL, MX","2023-04-04",,,,
"MXM00076685","HERMANOS SERDAN INTERNATIONAL, MX","2023-04-05",,,,
"MXM00076685","HERMANOS SERDAN INTERNATIONAL, MX","2023-04-06",,,,
"MXM00076685","HERMANOS SERDAN INTERNATIONAL, MX","2023-04-07",,,,
"MXM00076685","HERMANOS SERDAN INTERNATIONAL, MX","2023-04-08",,,,
"MXM00076685","HERMANOS SERDAN INTERNATIONAL, MX","2023-04-09",,,,
"MXM00076685","HERMANOS SERDAN INTERNATIONAL, MX","2023-04-10",,,,
"MXM00076685","HERMANOS SERDAN INTERNATIONAL, MX","2023-04-11",,,,
"MXM00076685","HERMANOS SERDAN INTERNATIONAL, MX","2023-04-12",,,,
"MXM00076685","HERMANOS SERDAN INTERNATIONAL, MX","2023-04-13",,,,
"MXM00076685","HERMANOS SERDAN INTERNATIONAL, MX","2023-04-14",,,,
"MXM00076685","HERMANOS SERDAN INTERNATIONAL, MX","2023-04-15",,,,
"MXM00076685","HERMANOS SERDAN INTERNATIONAL, MX","2023-04-16",,,,
"MXM00076685","HERMANOS SERDAN INTERNATIONAL, MX","2023-04-17",,,,
"MXM00076685","HERMANOS SERDAN INTERNATIONAL, MX","2023-04-18",,,,
"MXM00076685","HERMANOS SERDAN INTERNATIONAL, MX","2023-04-19",,,,
"MXM00076685","HERMANOS SERDAN INTERNATIONAL, MX","2023-04-20",,,,
"MXM00076685","HERMANOS SERDAN INTERNATIONAL, MX","2023-04-21",,,,
"MXM00076685","HERMANOS SERDAN INTERNATIONAL, MX","2023-04-22",,,,
"MXM00076685","HERMANOS SERDAN INTERNATIONAL, MX","2023-04-23",,,,
"MXM00076685","HERMANOS SERDAN INTERNATIONAL, MX","2023-04-24",,,,
"MXM00076685","HERMANOS SERDAN INTERNATIONAL, MX","2023-04-25",,,,
"MXM00076685","HERMANOS SERDAN INTERNATIONAL, MX","2023-04-26",,,,
"MXM00076685","HERMANOS SERDAN INTERNATIONAL, MX","2023-04-27",,,,
"MXM00076685","HERMANOS SERDAN INTERNATIONAL, MX","2023-04-28",,,,
"MXM00076685","HERMANOS SERDAN INTERNATIONAL, MX","2023-04-29",,,,
"MXM00076685","HERMANOS SERDAN INTERNATIONAL, MX","2023-04-30",,,,
"MXM00076685","HERMANOS SERDAN INTERNATIONAL, MX","2023-05-01",,,,
"MXM00076685","HERMANOS SERDAN INTERNATIONAL, MX","2023-05-02",,,,
"MXM00076685","HERMANOS SERDAN INTERNATIONAL, MX","2023-05-03",,,,
"MXM00076685","HERMANOS SERDAN INTERNATIONAL, MX","2023-05-04",,,,
"MXM00076685","HERMANOS SERDAN INTERNATIONAL, MX","2023-05-05",,,,
"MXM00076685","HERMANOS SERDAN INTERNATIONAL, MX","2023-05-06",,,,
"MXM00076685","HERMANOS SERDAN INTERNATIONAL, MX","2023-05-07",,,,
"MXM00076685","HERMANOS SERDAN INTERNATIONAL, MX","2023-05-08",,,,
"MXM00076685","HERMANOS SERDAN INTERNATIONAL, MX","2023-05-09",,,,
"MXM00076685","HERMANOS SERDAN INTERNATIONAL, MX","2023-05-10",,,,
"MXM00076685","HERMANOS SERDAN INTERNATIONAL, MX","2023-05-11",,,,
"MXM00076685","HERMANOS SERDAN INTERNATIONAL, MX","2023-05-12",,,,
"MXM00076685","HERMANOS SERDAN INTERNATIONAL, MX","2023-05-13",,,,
"MXM00076685","HERMANOS SERDAN INTERNATIONAL, MX","2023-05-14",,,,
"MXM00076685","HERMANOS SERDAN INTERNATIONAL, MX","2023-05-15",,,,
"MXM00076685","HERMANOS SERDAN INTERNATIONAL, MX","2023-05-16",,,,
"MXM00076685","HERMANOS SERDAN INTERNATIONAL, MX","2023-05-17",,,,
"MXM00076685","HERMANOS SERDAN INTERNATIONAL, MX","2023-05-18",,,,
"MXM00076685","HERMANOS SERDAN INTERNATIONAL, MX","2023-05-19",,,,
"MXM00076685","HERMANOS SERDAN INTERNATIONAL, MX","2023-05-20",,,,
"MXM00076685","HERMANOS SERDAN INTERNATIONAL, MX","2023-05-21",,,,
"MXM00076685","HERMANOS SERDAN INTERNATIONAL, MX","2023-05-22",,,,
"MXM00076685","HERMANOS SERDAN INTERNATIONAL, MX","2023-05-23",,,,
"MXM00076685","HERMANOS SERDAN INTERNATIONAL, MX","2023-05-24",,,,
"MXM00076685","HERMANOS SERDAN INTERNATIONAL, MX","2023-05-25",,,,
"MXM00076685","HERMANOS SERDAN INTERNATIONAL, MX","2023-05-26",,,,
"MXM00076685","HERMANOS SERDAN INTERNATIONAL, MX","2023-05-27",,,,
"MXM00076685","HERMANOS SERDAN INTERNATIONAL, MX","2023-05-28",,,,
"MXM00076685","HERMANOS SERDAN INTERNATIONAL, MX","2023-05-29",,,,
"MXM00076685","HERMANOS SERDAN INTERNATIONAL, MX","2023-05-30",,,,
"MXM00076685","HERMANOS SERDAN INTERNATIONAL, MX","2023-05-31",,,,
"MXM00076685","HERMANOS SERDAN INTERNATIONAL, MX","2023-06-01","83",",,S","55",",,S"
"MXM00076685","HERMANOS SERDAN INTERNATIONAL, MX","2023-06-02",,,,
"MXM00076685","HERMANOS SERDAN INTERNATIONAL, MX","2023-06-03",,,,
"MXM00076685","HERMANOS SERDAN INTERNATIONAL, MX","2023-06-04",,,,
"MXM00076685","HERMANOS SERDAN INTERNATIONAL, MX","2023-06-05",,,,
"MXM00076685","HERMANOS SERDAN INTERNATIONAL, MX","2023-06-06","84",",,S","55",",,S"
"MXM00076685","HERMANOS SERDAN INTERNATIONAL, MX","2023-06-07",,,,
"MXM00076685","HERMANOS SERDAN INTERNATIONAL, MX","2023-06-08","82",",,S","55",",,S"
"MXM00076685","HERMANOS SERDAN INTERNATIONAL, MX","2023-06-09",,,,
"MXM00076685","HERMANOS SERDAN INTERNATIONAL, MX","2023-06-10",,,,
"MXM00076685","HERMANOS SERDAN INTERNATIONAL, MX","2023-06-11",,,,
"MXM00076685","HERMANOS SERDAN INTERNATIONAL, MX","2023-06-12",,,,
"MXM00076685","HERMANOS SERDAN INTERNATIONAL, MX","2023-06-13","88",",,S","50",",,S"
"MXM00076685","HERMANOS SERDAN INTERNATIONAL, MX","2023-06-14","90",",,S","50",",,S"
"MXM00076685","HERMANOS SERDAN INTERNATIONAL, MX","2023-06-15","89",",,S","60",",,S"
"MXM00076685","HERMANOS SERDAN INTERNATIONAL, MX","2023-06-16",,,,
"MXM00076685","HERMANOS SERDAN INTERNATIONAL, MX","2023-06-17",,,,
"MXM00076685","HERMANOS SERDAN INTERNATIONAL, MX","2023-06-18",,,,
"MXM00076685","HERMANOS SERDAN INTERNATIONAL, MX","2023-06-19",,,,
"MXM00076685","HERMANOS SERDAN INTERNATIONAL, MX","2023-06-20",,,,
"MXM00076685","HERMANOS SERDAN INTERNATIONAL, MX","2023-06-21","91",",,S","55",",,S"
"MXM00076685","HERMANOS SERDAN INTERNATIONAL, MX","2023-06-22",,,,
"MXM00076685","HERMANOS SERDAN INTERNATIONAL, MX","2023-06-23",,,,
"MXM00076685","HERMANOS SERDAN INTERNATIONAL, MX","2023-06-24",,,,
"MXM00076685","HERMANOS SERDAN INTERNATIONAL, MX","2023-06-25","84",",,S","54",",,S"
"MXM00076685","HERMANOS SERDAN INTERNATIONAL, MX","2023-06-26",,,,
"MXM00076685","HERMANOS SERDAN INTERNATIONAL, MX","2023-06-27",,,,
"MXM00076685","HERMANOS SERDAN INTERNATIONAL, MX","2023-06-28","83",",,S","51",",,S"
"MXM00076685","HERMANOS SERDAN INTERNATIONAL, MX","2023-06-29",,,,
"MXM00076685","HERMANOS SERDAN INTERNATIONAL, MX","2023-06-30",,,,
"MXM00076685","HERMANOS SERDAN INTERNATIONAL, MX","2023-07-01",,,,
"MXM00076685","HERMANOS SERDAN INTERNATIONAL, MX","2023-07-02",,,,
"MXM00076685","HERMANOS SERDAN INTERNATIONAL, MX","2023-07-03","82",",,S","54",",,S"
"MXM00076685","HERMANOS SERDAN INTERNATIONAL, MX","2023-07-04","82",",,S","54",",,S"
"MXM00076685","HERMANOS SERDAN INTERNATIONAL, MX","2023-07-05",,,,
"MXM00076685","HERMANOS SERDAN INTERNATIONAL, MX","2023-07-06",,,,
"MXM00076685","HERMANOS SERDAN INTERNATIONAL, MX","2023-07-07",,,,
"MXM00076685","HERMANOS SERDAN INTERNATIONAL, MX","2023-07-08",,,,
"MXM00076685","HERMANOS SERDAN INTERNATIONAL, MX","2023-07-09",,,,
"MXM00076685","HERMANOS SERDAN INTERNATIONAL, MX","2023-07-10","80",",,S","54",",,S"
"MXM00076685","HERMANOS SERDAN INTERNATIONAL, MX","2023-07-11",,,,
"MXM00076685","HERMANOS SERDAN INTERNATIONAL, MX","2023-07-12",,,,
"MXM00076685","HERMANOS SERDAN INTERNATIONAL, MX","2023-07-13","81",",,S","52",",,S"
"MXM00076685","HERMANOS SERDAN INTERNATIONAL, MX","2023-07-14",,,,
"MXM00076685","HERMANOS SERDAN INTERNATIONAL, MX","2023-07-15",,,,
"MXM00076685","HERMANOS SERDAN INTERNATIONAL, MX","2023-07-16",,,,
"MXM00076685","HERMANOS SERDAN INTERNATIONAL, MX","2023-07-17",,,,
"MXM00076685","HERMANOS SERDAN INTERNATIONAL, MX","2023-07-18",,,,
"MXM00076685","HERMANOS SERDAN INTERNATIONAL, MX","2023-07-19","82",",,S","51",",,S"
"MXM00076685","HERMANOS SERDAN INTERNATIONAL, MX","2023-07-20",,,,
"MXM00076685","HERMANOS SERDAN INTERNATIONAL, MX","2023-07-21","82",",,S","51",",,S"
"MXM00076685","HERMANOS SERDAN INTERNATIONAL, MX","2023-07-22",,,,
"MXM00076685","HERMANOS SERDAN INTERNATIONAL, MX","2023-07-23",,,,
"MXM00076685","HERMANOS SERDAN INTERNATIONAL, MX","2023-07-24",,,,
"MXM00076685","HERMANOS SERDAN INTERNATIONAL, MX","2023-07-25",,,,
"MXM00076685","HERMANOS SERDAN INTERNATIONAL, MX","2023-07-26",,,,
"MXM00076685","HERMANOS SERDAN INTERNATIONAL, MX","2023-07-27","80",",,S","50",",,S"
"MXM00076685","HERMANOS SERDAN INTERNATIONAL, MX","2023-07-28",,,,
"MXM00076685","HERMANOS SERDAN INTERNATIONAL, MX","2023-07-29",,,,
"MXM00076685","HERMANOS SERDAN INTERNATIONAL, MX","2023-07-30",,,,
"MXM00076685","HERMANOS SERDAN INTERNATIONAL, MX","2023-07-31","78",",,S","54",",,S"
"MXM00076685","HERMANOS SERDAN INTERNATIONAL, MX","2023-08-01",,,,
"MXM00076685","HERMANOS SERDAN INTERNATIONAL, MX","2023-08-02","83",",,S","53",",,S"
"MXM00076685","HERMANOS SERDAN INTERNATIONAL, MX","2023-08-03",,,,
"MXM00076685","HERMANOS SERDAN INTERNATIONAL, MX","2023-08-04","81",",,S","53",",,S"
"MXM00076685","HERMANOS SERDAN INTERNATIONAL, MX","2023-08-05",,,,
"MXM00076685","HERMANOS SERDAN INTERNATIONAL, MX","2023-08-06",,,,
"MXM00076685","HERMANOS SERDAN INTERNATIONAL, MX","2023-08-07",,,,
"MXM00076685","HERMANOS SERDAN INTERNATIONAL, MX","2023-08-08",,,,
"MXM00076685","HERMANOS SERDAN INTERNATIONAL, MX","2023-08-09","85",",,S","52",",,S"
"MXM00076685","HERMANOS SERDAN INTERNATIONAL, MX","2023-08-10","83",",,S","54",",,S"
"MXM00076685","HERMANOS SERDAN INTERNATIONAL, MX","2023-08-11",,,,
"MXM00076685","HERMANOS SERDAN INTERNATIONAL, MX","2023-08-12",,,,
"MXM00076685","HERMANOS SERDAN INTERNATIONAL, MX","2023-08-13","82",",,S","50",",,S"
"MXM00076685","HERMANOS SERDAN INTERNATIONAL, MX","2023-08-14","81",",,S","50",",,S"
"MXM00076685","HERMANOS SERDAN INTERNATIONAL, MX","2023-08-15","76",",,S","50",",,S"
"MXM00076685","HERMANOS SERDAN INTERNATIONAL, MX","2023-08-16",,,,
"MXM00076685","HERMANOS SERDAN INTERNATIONAL, MX","2023-08-17",,,,
"MXM00076685","HERMANOS SERDAN INTERNATIONAL, MX","2023-08-18",,,,
"MXM00076685","HERMANOS SERDAN INTERNATIONAL, MX","2023-08-19","81",",,S","54",",,S"
"MXM00076685","HERMANOS SERDAN INTERNATIONAL, MX","2023-08-20","80",",,S","54",",,S"
"MXM00076685","HERMANOS SERDAN INTERNATIONAL, MX","2023-08-21",,,,
"MXM00076685","HERMANOS SERDAN INTERNATIONAL, MX","2023-08-22","80",",,S","53",",,S"
"MXM00076685","HERMANOS SERDAN INTERNATIONAL, MX","2023-08-23","78",",,S","51",",,S"
"MXM00076685","HERMANOS SERDAN INTERNATIONAL, MX","2023-08-24","78",",,S","51",",,S"
"MXM00076685","HERMANOS SERDAN INTERNATIONAL, MX","2023-08-25",,,,
"MXM00076685","HERMANOS SERDAN INTERNATIONAL, MX","2023-08-26",,,,
"MXM00076685","HERMANOS SERDAN INTERNATIONAL, MX","2023-08-27",,,,
"MXM00076685","HERMANOS SERDAN INTERNATIONAL, MX","2023-08-28","80",",,S","56",",,S"
"MXM00076685","HERMANOS SERDAN INTERNATIONAL, MX","2023-08-29",,,,
"MXM00076685","HERMANOS SERDAN INTERNATIONAL, MX","2023-08-30","81",",,S","51",",,S"
"MXM00076685","HERMANOS SERDAN INTERNATIONAL, MX","2023-08-31","79",",,S","51",",,S"
"MXM00076685","HERMANOS SERDAN INTERNATIONAL, MX","2023-09-01",,,,
"MXM00076685","HERMANOS SERDAN INTERNATIONAL, MX","2023-09-02",,,,
"MXM00076685","HERMANOS SERDAN INTERNATIONAL, MX","2023-09-03","83",",,S","53",",,S"
"MXM00076685","HERMANOS SERDAN INTERNATIONAL, MX","2023-09-04","83",",,S","51",",,S"
"MXM00076685","HERMANOS SERDAN INTERNATIONAL, MX","2023-09-05","83",",,S","51",",,S"
"MXM00076685","HERMANOS SERDAN INTERNATIONAL, MX","2023-09-06","80",",,S","52",",,S"
"MXM00076685","HERMANOS SERDAN INTERNATIONAL, MX","2023-09-07",,,,
"MXM00076685","HERMANOS SERDAN INTERNATIONAL, MX","2023-09-08","80",",,S","53",",,S"
"MXM00076685","HERMANOS SERDAN INTERNATIONAL, MX","2023-09-09",,,,
"MXM00076685","HERMANOS SERDAN INTERNATIONAL, MX","2023-09-10",,,,
"MXM00076685","HERMANOS SERDAN INTERNATIONAL, MX","2023-09-11","80",",,S","48",",,S"
"MXM00076685","HERMANOS SERDAN INTERNATIONAL, MX","2023-09-12",,,,
"MXM00076685","HERMANOS SERDAN INTERNATIONAL, MX","2023-09-13","83",",,S","51",",,S"
"MXM00076685","HERMANOS SERDAN INTERNATIONAL, MX","2023-09-14","81",",,S","54",",,S"
"MXM00076685","HERMANOS SERDAN INTERNATIONAL, MX","2023-09-15",,,,
"MXM00076685","HERMANOS SERDAN INTERNATIONAL, MX","2023-09-16","80",",,S","54",",,S"
"MXM00076685","HERMANOS SERDAN INTERNATIONAL, MX","2023-09-17","81",",,S","54",",,S"
"MXM00076685","HERMANOS SERDAN INTERNATIONAL, MX","2023-09-18","80",",,S","54",",,S"
"MXM00076685","HERMANOS SERDAN INTERNATIONAL, MX","2023-09-19",,,,
"MXM00076685","HERMANOS SERDAN INTERNATIONAL, MX","2023-09-20","80",",,S","51",",,S"
"MXM00076685","HERMANOS SERDAN INTERNATIONAL, MX","2023-09-21",,,,
"MXM00076685","HERMANOS SERDAN INTERNATIONAL, MX","2023-09-22","82",",,S","51",",,S"
"MXM00076685","HERMANOS SERDAN INTERNATIONAL, MX","2023-09-23",,,,
"MXM00076685","HERMANOS SERDAN INTERNATIONAL, MX","2023-09-24",,,,
"MXM00076685","HERMANOS SERDAN INTERNATIONAL, MX","2023-09-25",,,,
"MXM00076685","HERMANOS SERDAN INTERNATIONAL, MX","2023-09-26","84",",,S","50",",,S"
"MXM00076685","HERMANOS SERDAN INTERNATIONAL, MX","2023-09-27","82",",,S","49",",,S"
"MXM00076685","HERMANOS SERDAN INTERNATIONAL, MX","2023-09-28",,,,
"MXM00076685","HERMANOS SERDAN INTERNATIONAL, MX","2023-09-29","83",",,S","51",",,S"
"MXM00076685","HERMANOS SERDAN INTERNATIONAL, MX","2023-09-30",,,,
"MXM00076685","HERMANOS SERDAN INTERNATIONAL, MX","2023-10-01","82",",,S","54",",,S"
"MXM00076685","HERMANOS SERDAN INTERNATIONAL, MX","2023-10-02",,,,
"MXM00076685","HERMANOS SERDAN INTERNATIONAL, MX","2023-10-03",,,,
"MXM00076685","HERMANOS SERDAN INTERNATIONAL, MX","2023-10-04","81",",,S","54",",,S"
"MXM00076685","HERMANOS SERDAN INTERNATIONAL, MX","2023-10-05",,,,
"MXM00076685","HERMANOS SERDAN INTERNATIONAL, MX","2023-10-06",,,,
"MXM00076685","HERMANOS SERDAN INTERNATIONAL, MX","2023-10-07","83",",,S","53",",,S"
"MXM00076685","HERMANOS SERDAN INTERNATIONAL, MX","2023-10-08","78",",,S","53",",,S"
"MXM00076685","HERMANOS SERDAN INTERNATIONAL, MX","2023-10-09",,,,
"MXM00076685","HERMANOS SERDAN INTERNATIONAL, MX","2023-10-10","71",",,S","55",",,S"
"MXM00076685","HERMANOS SERDAN INTERNATIONAL, MX","2023-10-11","73",",,S","55",",,S"
"MXM00076685","HERMANOS SERDAN INTERNATIONAL, MX","2023-10-12",,,,
"MXM00076685","HERMANOS SERDAN INTERNATIONAL, MX","2023-10-13",,,,
"MXM00076685","HERMANOS SERDAN INTERNATIONAL, MX","2023-10-14","81",",,S","54",",,S"
"MXM00076685","HERMANOS SERDAN INTERNATIONAL, MX","2023-10-15","75",",,S","54",",,S"
"MXM00076685","HERMANOS SERDAN INTERNATIONAL, MX","2023-10-16",,,,
"MXM00076685","HERMANOS SERDAN INTERNATIONAL, MX","2023-10-17",,,,
"MXM00076685","HERMANOS SERDAN INTERNATIONAL, MX","2023-10-18",,,,
"MXM00076685","HERMANOS SERDAN INTERNATIONAL, MX","2023-10-19",,,,
"MXM00076685","HERMANOS SERDAN INTERNATIONAL, MX","2023-10-20","80",",,S","47",",,S"
"MXM00076685","HERMANOS SERDAN INTERNATIONAL, MX","2023-10-21",,,,
"MXM00076685","HERMANOS SERDAN INTERNATIONAL, MX","2023-10-22",,,,
"MXM00076685","HERMANOS SERDAN INTERNATIONAL, MX","2023-10-23",,,,
"MXM00076685","HERMANOS SERDAN INTERNATIONAL, MX","2023-10-24","77",",,S","54",",,S"
"MXM00076685","HERMANOS SERDAN INTERNATIONAL, MX","2023-10-25","77",",,S","56",",,S"
"MXM00076685","HERMANOS SERDAN INTERNATIONAL, MX","2023-10-26",,,,
"MXM00076685","HERMANOS SERDAN INTERNATIONAL, MX","2023-10-27","80",",,S","54",",,S"
"MXM00076685","HERMANOS SERDAN INTERNATIONAL, MX","2023-10-28","82",",,S","48",",,S"
"MXM00076685","HERMANOS SERDAN INTERNATIONAL, MX","2023-10-29","82",",,S","34",",,S"
"MXM00076685","HERMANOS SERDAN INTERNATIONAL, MX","2023-10-30","80",",,S","49",",,S"
"MXM00076685","HERMANOS SERDAN INTERNATIONAL, MX","2023-10-31","79",",,S","46",",,S"
"MXM00076685","HERMANOS SERDAN INTERNATIONAL, MX","2023-11-01","79",",,S","46",",,S"
"MXM00076685","HERMANOS SERDAN INTERNATIONAL, MX","2023-11-02","75",",,S","48",",,S"
"MXM00076685","HERMANOS SERDAN INTERNATIONAL, MX","2023-11-03",,,,
"MXM00076685","HERMANOS SERDAN INTERNATIONAL, MX","2023-11-04","79",",,S","45",",,S"
"MXM00076685","HERMANOS SERDAN INTERNATIONAL, MX","2023-11-05",,,,
"MXM00076685","HERMANOS SERDAN INTERNATIONAL, MX","2023-11-06","81",",,S","46",",,S"
"MXM00076685","HERMANOS SERDAN INTERNATIONAL, MX","2023-11-07",,,,
"MXM00076685","HERMANOS SERDAN INTERNATIONAL, MX","2023-11-08","84",",,S","51",",,S"
"MXM00076685","HERMANOS SERDAN INTERNATIONAL, MX","2023-11-09","83",",,S","51",",,S"
"MXM00076685","HERMANOS SERDAN INTERNATIONAL, MX","2023-11-10",,,,
"MXM00076685","HERMANOS SERDAN INTERNATIONAL, MX","2023-11-11","79",",,S","51",",,S"
"MXM00076685","HERMANOS SERDAN INTERNATIONAL, MX","2023-11-12",,,,
"MXM00076685","HERMANOS SERDAN INTERNATIONAL, MX","2023-11-13",,,,
"MXM00076685","HERMANOS SERDAN INTERNATIONAL, MX","2023-11-14","78",",,S","49",",,S"
"MXM00076685","HERMANOS SERDAN INTERNATIONAL, MX","2023-11-15","80",",,S","46",",,S"
"MXM00076685","HERMANOS SERDAN INTERNATIONAL, MX","2023-11-16","80",",,S","41",",,S"
"MXM00076685","HERMANOS SERDAN INTERNATIONAL, MX","2023-11-17",,,,
"MXM00076685","HERMANOS SERDAN INTERNATIONAL, MX","2023-11-18",,,,
"MXM00076685","HERMANOS SERDAN INTERNATIONAL, MX","2023-11-19","86",",,S","43",",,S"
"MXM00076685","HERMANOS SERDAN INTERNATIONAL, MX","2023-11-20","81",",,S","44",",,S"
"MXM00076685","HERMANOS SERDAN INTERNATIONAL, MX","2023-11-21","79",",,S","50",",,S"
"MXM00076685","HERMANOS SERDAN INTERNATIONAL, MX","2023-11-22",,,,
"MXM00076685","HERMANOS SERDAN INTERNATIONAL, MX","2023-11-23",,,,
"MXM00076685","HERMANOS SERDAN INTERNATIONAL, MX","2023-11-24",,,,
"MXM00076685","HERMANOS SERDAN INTERNATIONAL, MX","2023-11-25","73",",,S","44",",,S"
"MXM00076685","HERMANOS SERDAN INTERNATIONAL, MX","2023-11-26",,,,
"MXM00076685","HERMANOS SERDAN INTERNATIONAL, MX","2023-11-27","78",",,S","46",",,S"
"MXM00076685","HERMANOS SERDAN INTERNATIONAL, MX","2023-11-28","74",",,S","49",",,S"
"MXM00076685","HERMANOS SERDAN INTERNATIONAL, MX","2023-11-29","74",",,S","46",",,S"
"MXM00076685","HERMANOS SERDAN INTERNATIONAL, MX","2023-11-30","72",",,S","46",",,S"
"MXM00076685","HERMANOS SERDAN INTERNATIONAL, MX","2023-12-01","73",",,S","50",",,S"
"MXM00076685","HERMANOS SERDAN INTERNATIONAL, MX","2023-12-02","75",",,S","52",",,S"
"MXM00076685","HERMANOS SERDAN INTERNATIONAL, MX","2023-12-03",,,,
"MXM00076685","HERMANOS SERDAN INTERNATIONAL, MX","2023-12-04","76",",,S","52",",,S"
"MXM00076685","HERMANOS SERDAN INTERNATIONAL, MX","2023-12-05","75",",,S","46",",,S"
"MXM00076685","HERMANOS SERDAN INTERNATIONAL, MX","2023-12-06","73",",,S","46",",,S"
"MXM00076685","HERMANOS SERDAN INTERNATIONAL, MX","2023-12-07",,,,
"MXM00076685","HERMANOS SERDAN INTERNATIONAL, MX","2023-12-08",,,,
"MXM00076685","HERMANOS SERDAN INTERNATIONAL, MX","2023-12-09","76",",,S","44",",,S"
"MXM00076685","HERMANOS SERDAN INTERNATIONAL, MX","2023-12-10","77",",,S","46",",,S"
"MXM00076685","HERMANOS SERDAN INTERNATIONAL, MX","2023-12-11",,,,
"MXM00076685","HERMANOS SERDAN INTERNATIONAL, MX","2023-12-12",,,,
"MXM00076685","HERMANOS SERDAN INTERNATIONAL, MX","2023-12-13","72",",,S","42",",,S"
"MXM00076685","HERMANOS SERDAN INTERNATIONAL, MX","2023-12-14","71",",,S","47",",,S"
"MXM00076685","HERMANOS SERDAN INTERNATIONAL, MX","2023-12-15",,,,
"MXM00076685","HERMANOS SERDAN INTERNATIONAL, MX","2023-12-16",,,,
"MXM00076685","HERMANOS SERDAN INTERNATIONAL, MX","2023-12-17",,,,
"MXM00076685","HERMANOS SERDAN INTERNATIONAL, MX","2023-12-18","76",",,S","37",",,S"
"MXM00076685","HERMANOS SERDAN INTERNATIONAL, MX","2023-12-19","75",",,S","33",",,S"
"MXM00076685","HERMANOS SERDAN INTERNATIONAL, MX","2023-12-20",,,,
"MXM00076685","HERMANOS SERDAN INTERNATIONAL, MX","2023-12-21","78",",,S","33",",,S"
"MXM00076685","HERMANOS SERDAN INTERNATIONAL, MX","2023-12-22","77",",,S","36",",,S"
"MXM00076685","HERMANOS SERDAN INTERNATIONAL, MX","2023-12-23","77",",,S","37",",,S"
"MXM00076685","HERMANOS SERDAN INTERNATIONAL, MX","2023-12-24","72",",,S","37",",,S"
"MXM00076685","HERMANOS SERDAN INTERNATIONAL, MX","2023-12-25",,,,
"MXM00076685","HERMANOS SERDAN INTERNATIONAL, MX","2023-12-26","72",",,S","46",",,S"
"MXM00076685","HERMANOS SERDAN INTERNATIONAL, MX","2023-12-27",,,,
"MXM00076685","HERMANOS SERDAN INTERNATIONAL, MX","2023-12-28",,,,
"MXM00076685","HERMANOS SERDAN INTERNATIONAL, MX","2023-12-29",,,,
"MXM00076685","HERMANOS SERDAN INTERNATIONAL, MX","2023-12-30","70",",,S","40",",,S"
"MXM00076685","HERMANOS SERDAN INTERNATIONAL, MX","2023-12-31",,,,
"MXM00076685","HERMANOS SERDAN INTERNATIONAL, MX","2024-01-01",,,,
"MXM00076685","HERMANOS SERDAN INTERNATIONAL, MX","2024-01-02",,,,
"MXM00076685","HERMANOS SERDAN INTERNATIONAL, MX","2024-01-03","71",",,S","40",",,S"
"MXM00076685","HERMANOS SERDAN INTERNATIONAL, MX","2024-01-04","73",",,S","44",",,S"
"MXM00076685","HERMANOS SERDAN INTERNATIONAL, MX","2024-01-05","72",",,S","44",",,S"
"MXM00076685","HERMANOS SERDAN INTERNATIONAL, MX","2024-01-06",,,,
"MXM00076685","HERMANOS SERDAN INTERNATIONAL, MX","2024-01-07",,,,
"MXM00076685","HERMANOS SERDAN INTERNATIONAL, MX","2024-01-08",,,,
"MXM00076685","HERMANOS SERDAN INTERNATIONAL, MX","2024-01-09","74",",,S","45",",,S"
"MXM00076685","HERMANOS SERDAN INTERNATIONAL, MX","2024-01-10","74",",,S","46",",,S"
"MXM00076685","HERMANOS SERDAN INTERNATIONAL, MX","2024-01-11",,,,
"MXM00076685","HERMANOS SERDAN INTERNATIONAL, MX","2024-01-12",,,,
"MXM00076685","HERMANOS SERDAN INTERNATIONAL, MX","2024-01-13",,,,
"MXM00076685","HERMANOS SERDAN INTERNATIONAL, MX","2024-01-14",,,,
"MXM00076685","HERMANOS SERDAN INTERNATIONAL, MX","2024-01-15",,,,
"MXM00076685","HERMANOS SERDAN INTERNATIONAL, MX","2024-01-16","80",",,S","46",",,S"
"MXM00076685","HERMANOS SERDAN INTERNATIONAL, MX","2024-01-17",,,,
"MXM00076685","HERMANOS SERDAN INTERNATIONAL, MX","2024-01-18",,,,
"MXM00076685","HERMANOS SERDAN INTERNATIONAL, MX","2024-01-19","83",",,S","46",",,S"
"MXM00076685","HERMANOS SERDAN INTERNATIONAL, MX","2024-01-20","78",",,S","47",",,S"
"MXM00076685","HERMANOS SERDAN INTERNATIONAL, MX","2024-01-21",,,,
"MXM00076685","HERMANOS SERDAN INTERNATIONAL, MX","2024-01-22",,,,
"MXM00076685","HERMANOS SERDAN INTERNATIONAL, MX","2024-01-23",,,,
"MXM00076685","HERMANOS SERDAN INTERNATIONAL, MX","2024-01-24",,,,
"MXM00076685","HERMANOS SERDAN INTERNATIONAL, MX","2024-01-25",,,,
"MXM00076685","HERMANOS SERDAN INTERNATIONAL, MX","2024-01-26","79",",,S","44",",,S"
"MXM00076685","HERMANOS SERDAN INTERNATIONAL, MX","2024-01-27",,,,
"MXM00076685","HERMANOS SERDAN INTERNATIONAL, MX","2024-01-28",,,,
"MXM00076685","HERMANOS SERDAN INTERNATIONAL, MX","2024-01-29","78",",,S","42",",,S"
"MXM00076685","HERMANOS SERDAN INTERNATIONAL, MX","2024-01-30",,,,
"MXM00076685","HERMANOS SERDAN INTERNATIONAL, MX","2024-01-31",,,,
"MXM00076685","HERMANOS SERDAN INTERNATIONAL, MX","2024-02-01",,,,
"MXM00076685","HERMANOS SERDAN INTERNATIONAL, MX","2024-02-02","76",",,S","43",",,S"
"MXM00076685","HERMANOS SERDAN INTERNATIONAL, MX","2024-02-03","76",",,S","45",",,S"
"MXM00076685","HERMANOS SERDAN INTERNATIONAL, MX","2024-02-04",,,,
"MXM00076685","HERMANOS SERDAN INTERNATIONAL, MX","2024-02-05",,,,
"MXM00076685","HERMANOS SERDAN INTERNATIONAL, MX","2024-02-06",,,,
"MXM00076685","HERMANOS SERDAN INTERNATIONAL, MX","2024-02-07","85",",,S","39",",,S"
"MXM00076685","HERMANOS SERDAN INTERNATIONAL, MX","2024-02-08",,,,
"MXM00076685","HERMANOS SERDAN INTERNATIONAL, MX","2024-02-09","85",",,S","44",",,S"
"MXM00076685","HERMANOS SERDAN INTERNATIONAL, MX","2024-02-10",,,,
"MXM00076685","HERMANOS SERDAN INTERNATIONAL, MX","2024-02-11",,,,
"MXM00076685","HERMANOS SERDAN INTERNATIONAL, MX","2024-02-12","82",",,S","44",",,S"
"MXM00076685","HERMANOS SERDAN INTERNATIONAL, MX","2024-02-13",,,,
"MXM00076685","HERMANOS SERDAN INTERNATIONAL, MX","2024-02-14",,,,
"MXM00076685","HERMANOS SERDAN INTERNATIONAL, MX","2024-02-15",,,,
"MXM00076685","HERMANOS SERDAN INTERNATIONAL, MX","2024-02-16","82",",,S","46",",,S"
"MXM00076685","HERMANOS SERDAN INTERNATIONAL, MX","2024-02-17",,,,
"MXM00076685","HERMANOS SERDAN INTERNATIONAL, MX","2024-02-18",,,,
"MXM00076685","HERMANOS SERDAN INTERNATIONAL, MX","2024-02-19",,,,
"MXM00076685","HERMANOS SERDAN INTERNATIONAL, MX","2024-02-20",,,,
"MXM00076685","HERMANOS SERDAN INTERNATIONAL, MX","2024-02-21","85",",,S","41",",,S"
"MXM00076685","HERMANOS SERDAN INTERNATIONAL, MX","2024-02-22","86",",,S","41",",,S"
"MXM00076685","HERMANOS SERDAN INTERNATIONAL, MX","2024-02-23","86",",,S","41",",,S"
"MXM00076685","HERMANOS SERDAN INTERNATIONAL, MX","2024-02-24","87",",,S","45",",,S"
"MXM00076685","HERMANOS SERDAN INTERNATIONAL, MX","2024-02-25",,,,
"MXM00076685","HERMANOS SERDAN INTERNATIONAL, MX","2024-02-26","89",",,S","44",",,S"
"MXM00076685","HERMANOS SERDAN INTERNATIONAL, MX","2024-02-27","87",",,S","44",",,S"
"MXM00076685","HERMANOS SERDAN INTERNATIONAL, MX","2024-02-28","88",",,S","46",",,S"
"MXM00076685","HERMANOS SERDAN INTERNATIONAL, MX","2024-02-29","89",",,S","45",",,S"
"MXM00076685","HERMANOS SERDAN INTERNATIONAL, MX","2024-03-01","85",",,S","45",",,S"
"MXM00076685","HERMANOS SERDAN INTERNATIONAL, MX","2024-03-02","83",",,S","49",",,S"
"MXM00076685","HERMANOS SERDAN INTERNATIONAL, MX","2024-03-03",,,,
"MXM00076685","HERMANOS SERDAN INTERNATIONAL, MX","2024-03-04",,,,
"MXM00076685","HERMANOS SERDAN INTERNATIONAL, MX","2024-03-05","83",",,S","49",",,S"
"MXM00076685","HERMANOS SERDAN INTERNATIONAL, MX","2024-03-06",,,,
"MXM00076685","HERMANOS SERDAN INTERNATIONAL, MX","2024-03-07",,,,
"MXM00076685","HERMANOS SERDAN INTERNATIONAL, MX","2024-03-08",,,,
"MXM00076685","HERMANOS SERDAN INTERNATIONAL, MX","2024-03-09",,,,
"MXM00076685","HERMANOS SERDAN INTERNATIONAL, MX","2024-03-10","89",",,S","47",",,S"
"MXM00076685","HERMANOS SERDAN INTERNATIONAL, MX","2024-03-11","85",",,S","47",",,S"
"MXM00076685","HERMANOS SERDAN INTERNATIONAL, MX","2024-03-12",,,,
"MXM00076685","HERMANOS SERDAN INTERNATIONAL, MX","2024-03-13","85",",,S","46",",,S"
"MXM00076685","HERMANOS SERDAN INTERNATIONAL, MX","2024-03-14",,,,
"MXM00076685","HERMANOS SERDAN INTERNATIONAL, MX","2024-03-15",,,,
"MXM00076685","HERMANOS SERDAN INTERNATIONAL, MX","2024-03-16",,,,
"MXM00076685","HERMANOS SERDAN INTERNATIONAL, MX","2024-03-17",,,,
"MXM00076685","HERMANOS SERDAN INTERNATIONAL, MX","2024-03-18","86",",,S","46",",,S"
"MXM00076685","HERMANOS SERDAN INTERNATIONAL, MX","2024-03-19","87",",,S","47",",,S"
"MXM00076685","HERMANOS SERDAN INTERNATIONAL, MX","2024-03-20",,,,
"MXM00076685","HERMANOS SERDAN INTERNATIONAL, MX","2024-03-21",,,,
"MXM00076685","HERMANOS SERDAN INTERNATIONAL, MX","2024-03-22",,,,
"MXM00076685","HERMANOS SERDAN INTERNATIONAL, MX","2024-03-23",,,,
"MXM00076685","HERMANOS SERDAN INTERNATIONAL, MX","2024-03-24",,,,
"MXM00076685","HERMANOS SERDAN INTERNATIONAL, MX","2024-03-25",,,,
"MXM00076685","HERMANOS SERDAN INTERNATIONAL, MX","2024-03-26","81",",,S","51",",,S"
"MXM00076685","HERMANOS SERDAN INTERNATIONAL, MX","2024-03-27",,,,
"MXM00076685","HERMANOS SERDAN INTERNATIONAL, MX","2024-04-01",,,,
"MXM00076685","HERMANOS SERDAN INTERNATIONAL, MX","2024-04-02",,,,
"MXM00076685","HERMANOS SERDAN INTERNATIONAL, MX","2024-04-03",,,,
"MXM00076685","HERMANOS SERDAN INTERNATIONAL, MX","2024-04-04",,,,
"MXM00076685","HERMANOS SERDAN INTERNATIONAL, MX","2024-04-05",,,,
"MXM00076685","HERMANOS SERDAN INTERNATIONAL, MX","2024-04-06",,,,
"MXM00076685","HERMANOS SERDAN INTERNATIONAL, MX","2024-04-07",,,,
"MXM00076685","HERMANOS SERDAN INTERNATIONAL, MX","2024-04-08",,,,
"MXM00076685","HERMANOS SERDAN INTERNATIONAL, MX","2024-04-09",,,,
"MXM00076685","HERMANOS SERDAN INTERNATIONAL, MX","2024-04-10",,,,
"MXM00076685","HERMANOS SERDAN INTERNATIONAL, MX","2024-04-11",,,,
"MXM00076685","HERMANOS SERDAN INTERNATIONAL, MX","2024-04-12",,,,
"MXM00076685","HERMANOS SERDAN INTERNATIONAL, MX","2024-04-13","87",",,S","46",",,S"
"MXM00076685","HERMANOS SERDAN INTERNATIONAL, MX","2024-04-14",,,,
"MXM00076685","HERMANOS SERDAN INTERNATIONAL, MX","2024-04-15",,,,
"MXM00076685","HERMANOS SERDAN INTERNATIONAL, MX","2024-04-16",,,,
"MXM00076685","HERMANOS SERDAN INTERNATIONAL, MX","2024-04-17","92",",,S","55",",,S"
"MXM00076685","HERMANOS SERDAN INTERNATIONAL, MX","2024-04-18","92",",,S","58",",,S"
"MXM00076685","HERMANOS SERDAN INTERNATIONAL, MX","2024-04-19","91",",,S","58",",,S"
"MXM00076685","HERMANOS SERDAN INTERNATIONAL, MX","2024-04-20",,,,
"MXM00076685","HERMANOS SERDAN INTERNATIONAL, MX","2024-04-21",,,,
"MXM00076685","HERMANOS SERDAN INTERNATIONAL, MX","2024-04-22",,,,
"MXM00076685","HERMANOS SERDAN INTERNATIONAL, MX","2024-04-23","82",",,S","55",",,S"
"MXM00076685","HERMANOS SERDAN INTERNATIONAL, MX","2024-04-24",,,,
"MXM00076685","HERMANOS SERDAN INTERNATIONAL, MX","2024-04-25","90",",,S","53",",,S"
"MXM00076685","HERMANOS SERDAN INTERNATIONAL, MX","2024-04-26","86",",,S","56",",,S"
"MXM00076685","HERMANOS SERDAN INTERNATIONAL, MX","2024-04-27",,,,
"MXM00076685","HERMANOS SERDAN INTERNATIONAL, MX","2024-04-28",,,,
"MXM00076685","HERMANOS SERDAN INTERNATIONAL, MX","2024-04-29",,,,
"MXM00076685","HERMANOS SERDAN INTERNATIONAL, MX","2024-04-30","86",",,S","56",",,S"
"MXM00076685","HERMANOS SERDAN INTERNATIONAL, MX","2024-05-02",,,,
"MXM00076685","HERMANOS SERDAN INTERNATIONAL, MX","2024-05-03",,,,
"MXM00076685","HERMANOS SERDAN INTERNATIONAL, MX","2024-05-04",,,,
"MXM00076685","HERMANOS SERDAN INTERNATIONAL, MX","2024-05-05",,,,
"MXM00076685","HERMANOS SERDAN INTERNATIONAL, MX","2024-05-06",,,,
"MXM00076685","HERMANOS SERDAN INTERNATIONAL, MX","2024-05-07",,,,
"MXM00076685","HERMANOS SERDAN INTERNATIONAL, MX","2024-05-08","92",",,S","58",",,S"
"MXM00076685","HERMANOS SERDAN INTERNATIONAL, MX","2024-05-09",,,,
"MXM00076685","HERMANOS SERDAN INTERNATIONAL, MX","2024-05-10","95",",,S","60",",,S"
"MXM00076685","HERMANOS SERDAN INTERNATIONAL, MX","2024-05-11",,,,
"MXM00076685","HERMANOS SERDAN INTERNATIONAL, MX","2024-05-12",,,,
"MXM00076685","HERMANOS SERDAN INTERNATIONAL, MX","2024-05-13",,,,
"MXM00076685","HERMANOS SERDAN INTERNATIONAL, MX","2024-05-14","89",",,S","60",",,S"
"MXM00076685","HERMANOS SERDAN INTERNATIONAL, MX","2024-05-15","90",",,S","61",",,S"
"MXM00076685","HERMANOS SERDAN INTERNATIONAL, MX","2024-05-16","89",",,S","61",",,S"
"MXM00076685","HERMANOS SERDAN INTERNATIONAL, MX","2024-05-17",,,,
"MXM00076685","HERMANOS SERDAN INTERNATIONAL, MX","2024-05-18",,,,
"MXM00076685","HERMANOS SERDAN INTERNATIONAL, MX","2024-05-19",,,,
"MXM00076685","HERMANOS SERDAN INTERNATIONAL, MX","2024-05-20",,,,
"MXM00076685","HERMANOS SERDAN INTERNATIONAL, MX","2024-05-21","92",",,S","58",",,S"
"MXM00076685","HERMANOS SERDAN INTERNATIONAL, MX","2024-05-22","91",",,S","58",",,S"
"MXM00076685","HERMANOS SERDAN INTERNATIONAL, MX","2024-05-23","90",",,S","63",",,S"
"MXM00076685","HERMANOS SERDAN INTERNATIONAL, MX","2024-05-24","92",",,S","63",",,S"
"MXM00076685","HERMANOS SERDAN INTERNATIONAL, MX","2024-05-25",,,,
"MXM00076685","HERMANOS SERDAN INTERNATIONAL, MX","2024-05-26","89",",,S","57",",,S"
"MXM00076685","HERMANOS SERDAN INTERNATIONAL, MX","2024-05-27",,,,
"MXM00076685","HERMANOS SERDAN INTERNATIONAL, MX","2024-05-28","91",",,S","51",",,S"
"MXM00076685","HERMANOS SERDAN INTERNATIONAL, MX","2024-05-29","90",",,S","56",",,S"
"MXM00076685","HERMANOS SERDAN INTERNATIONAL, MX","2024-05-30","89",",,S","58",",,S"
"MXM00076685","HERMANOS SERDAN INTERNATIONAL, MX","2024-05-31","89",",,S","51",",,S"
"MXM00076685","HERMANOS SERDAN INTERNATIONAL, MX","2024-06-01","90",",,S","51",",,S"
"MXM00076685","HERMANOS SERDAN INTERNATIONAL, MX","2024-06-02",,,,
"MXM00076685","HERMANOS SERDAN INTERNATIONAL, MX","2024-06-03",,,,
"MXM00076685","HERMANOS SERDAN INTERNATIONAL, MX","2024-06-04","92",",,S","56",",,S"
"MXM00076685","HERMANOS SERDAN INTERNATIONAL, MX","2024-06-05","90",",,S","60",",,S"
"MXM00076685","HERMANOS SERDAN INTERNATIONAL, MX","2024-06-06","91",",,S","56",",,S"
"MXM00076685","HERMANOS SERDAN INTERNATIONAL, MX","2024-06-07","91",",,S","56",",,S"
"MXM00076685","HERMANOS SERDAN INTERNATIONAL, MX","2024-06-08",,,,
"MXM00076685","HERMANOS SERDAN INTERNATIONAL, MX","2024-06-09",,,,
"MXM00076685","HERMANOS SERDAN INTERNATIONAL, MX","2024-06-10",,,,
"MXM00076685","HERMANOS SERDAN INTERNATIONAL, MX","2024-06-11","87",",,S","55",",,S"
"MXM00076685","HERMANOS SERDAN INTERNATIONAL, MX","2024-06-12",,,,
"MXM00076685","HERMANOS SERDAN INTERNATIONAL, MX","2024-06-13","89",",,S","56",",,S"
"MXM00076685","HERMANOS SERDAN INTERNATIONAL, MX","2024-06-14","86",",,S","60",",,S"
"MXM00076685","HERMANOS SERDAN INTERNATIONAL, MX","2024-06-15",,,,
"MXM00076685","HERMANOS SERDAN INTERNATIONAL, MX","2024-06-16",,,,
"MXM00076685","HERMANOS SERDAN INTERNATIONAL, MX","2024-06-17",,,,
"MXM00076685","HERMANOS SERDAN INTERNATIONAL, MX","2024-06-18",,,,
"MXM00076685","HERMANOS SERDAN INTERNATIONAL, MX","2024-06-19","88",",,S","54",",,S"
"MXM00076685","HERMANOS SERDAN INTERNATIONAL, MX","2024-06-20","79",",,S","59",",,S"
"MXM00076685","HERMANOS SERDAN INTERNATIONAL, MX","2024-06-21",,,,
"MXM00076685","HERMANOS SERDAN INTERNATIONAL, MX","2024-06-22",,,,
"MXM00076685","HERMANOS SERDAN INTERNATIONAL, MX","2024-06-23","77",",,S","58",",,S"
"MXM00076685","HERMANOS SERDAN INTERNATIONAL, MX","2024-06-24",,,,
"MXM00076685","HERMANOS SERDAN INTERNATIONAL, MX","2024-06-25",,,,
"MXM00076685","HERMANOS SERDAN INTERNATIONAL, MX","2024-06-26",,,,
"MXM00076685","HERMANOS SERDAN INTERNATIONAL, MX","2024-06-27","76",",,S","59",",,S"
"MXM00076685","HERMANOS SERDAN INTERNATIONAL, MX","2024-06-28",,,,
"MXM00076685","HERMANOS SERDAN INTERNATIONAL, MX","2024-06-29",,,,
"MXM00076685","HERMANOS SERDAN INTERNATIONAL, MX","2024-06-30",,,,
"MXM00076685","HERMANOS SERDAN INTERNATIONAL, MX","2024-07-01",,,,
"MXM00076685","HERMANOS SERDAN INTERNATIONAL, MX","2024-07-02",,,,
"MXM00076685","HERMANOS SERDAN INTERNATIONAL, MX","2024-07-03",,,,
"MXM00076685","HERMANOS SERDAN INTERNATIONAL, MX","2024-07-04",,,,
"MXM00076685","HERMANOS SERDAN INTERNATIONAL, MX","2024-07-05","81",",,S","50",",,S"
"MXM00076685","HERMANOS SERDAN INTERNATIONAL, MX","2024-07-06","82",",,S","53",",,S"
"MXM00076685","HERMANOS SERDAN INTERNATIONAL, MX","2024-07-07",,,,
"MXM00076685","HERMANOS SERDAN INTERNATIONAL, MX","2024-07-08",,,,
"MXM00076685","HERMANOS SERDAN INTERNATIONAL, MX","2024-07-09","84",",,S","56",",,S"
"MXM00076685","HERMANOS SERDAN INTERNATIONAL, MX","2024-07-10","79",",,S","58",",,S"
"MXM00076685","HERMANOS SERDAN INTERNATIONAL, MX","2024-07-11",,,,
"MXM00076685","HERMANOS SERDAN INTERNATIONAL, MX","2024-07-12","78",",,S","55",",,S"
"MXM00076685","HERMANOS SERDAN INTERNATIONAL, MX","2024-07-13","77",",,S","55",",,S"
"MXM00076685","HERMANOS SERDAN INTERNATIONAL, MX","2024-07-14",,,,
"MXM00076685","HERMANOS SERDAN INTERNATIONAL, MX","2024-07-15",,,,
"MXM00076685","HERMANOS SERDAN INTERNATIONAL, MX","2024-07-16",,,,
"MXM00076685","HERMANOS SERDAN INTERNATIONAL, MX","2024-07-17","82",",,S","56",",,S"
"MXM00076685","HERMANOS SERDAN INTERNATIONAL, MX","2024-07-18","84",",,S","56",",,S"
"MXM00076685","HERMANOS SERDAN INTERNATIONAL, MX","2024-07-19",,,,
"MXM00076685","HERMANOS SERDAN INTERNATIONAL, MX","2024-07-20",,,,
"MXM00076685","HERMANOS SERDAN INTERNATIONAL, MX","2024-07-21","80",",,S","54",",,S"
"MXM00076685","HERMANOS SERDAN INTERNATIONAL, MX","2024-07-22","77",",,S","56",",,S"
"MXM00076685","HERMANOS SERDAN INTERNATIONAL, MX","2024-07-23",,,,
"MXM00076685","HERMANOS SERDAN INTERNATIONAL, MX","2024-07-24",,,,
"MXM00076685","HERMANOS SERDAN INTERNATIONAL, MX","2024-07-25",,,,
"MXM00076685","HERMANOS SERDAN INTERNATIONAL, MX","2024-07-26","83",",,S","53",",,S"
"MXM00076685","HERMANOS SERDAN INTERNATIONAL, MX","2024-07-27",,,,
"MXM00076685","HERMANOS SERDAN INTERNATIONAL, MX","2024-07-28",,,,
"MXM00076685","HERMANOS SERDAN INTERNATIONAL, MX","2024-07-29",,,,
"MXM00076685","HERMANOS SERDAN INTERNATIONAL, MX","2024-07-30","81",",,S","55",",,S"
"MXM00076685","HERMANOS SERDAN INTERNATIONAL, MX","2024-07-31","78",",,S","53",",,S"
"MXM00076685","HERMANOS SERDAN INTERNATIONAL, MX","2024-08-01","80",",,S","54",",,S"
"MXM00076685","HERMANOS SERDAN INTERNATIONAL, MX","2024-08-02","79",",,S","53",",,S"
"MXM00076685","HERMANOS SERDAN INTERNATIONAL, MX","2024-08-03",,,,
"MXM00076685","HERMANOS SERDAN INTERNATIONAL, MX","2024-08-04",,,,
"MXM00076685","HERMANOS SERDAN INTERNATIONAL, MX","2024-08-05","82",",,S","51",",,S"
"MXM00076685","HERMANOS SERDAN INTERNATIONAL, MX","2024-08-06","81",",,S","54",",,S"
"MXM00076685","HERMANOS SERDAN INTERNATIONAL, MX","2024-08-07","81",",,S","56",",,S"
"MXM00076685","HERMANOS SERDAN INTERNATIONAL, MX","2024-08-08","81",",,S","56",",,S"
"MXM00076685","HERMANOS SERDAN INTERNATIONAL, MX","2024-08-09",,,,
"MXM00076685","HERMANOS SERDAN INTERNATIONAL, MX","2024-08-10",,,,
"MXM00076685","HERMANOS SERDAN INTERNATIONAL, MX","2024-08-11","77",",,S","54",",,S"
"MXM00076685","HERMANOS SERDAN INTERNATIONAL, MX","2024-08-13","76",",,S","54",",,S"
"MXM00076685","HERMANOS SERDAN INTERNATIONAL, MX","2024-08-14",,,,
"MXM00076685","HERMANOS SERDAN INTERNATIONAL, MX","2024-08-15","82",",,S","55",",,S"
"MXM00076685","HERMANOS SERDAN INTERNATIONAL, MX","2024-08-16","79",",,S","57",",,S"
"MXM00076685","HERMANOS SERDAN INTERNATIONAL, MX","2024-08-17",,,,
"MXM00076685","HERMANOS SERDAN INTERNATIONAL, MX","2024-08-18",,,,
"MXM00076685","HERMANOS SERDAN INTERNATIONAL, MX","2024-08-19",,,,
"MXM00076685","HERMANOS SERDAN INTERNATIONAL, MX","2024-08-20","81",",,S","54",",,S"
"MXM00076685","HERMANOS SERDAN INTERNATIONAL, MX","2024-08-21","82",",,S","52",",,S"
"MXM00076685","HERMANOS SERDAN INTERNATIONAL, MX","2024-08-22",,,,
"MXM00076685","HERMANOS SERDAN INTERNATIONAL, MX","2024-08-23","80",",,S","52",",,S"
"MXM00076685","HERMANOS SERDAN INTERNATIONAL, MX","2024-08-24",,,,
"MXM00076685","HERMANOS SERDAN INTERNATIONAL, MX","2024-08-25",,,,
"MXM00076685","HERMANOS SERDAN INTERNATIONAL, MX","2024-08-26",,,,
"MXM00076685","HERMANOS SERDAN INTERNATIONAL, MX","2024-08-27","81",",,S","51",",,S"
"MXM00076685","HERMANOS SERDAN INTERNATIONAL, MX","2024-08-28",,,,
"MXM00076685","HERMANOS SERDAN INTERNATIONAL, MX","2024-08-29",,,,
"MXM00076685","HERMANOS SERDAN INTERNATIONAL, MX","2024-08-30",,,,
"MXM00076685","HERMANOS SERDAN INTERNATIONAL, MX","2024-08-31",,,,
"MXM00076685","HERMANOS SERDAN INTERNATIONAL, MX","2024-09-01",,,,
"MXM00076685","HERMANOS SERDAN INTERNATIONAL, MX","2024-09-02",,,,
"MXM00076685","HERMANOS SERDAN INTERNATIONAL, MX","2024-09-03","80",",,S","56",",,S"
"MXM00076685","HERMANOS SERDAN INTERNATIONAL, MX","2024-09-04","81",",,S","56",",,S"
"MXM00076685","HERMANOS SERDAN INTERNATIONAL, MX","2024-09-05",,,,
"MXM00076685","HERMANOS SERDAN INTERNATIONAL, MX","2024-09-06",,,,
"MXM00076685","HERMANOS SERDAN INTERNATIONAL, MX","2024-09-07","82",",,S","56",",,S"
"MXM00076685","HERMANOS SERDAN INTERNATIONAL, MX","2024-09-08",,,,
"MXM00076685","HERMANOS SERDAN INTERNATIONAL, MX","2024-09-09",,,,
"MXM00076685","HERMANOS SERDAN INTERNATIONAL, MX","2024-09-10","80",",,S","57",",,S"
"MXM00076685","HERMANOS SERDAN INTERNATIONAL, MX","2024-09-11","76",",,S","59",",,S"
"MXM00076685","HERMANOS SERDAN INTERNATIONAL, MX","2024-09-12",,,,
"MXM00076685","HERMANOS SERDAN INTERNATIONAL, MX","2024-09-13",,,,
"MXM00076685","HERMANOS SERDAN INTERNATIONAL, MX","2024-09-14",,,,
"MXM00076685","HERMANOS SERDAN INTERNATIONAL, MX","2024-09-15","81",",,S","58",",,S"
"MXM00076685","HERMANOS SERDAN INTERNATIONAL, MX","2024-09-16","80",",,S","58",",,S"
"MXM00076685","HERMANOS SERDAN INTERNATIONAL, MX","2024-09-17",,,,
"MXM00076685","HERMANOS SERDAN INTERNATIONAL, MX","2024-09-18","81",",,S","56",",,S"
"MXM00076685","HERMANOS SERDAN INTERNATIONAL, MX","2024-09-19","82",",,S","55",",,S"
"MXM00076685","HERMANOS SERDAN INTERNATIONAL, MX","2024-09-20",,,,
"MXM00076685","HERMANOS SERDAN INTERNATIONAL, MX","2024-09-21","79",",,S","53",",,S"
"MXM00076685","HERMANOS SERDAN INTERNATIONAL, MX","2024-09-22",,,,
"MXM00076685","HERMANOS SERDAN INTERNATIONAL, MX","2024-09-23","81",",,S","54",",,S"
"MXM00076685","HERMANOS SERDAN INTERNATIONAL, MX","2024-09-24","78",",,S","54",",,S"
"MXM00076685","HERMANOS SERDAN INTERNATIONAL, MX","2024-09-25",,,,
"MXM00076685","HERMANOS SERDAN INTERNATIONAL, MX","2024-09-26","74",",,S","55",",,S"
"MXM00076685","HERMANOS SERDAN INTERNATIONAL, MX","2024-09-27",,,,
"MXM00076685","HERMANOS SERDAN INTERNATIONAL, MX","2024-09-28",,,,
"MXM00076685","HERMANOS SERDAN INTERNATIONAL, MX","2024-09-29",,,,
"MXM00076685","HERMANOS SERDAN INTERNATIONAL, MX","2024-09-30",,,,
"MXM00076685","HERMANOS SERDAN INTERNATIONAL, MX","2024-10-01","76",",,S","52",",,S"
"MXM00076685","HERMANOS SERDAN INTERNATIONAL, MX","2024-10-02","76",",,S","52",",,S"
"MXM00076685","HERMANOS SERDAN INTERNATIONAL, MX","2024-10-03","71",",,S","51",",,S"
"MXM00076685","HERMANOS SERDAN INTERNATIONAL, MX","2024-10-04",,,,
"MXM00076685","HERMANOS SERDAN INTERNATIONAL, MX","2024-10-05",,,,
"MXM00076685","HERMANOS SERDAN INTERNATIONAL, MX","2024-10-06",,,,
"MXM00076685","HERMANOS SERDAN INTERNATIONAL, MX","2024-10-07",,,,
"MXM00076685","HERMANOS SERDAN INTERNATIONAL, MX","2024-10-08","74",",,S","53",",,S"
"MXM00076685","HERMANOS SERDAN INTERNATIONAL, MX","2024-10-09","75",",,S","53",",,S"
"MXM00076685","HERMANOS SERDAN INTERNATIONAL, MX","2024-10-10","77",",,S","45",",,S"
"MXM00076685","HERMANOS SERDAN INTERNATIONAL, MX","2024-10-11","80",",,S","40",",,S"
"MXM00076685","HERMANOS SERDAN INTERNATIONAL, MX","2024-10-12","79",",,S","40",",,S"
"MXM00076685","HERMANOS SERDAN INTERNATIONAL, MX","2024-10-13","76",",,S","42",",,S"
"MXM00076685","HERMANOS SERDAN INTERNATIONAL, MX","2024-10-14",,,,
"MXM00076685","HERMANOS SERDAN INTERNATIONAL, MX","2024-10-15","80",",,S","50",",,S"
"MXM00076685","HERMANOS SERDAN INTERNATIONAL, MX","2024-10-16",,,,
"MXM00076685","HERMANOS SERDAN INTERNATIONAL, MX","2024-10-17",,,,
"MXM00076685","HERMANOS SERDAN INTERNATIONAL, MX","2024-10-18","84",",,S","47",",,S"
"MXM00076685","HERMANOS SERDAN INTERNATIONAL, MX","2024-10-19","79",",,S","48",",,S"
"MXM00076685","HERMANOS SERDAN INTERNATIONAL, MX","2024-10-20","77",",,S","53",",,S"
"MXM00076685","HERMANOS SERDAN INTERNATIONAL, MX","2024-10-21","73",",,S","53",",,S"
"MXM00076685","HERMANOS SERDAN INTERNATIONAL, MX","2024-10-22",,,,
"MXM00076685","HERMANOS SERDAN INTERNATIONAL, MX","2024-10-23",,,,
"MXM00076685","HERMANOS SERDAN INTERNATIONAL, MX","2024-10-24","78",",,S","48",",,S"
"MXM00076685","HERMANOS SERDAN INTERNATIONAL, MX","2024-10-25","77",",,S","50",",,S"
"MXM00076685","HERMANOS SERDAN INTERNATIONAL, MX","2024-10-26","76",",,S","50",",,S"
"MXM00076685","HERMANOS SERDAN INTERNATIONAL, MX","2024-10-27","77",",,S","49",",,S"
"MXM00076685","HERMANOS SERDAN INTERNATIONAL, MX","2024-10-28",,,,
"MXM00076685","HERMANOS SERDAN INTERNATIONAL, MX","2024-10-29",,,,
"MXM00076685","HERMANOS SERDAN INTERNATIONAL, MX","2024-10-30",,,,
"MXM00076685","HERMANOS SERDAN INTERNATIONAL, MX","2024-10-31","81",",,S","54",",,S"
"MXM00076685","HERMANOS SERDAN INTERNATIONAL, MX","2024-11-01","82",",,S","52",",,S"
"MXM00076685","HERMANOS SERDAN INTERNATIONAL, MX","2024-11-02",,,,
"MXM00076685","HERMANOS SERDAN INTERNATIONAL, MX","2024-11-03",,,,
"MXM00076685","HERMANOS SERDAN INTERNATIONAL, MX","2024-11-04","83",",,S","51",",,S"
"MXM00076685","HERMANOS SERDAN INTERNATIONAL, MX","2024-11-05","79",",,S","53",",,S"
"MXM00076685","HERMANOS SERDAN INTERNATIONAL, MX","2024-11-06",,,,
"MXM00076685","HERMANOS SERDAN INTERNATIONAL, MX","2024-11-07",,,,
"MXM00076685","HERMANOS SERDAN INTERNATIONAL, MX","2024-11-08","80",",,S","49",",,S"
"MXM00076685","HERMANOS SERDAN INTERNATIONAL, MX","2024-11-09",,,,
"MXM00076685","HERMANOS SERDAN INTERNATIONAL, MX","2024-11-10",,,,
"MXM00076685","HERMANOS SERDAN INTERNATIONAL, MX","2024-11-11",,,,
"MXM00076685","HERMANOS SERDAN INTERNATIONAL, MX","2024-11-12","82",",,S","46",",,S"
"MXM00076685","HERMANOS SERDAN INTERNATIONAL, MX","2024-11-13",,,,
"MXM00076685","HERMANOS SERDAN INTERNATIONAL, MX","2024-11-14","81",",,S","42",",,S"
"MXM00076685","HERMANOS SERDAN INTERNATIONAL, MX","2024-11-15","76",",,S","42",",,S"
"MXM00076685","HERMANOS SERDAN INTERNATIONAL, MX","2024-11-16",,,,
"MXM00076685","HERMANOS SERDAN INTERNATIONAL, MX","2024-11-17",,,,
"MXM00076685","HERMANOS SERDAN INTERNATIONAL, MX","2024-11-22",,,,
"MXM00076685","HERMANOS SERDAN INTERNATIONAL, MX","2024-11-23",,,,
"MXM00076685","HERMANOS SERDAN INTERNATIONAL, MX","2024-11-24",,,,
"MXM00076685","HERMANOS SERDAN INTERNATIONAL, MX","2024-11-25",,,,
"MXM00076685","HERMANOS SERDAN INTERNATIONAL, MX","2024-11-26","81",",,S","37",",,S"
"MXM00076685","HERMANOS SERDAN INTERNATIONAL, MX","2024-11-27",,,,
"MXM00076685","HERMANOS SERDAN INTERNATIONAL, MX","2024-11-28","83",",,S","37",",,S"
"MXM00076685","HERMANOS SERDAN INTERNATIONAL, MX","2024-11-29","84",",,S","41",",,S"
"MXM00076685","HERMANOS SERDAN INTERNATIONAL, MX","2024-11-30",,,,
"MXM00076685","HERMANOS SERDAN INTERNATIONAL, MX","2024-12-02","80",",,S","39",",,S"
"MXM00076685","HERMANOS SERDAN INTERNATIONAL, MX","2024-12-03","79",",,S","39",",,S"
"MXM00076685","HERMANOS SERDAN INTERNATIONAL, MX","2024-12-04","77",",,S","41",",,S"
"MXM00076685","HERMANOS SERDAN INTERNATIONAL, MX","2024-12-05",,,,
"MXM00076685","HERMANOS SERDAN INTERNATIONAL, MX","2024-12-06",,,,
"MXM00076685","HERMANOS SERDAN INTERNATIONAL, MX","2024-12-07","77",",,S","43",",,S"
"MXM00076685","HERMANOS SERDAN INTERNATIONAL, MX","2024-12-08",,,,
"MXM00076685","HERMANOS SERDAN INTERNATIONAL, MX","2024-12-09",,,,
"MXM00076685","HERMANOS SERDAN INTERNATIONAL, MX","2024-12-10",,,,
"MXM00076685","HERMANOS SERDAN INTERNATIONAL, MX","2024-12-11","83",",,S","46",",,S"
"MXM00076685","HERMANOS SERDAN INTERNATIONAL, MX","2024-12-12",,,,
"MXM00076685","HERMANOS SERDAN INTERNATIONAL, MX","2024-12-13",,,,
"MXM00076685","HERMANOS SERDAN INTERNATIONAL, MX","2024-12-14",,,,
"MXM00076685","HERMANOS SERDAN INTERNATIONAL, MX","2024-12-15",,,,
"MXM00076685","HERMANOS SERDAN INTERNATIONAL, MX","2024-12-16",,,,
"MXM00076685","HERMANOS SERDAN INTERNATIONAL, MX","2024-12-17","75",",,S","39",",,S"
"MXM00076685","HERMANOS SERDAN INTERNATIONAL, MX","2024-12-18","74",",,S","39",",,S"
"MXM00076685","HERMANOS SERDAN INTERNATIONAL, MX","2024-12-19","75",",,S","45",",,S"
"MXM00076685","HERMANOS SERDAN INTERNATIONAL, MX","2024-12-20","74",",,S","44",",,S"
"MXM00076685","HERMANOS SERDAN INTERNATIONAL, MX","2024-12-21",,,,
"MXM00076685","HERMANOS SERDAN INTERNATIONAL, MX","2024-12-22","74",",,S","45",",,S"
"MXM00076685","HERMANOS SERDAN INTERNATIONAL, MX","2024-12-23",,,,
"MXM00076685","HERMANOS SERDAN INTERNATIONAL, MX","2024-12-24","70",",,S","44",",,S"
"MXM00076685","HERMANOS SERDAN INTERNATIONAL, MX","2024-12-25",,,,
"MXM00076685","HERMANOS SERDAN INTERNATIONAL, MX","2024-12-26",,,,
"MXM00076685","HERMANOS SERDAN INTERNATIONAL, MX","2024-12-27",,,,
"MXM00076685","HERMANOS SERDAN INTERNATIONAL, MX","2024-12-28",,,,
"MXM00076685","HERMANOS SERDAN INTERNATIONAL, MX","2024-12-29",,,,
"MXM00076685","HERMANOS SERDAN INTERNATIONAL, MX","2024-12-30",,,,
"MXM00076685","HERMANOS SERDAN INTERNATIONAL, MX","2024-12-31",,,,
"MXM00076685","HERMANOS SERDAN INTERNATIONAL, MX","2025-01-01",,,,
"MXM00076685","HERMANOS SERDAN INTERNATIONAL, MX","2025-01-02",,,,
"MXM00076685","HERMANOS SERDAN INTERNATIONAL, MX","2025-01-03",,,,
"MXM00076685","HERMANOS SERDAN INTERNATIONAL, MX","2025-01-04","74",",,S","42",",,S"
"MXM00076685","HERMANOS SERDAN INTERNATIONAL, MX","2025-01-05",,,,
"MXM00076685","HERMANOS SERDAN INTERNATIONAL, MX","2025-01-06",,,,
"MXM00076685","HERMANOS SERDAN INTERNATIONAL, MX","2025-01-07",,,,
"MXM00076685","HERMANOS SERDAN INTERNATIONAL, MX","2025-01-08",,,,
"MXM00076685","HERMANOS SERDAN INTERNATIONAL, MX","2025-01-09",,,,
"MXM00076685","HERMANOS SERDAN INTERNATIONAL, MX","2025-01-10","74",",,S","49",",,S"
"MXM00076685","HERMANOS SERDAN INTERNATIONAL, MX","2025-01-11","69",",,S","50",",,S"
"MXM00076685","HERMANOS SERDAN INTERNATIONAL, MX","2025-01-12",,,,
"MXM00076685","HERMANOS SERDAN INTERNATIONAL, MX","2025-01-13",,,,
"MXM00076685","HERMANOS SERDAN INTERNATIONAL, MX","2025-01-14",,,,
"MXM00076685","HERMANOS SERDAN INTERNATIONAL, MX","2025-01-15",,,,
"MXM00076685","HERMANOS SERDAN INTERNATIONAL, MX","2025-01-16",,,,
"MXM00076685","HERMANOS SERDAN INTERNATIONAL, MX","2025-01-17","77",",,S","44",",,S"
"MXM00076685","HERMANOS SERDAN INTERNATIONAL, MX","2025-01-18","77",",,S","44",",,S"
"MXM00076685","HERMANOS SERDAN INTERNATIONAL, MX","2025-01-19",,,,
"MXM00076685","HERMANOS SERDAN INTERNATIONAL, MX","2025-01-20","78",",,S","47",",,S"
"MXM00076685","HERMANOS SERDAN INTERNATIONAL, MX","2025-01-21",,,,
"MXM00076685","HERMANOS SERDAN INTERNATIONAL, MX","2025-01-22",,,,
"MXM00076685","HERMANOS SERDAN INTERNATIONAL, MX","2025-01-23",,,,
"MXM00076685","HERMANOS SERDAN INTERNATIONAL, MX","2025-01-24",,,,
"MXM00076685","HERMANOS SERDAN INTERNATIONAL, MX","2025-01-25",,,,
"MXM00076685","HERMANOS SERDAN INTERNATIONAL, MX","2025-01-26",,,,
"MXM00076685","HERMANOS SERDAN INTERNATIONAL, MX","2025-01-27",,,,
"MXM00076685","HERMANOS SERDAN INTERNATIONAL, MX","2025-01-28",,,,
"MXM00076685","HERMANOS SERDAN INTERNATIONAL, MX","2025-01-29",,,,
"MXM00076685","HERMANOS SERDAN INTERNATIONAL, MX","2025-01-30","80",",,S","46",",,S"
"MXM00076685","HERMANOS SERDAN INTERNATIONAL, MX","2025-01-31",,,,
"MXM00076685","HERMANOS SERDAN INTERNATIONAL, MX","2025-02-01","80",",,S","47",",,S"
"MXM00076685","HERMANOS SERDAN INTERNATIONAL, MX","2025-02-02",,,,
"MXM00076685","HERMANOS SERDAN INTERNATIONAL, MX","2025-02-03",,,,
"MXM00076685","HERMANOS SERDAN INTERNATIONAL, MX","2025-02-04",,,,
"MXM00076685","HERMANOS SERDAN INTERNATIONAL, MX","2025-02-05","80",",,S","46",",,S"
"MXM00076685","HERMANOS SERDAN INTERNATIONAL, MX","2025-02-06","80",",,S","46",",,S"
"MXM00076685","HERMANOS SERDAN INTERNATIONAL, MX","2025-02-07",,,,
"MXM00076685","HERMANOS SERDAN INTERNATIONAL, MX","2025-02-08",,,,
"MXM00076685","HERMANOS SERDAN INTERNATIONAL, MX","2025-02-09",,,,
"MXM00076685","HERMANOS SERDAN INTERNATIONAL, MX","2025-02-10",,,,
"MXM00076685","HERMANOS SERDAN INTERNATIONAL, MX","2025-02-11",,,,
"MXM00076685","HERMANOS SERDAN INTERNATIONAL, MX","2025-02-12","81",",,S","47",",,S"
"MXM00076685","HERMANOS SERDAN INTERNATIONAL, MX","2025-02-13",,,,
"MXM00076685","HERMANOS SERDAN INTERNATIONAL, MX","2025-02-14","81",",,S","49",",,S"
"MXM00076685","HERMANOS SERDAN INTERNATIONAL, MX","2025-02-15",,,,
"MXM00076685","HERMANOS SERDAN INTERNATIONAL, MX","2025-02-16","80",",,S","47",",,S"
"MXM00076685","HERMANOS SERDAN INTERNATIONAL, MX","2025-02-17",,,,
"MXM00076685","HERMANOS SERDAN INTERNATIONAL, MX","2025-02-18","81",",,S","50",",,S"
"MXM00076685","HERMANOS SERDAN INTERNATIONAL, MX","2025-02-19",,,,
"MXM00076685","HERMANOS SERDAN INTERNATIONAL, MX","2025-02-20",,,,
"MXM00076685","HERMANOS SERDAN INTERNATIONAL, MX","2025-02-21",,,,
"MXM00076685","HERMANOS SERDAN INTERNATIONAL, MX","2025-02-22",,,,
"MXM00076685","HERMANOS SERDAN INTERNATIONAL, MX","2025-02-23",,,,
"MXM00076685","HERMANOS SERDAN INTERNATIONAL, MX","2025-02-24",,,,
"MXM00076685","HERMANOS SERDAN INTERNATIONAL, MX","2025-02-25",,,,
"MXM00076685","HERMANOS SERDAN INTERNATIONAL, MX","2025-02-26","83",",,S","42",",,S"
"MXM00076685","HERMANOS SERDAN INTERNATIONAL, MX","2025-02-27","83",",,S","45",",,S"
"MXM00076685","HERMANOS SERDAN INTERNATIONAL, MX","2025-02-28","84",",,S","51",",,S"
"MXM00076685","HERMANOS SERDAN INTERNATIONAL, MX","2025-03-01",,,,
"MXM00076685","HERMANOS SERDAN INTERNATIONAL, MX","2025-03-02",,,,
"MXM00076685","HERMANOS SERDAN INTERNATIONAL, MX","2025-03-03",,,,
"MXM00076685","HERMANOS SERDAN INTERNATIONAL, MX","2025-03-04","86",",,S","51",",,S"
"MXM00076685","HERMANOS SERDAN INTERNATIONAL, MX","2025-03-05","85",",,S","50",",,S"
"MXM00076685","HERMANOS SERDAN INTERNATIONAL, MX","2025-03-06",,,,
"MXM00076685","HERMANOS SERDAN INTERNATIONAL, MX","2025-03-07","82",",,S","47",",,S"
"MXM00076685","HERMANOS SERDAN INTERNATIONAL, MX","2025-03-08",,,,
"MXM00076685","HERMANOS SERDAN INTERNATIONAL, MX","2025-03-09",,,,
"MXM00076685","HERMANOS SERDAN INTERNATIONAL, MX","2025-03-10",,,,
"MXM00076685","HERMANOS SERDAN INTERNATIONAL, MX","2025-03-11","83",",,S","50",",,S"
"MXM00076685","HERMANOS SERDAN INTERNATIONAL, MX","2025-03-12","83",",,S","50",",,S"
"MXM00076685","HERMANOS SERDAN INTERNATIONAL, MX","2025-03-13","85",",,S","51",",,S"
"MXM00076685","HERMANOS SERDAN INTERNATIONAL, MX","2025-03-14",,,,
"MXM00076685","HERMANOS SERDAN INTERNATIONAL, MX","2025-03-15",,,,
"MXM00076685","HERMANOS SERDAN INTERNATIONAL, MX","2025-03-16",,,,
"MXM00076685","HERMANOS SERDAN INTERNATIONAL, MX","2025-03-17",,,,
"MXM00076685","HERMANOS SERDAN INTERNATIONAL, MX","2025-03-18",,,,
"MXM00076685","HERMANOS SERDAN INTERNATIONAL, MX","2025-03-19",,,,
"MXM00076685","HERMANOS SERDAN INTERNATIONAL, MX","2025-03-20","87",",,S","50",",,S"
"MXM00076685","HERMANOS SERDAN INTERNATIONAL, MX","2025-03-21",,,,
"MXM00076685","HERMANOS SERDAN INTERNATIONAL, MX","2025-03-22","83",",,S","45",",,S"
"MXM00076685","HERMANOS SERDAN INTERNATIONAL, MX","2025-03-23",,,,
"MXM00076685","HERMANOS SERDAN INTERNATIONAL, MX","2025-03-24","87",",,S","48",",,S"
"MXM00076685","HERMANOS SERDAN INTERNATIONAL, MX","2025-03-25","86",",,S","51",",,S"
"MXM00076685","HERMANOS SERDAN INTERNATIONAL, MX","2025-03-26","82",",,S","51",",,S"
"MXM00076685","HERMANOS SERDAN INTERNATIONAL, MX","2025-03-27",,,,
"MXM00076685","HERMANOS SERDAN INTERNATIONAL, MX","2025-03-28",,,,
"MXM00076685","HERMANOS SERDAN INTERNATIONAL, MX","2025-03-29",,,,
"MXM00076685","HERMANOS SERDAN INTERNATIONAL, MX","2025-03-30",,,,
"MXM00076685","HERMANOS SERDAN INTERNATIONAL, MX","2025-03-31","86",",,S","48",",,S"
"MXM00076685","HERMANOS SERDAN INTERNATIONAL, MX","2025-04-01",,,,
"MXM00076685","HERMANOS SERDAN INTERNATIONAL, MX","2025-04-02","89",",,S","54",",,S"
"MXM00076685","HERMANOS SERDAN INTERNATIONAL, MX","2025-04-03",,,,
"MXM00076685","HERMANOS SERDAN INTERNATIONAL, MX","2025-04-04","85",",,S","53",",,S"
"MXM00076685","HERMANOS SERDAN INTERNATIONAL, MX","2025-04-05",,,,
"MXM00076685","HERMANOS SERDAN INTERNATIONAL, MX","2025-04-06","86",",,S","52",",,S"
"MXM00076685","HERMANOS SERDAN INTERNATIONAL, MX","2025-04-07","86",",,S","53",",,S"
"MXM00076685","HERMANOS SERDAN INTERNATIONAL, MX","2025-04-08","82",",,S","52",",,S"
"MXM00076685","HERMANOS SERDAN INTERNATIONAL, MX","2025-04-09",,,,
"MXM00076685","HERMANOS SERDAN INTERNATIONAL, MX","2025-04-10",,,,
"MXM00076685","HERMANOS SERDAN INTERNATIONAL, MX","2025-04-11","87",",,S","38",",,S"
"MXM00076685","HERMANOS SERDAN INTERNATIONAL, MX","2025-04-12","85",",,S","38",",,S"
"MXM00076685","HERMANOS SERDAN INTERNATIONAL, MX","2025-04-13",,,,
"MXM00076685","HERMANOS SERDAN INTERNATIONAL, MX","2025-04-14",,,,
"MXM00076685","HERMANOS SERDAN INTERNATIONAL, MX","2025-04-15","87",",,S","40",",,S"
"MXM00076685","HERMANOS SERDAN INTERNATIONAL, MX","2025-04-16","85",",,S","42",",,S"
"MXM00076685","HERMANOS SERDAN INTERNATIONAL, MX","2025-04-17",,,,
"MXM00076685","HERMANOS SERDAN INTERNATIONAL, MX","2025-04-18","87",",,S","50",",,S"
"MXM00076685","HERMANOS SERDAN INTERNATIONAL, MX","2025-04-19",,,,
"MXM00076685","HERMANOS SERDAN INTERNATIONAL, MX","2025-04-20",,,,
"MXM00076685","HERMANOS SERDAN INTERNATIONAL, MX","2025-04-21",,,,
"MXM00076685","HERMANOS SERDAN INTERNATIONAL, MX","2025-04-22",,,,
"MXM00076685","HERMANOS SERDAN INTERNATIONAL, MX","2025-04-23","90",",,S","56",",,S"
"MXM00076685","HERMANOS SERDAN INTERNATIONAL, MX","2025-04-24",,,,
"MXM00076685","HERMANOS SERDAN INTERNATIONAL, MX","2025-04-25","88",",,S","56",",,S"
"MXM00076685","HERMANOS SERDAN INTERNATIONAL, MX","2025-04-26",,,,
"MXM00076685","HERMANOS SERDAN INTERNATIONAL, MX","2025-04-27",,,,
"MXM00076685","HERMANOS SERDAN INTERNATIONAL, MX","2025-04-28",,,,
"MXM00076685","HERMANOS SERDAN INTERNATIONAL, MX","2025-04-29","87",",,S","47",",,S"
"MXM00076685","HERMANOS SERDAN INTERNATIONAL, MX","2025-04-30","85",",,S","53",",,S"
"MXM00076685","HERMANOS SERDAN INTERNATIONAL, MX","2025-05-01",,,,
"MXM00076685","HERMANOS SERDAN INTERNATIONAL, MX","2025-05-02",,,,
"MXM00076685","HERMANOS SERDAN INTERNATIONAL, MX","2025-05-03","89",",,S","55",",,S"
"MXM00076685","HERMANOS SERDAN INTERNATIONAL, MX","2025-05-04",,,,
"MXM00076685","HERMANOS SERDAN INTERNATIONAL, MX","2025-05-05",,,,
"MXM00076685","HERMANOS SERDAN INTERNATIONAL, MX","2025-05-06","89",",,S","56",",,S"
"MXM00076685","HERMANOS SERDAN INTERNATIONAL, MX","2025-05-07",,,,
"MXM00076685","HERMANOS SERDAN INTERNATIONAL, MX","2025-05-08","92",",,S","57",",,S"
"MXM00076685","HERMANOS SERDAN INTERNATIONAL, MX","2025-05-09","91",",,S","54",",,S"
"MXM00076685","HERMANOS SERDAN INTERNATIONAL, MX","2025-05-10",,,,
"MXM00076685","HERMANOS SERDAN INTERNATIONAL, MX","2025-05-11",,,,
"MXM00076685","HERMANOS SERDAN INTERNATIONAL, MX","2025-05-12",,,,
"MXM00076685","HERMANOS SERDAN INTERNATIONAL, MX","2025-05-13","89",",,S","49",",,S"
"MXM00076685","HERMANOS SERDAN INTERNATIONAL, MX","2025-05-14",,,,
"MXM00076685","HERMANOS SERDAN INTERNATIONAL, MX","2025-05-15","90",",,S","53",",,S"
"MXM00076685","HERMANOS SERDAN INTERNATIONAL, MX","2025-05-16","91",",,S","53",",,S"
"MXM00076685","HERMANOS SERDAN INTERNATIONAL, MX","2025-05-17",,,,
"MXM00076685","HERMANOS SERDAN INTERNATIONAL, MX","2025-05-18",,,,
"MXM00076685","HERMANOS SERDAN INTERNATIONAL, MX","2025-05-19",,,,
"MXM00076685","HERMANOS SERDAN INTERNATIONAL, MX","2025-05-20","91",",,S","58",",,S"
"MXM00076685","HERMANOS SERDAN INTERNATIONAL, MX","2025-05-21","91",",,S","57",",,S"
"MXM00076685","HERMANOS SERDAN INTERNATIONAL, MX","2025-05-22","92",",,S","57",",,S"
"MXM00076685","HERMANOS SERDAN INTERNATIONAL, MX","2025-05-23","88",",,S","58",",,S"
"MXM00076685","HERMANOS SERDAN INTERNATIONAL, MX","2025-05-24",,,,
"MXM00076685","HERMANOS SERDAN INTERNATIONAL, MX","2025-05-25",,,,
"MXM00076685","HERMANOS SERDAN INTERNATIONAL, MX","2025-05-26","83",",,S","55",",,S"
"MXM00076685","HERMANOS SERDAN INTERNATIONAL, MX","2025-05-27",,,,
"MXM00076685","HERMANOS SERDAN INTERNATIONAL, MX","2025-05-28",,,,
"MXM00076685","HERMANOS SERDAN INTERNATIONAL, MX","2025-05-29","74",",,S","54",",,S"
"MXM00076685","HERMANOS SERDAN INTERNATIONAL, MX","2025-05-30",,,,
"MXM00076685","HERMANOS SERDAN INTERNATIONAL, MX","2025-05-31","82",",,S","55",",,S"
"MXM00076685","HERMANOS SERDAN INTERNATIONAL, MX","2025-06-01",,,,
"MXM00076685","HERMANOS SERDAN INTERNATIONAL, MX","2025-06-02",,,,
"MXM00076685","HERMANOS SERDAN INTERNATIONAL, MX","2025-06-03","78",",,S","55",",,S"
"MXM00076685","HERMANOS SERDAN INTERNATIONAL, MX","2025-06-04",,,,
"MXM00076685","HERMANOS SERDAN INTERNATIONAL, MX","2025-06-05","83",",,S","54",",,S"
"MXM00076685","HERMANOS SERDAN INTERNATIONAL, MX","2025-06-06","81",",,S","54",",,S"
"MXM00076685","HERMANOS SERDAN INTERNATIONAL, MX","2025-06-07",,,,
"MXM00076685","HERMANOS SERDAN INTERNATIONAL, MX","2025-06-08","82",",,S","54",",,S"
"MXM00076685","HERMANOS SERDAN INTERNATIONAL, MX","2025-06-09",,,,
"MXM00076685","HERMANOS SERDAN INTERNATIONAL, MX","2025-06-10","83",",,S","60",",,S"
"MXM00076685","HERMANOS SERDAN INTERNATIONAL, MX","2025-06-11","83",",,S","56",",,S"
"MXM00076685","HERMANOS SERDAN INTERNATIONAL, MX","2025-06-12","80",",,S","56",",,S"
"MXM00076685","HERMANOS SERDAN INTERNATIONAL, MX","2025-06-13","77",",,S","56",",,S"
"MXM00076685","HERMANOS SERDAN INTERNATIONAL, MX","2025-06-14",,,,
"MXM00076685","HERMANOS SERDAN INTERNATIONAL, MX","2025-06-15",,,,
"MXM00076685","HERMANOS SERDAN INTERNATIONAL, MX","2025-06-16","74",",,S","55",",,S"
"MXM00076685","HERMANOS SERDAN INTERNATIONAL, MX","2025-06-17",,,,
"MXM00076685","HERMANOS SERDAN INTERNATIONAL, MX","2025-06-18",,,,
"MXM00076685","HERMANOS SERDAN INTERNATIONAL, MX","2025-06-19","74",",,S","56",",,S"
"MXM00076685","HERMANOS SERDAN INTERNATIONAL, MX","2025-06-20",,,,
"MXM00076685","HERMANOS SERDAN INTERNATIONAL, MX","2025-06-21",,,,
"MXM00076685","HERMANOS SERDAN INTERNATIONAL, MX","2025-06-22",,,,
"MXM00076685","HERMANOS SERDAN INTERNATIONAL, MX","2025-06-23",,,,
"MXM00076685","HERMANOS SERDAN INTERNATIONAL, MX","2025-06-24",,,,
"MXM00076685","HERMANOS SERDAN INTERNATIONAL, MX","2025-06-25","74",",,S","53",",,S"
"MXM00076685","HERMANOS SERDAN INTERNATIONAL, MX","2025-06-26","74",",,S","53",",,S"
"MXM00076685","HERMANOS SERDAN INTERNATIONAL, MX","2025-06-27","78",",,S","54",",,S"
"MXM00076685","HERMANOS SERDAN INTERNATIONAL, MX","2025-06-28","79",",,S","55",",,S"
"MXM00076685","HERMANOS SERDAN INTERNATIONAL, MX","2025-06-29","78",",,S","55",",,S"
"MXM00076685","HERMANOS SERDAN INTERNATIONAL, MX","2025-06-30",,,,
"MXM00076685","HERMANOS SERDAN INTERNATIONAL, MX","2025-07-01",,,,
"MXM00076685","HERMANOS SERDAN INTERNATIONAL, MX","2025-07-02","78",",,S","56",",,S"
"MXM00076685","HERMANOS SERDAN INTERNATIONAL, MX","2025-07-03",,,,
"MXM00076685","HERMANOS SERDAN INTERNATIONAL, MX","2025-07-04","81",",,S","50",",,S"
"MXM00076685","HERMANOS SERDAN INTERNATIONAL, MX","2025-07-05",,,,
"MXM00076685","HERMANOS SERDAN INTERNATIONAL, MX","2025-07-06","83",",,S","52",",,S"
"MXM00076685","HERMANOS SERDAN INTERNATIONAL, MX","2025-07-07",,,,
"MXM00076685","HERMANOS SERDAN INTERNATIONAL, MX","2025-07-08",,,,
"MXM00076685","HERMANOS SERDAN INTERNATIONAL, MX","2025-07-09",,,,
"MXM00076685","HERMANOS SERDAN INTERNATIONAL, MX","2025-07-10",,,,
"MXM00076685","HERMANOS SERDAN INTERNATIONAL, MX","2025-07-11","77",",,S","51",",,S"
"MXM00076685","HERMANOS SERDAN INTERNATIONAL, MX","2025-07-12",,,,
"MXM00076685","HERMANOS SERDAN INTERNATIONAL, MX","2025-07-13",,,,
"MXM00076685","HERMANOS SERDAN INTERNATIONAL, MX","2025-07-14","80",",,S","53",",,S"
"MXM00076685","HERMANOS SERDAN INTERNATIONAL, MX","2025-07-15","79",",,S","55",",,S"
"MXM00076685","HERMANOS SERDAN INTERNATIONAL, MX","2025-07-16","80",",,S","50",",,S"
"MXM00076685","HERMANOS SERDAN INTERNATIONAL, MX","2025-07-17","81",",,S","50",",,S"
"MXM00076685","HERMANOS SERDAN INTERNATIONAL, MX","2025-07-18","79",",,S","54",",,S"
"MXM00076685","HERMANOS SERDAN INTERNATIONAL, MX","2025-07-19",,,,
"MXM00076685","HERMANOS SERDAN INTERNATIONAL, MX","2025-07-20",,,,
"MXM00076685","HERMANOS SERDAN INTERNATIONAL, MX","2025-07-21",,,,
"MXM00076685","HERMANOS SERDAN INTERNATIONAL, MX","2025-07-22","81",",,S","50",",,S"
"MXM00076685","HERMANOS SERDAN INTERNATIONAL, MX","2025-07-23","81",",,S","50",",,S"
"MXM00076685","HERMANOS SERDAN INTERNATIONAL, MX","2025-07-24","81",",,S","52",",,S"
"MXM00076685","HERMANOS SERDAN INTERNATIONAL, MX","2025-07-25","81",",,S","52",",,S"
"MXM00076685","HERMANOS SERDAN INTERNATIONAL, MX","2025-07-26",,,,
"MXM00076685","HERMANOS SERDAN INTERNATIONAL, MX","2025-07-27",,,,
"MXM00076685","HERMANOS SERDAN INTERNATIONAL, MX","2025-07-28",,,,
"MXM00076685","HERMANOS SERDAN INTERNATIONAL, MX","2025-07-29",,,,
"MXM00076685","HERMANOS SERDAN INTERNATIONAL, MX","2025-07-30","80",",,S","47",",,S"
"MXM00076685","HERMANOS SERDAN INTERNATIONAL, MX","2025-07-31","77",",,S","49",",,S"
"MXM00076685","HERMANOS SERDAN INTERNATIONAL, MX","2025-08-01","79",",,S","55",",,S"
"MXM00076685","HERMANOS SERDAN INTERNATIONAL, MX","2025-08-02",,,,
"MXM00076685","HERMANOS SERDAN INTERNATIONAL, MX","2025-08-03",,,,
"MXM00076685","HERMANOS SERDAN INTERNATIONAL, MX","2025-08-04","82",",,S","49",",,S"
"MXM00076685","HERMANOS SERDAN INTERNATIONAL, MX","2025-08-05","82",",,S","51",",,S"
"MXM00076685","HERMANOS SERDAN INTERNATIONAL, MX","2025-08-06","79",",,S","51",",,S"
"MXM00076685","HERMANOS SERDAN INTERNATIONAL, MX","2025-08-07","74",",,S","54",",,S"
"MXM00076685","HERMANOS SERDAN INTERNATIONAL, MX","2025-08-08",,,,
"MXM00076685","HERMANOS SERDAN INTERNATIONAL, MX","2025-08-09","80",",,S","50",",,S"
"MXM00076685","HERMANOS SERDAN INTERNATIONAL, MX","2025-08-10",,,,
"MXM00076685","HERMANOS SERDAN INTERNATIONAL, MX","2025-08-11",,,,
"MXM00076685","HERMANOS SERDAN INTERNATIONAL, MX","2025-08-12","82",",,S","55",",,S"
"MXM00076685","HERMANOS SERDAN INTERNATIONAL, MX","2025-08-13","80",",,S","53",",,S"
"MXM00076685","HERMANOS SERDAN INTERNATIONAL, MX","2025-08-14","79",",,S","53",",,S"
"MXM00076685","HERMANOS SERDAN INTERNATIONAL, MX","2025-08-15","79",",,S","53",",,S"
"MXM00076685","HERMANOS SERDAN INTERNATIONAL, MX","2025-08-16",,,,
"MXM00076685","HERMANOS SERDAN INTERNATIONAL, MX","2025-08-17",,,,
"MXM00076685","HERMANOS SERDAN INTERNATIONAL, MX","2025-08-18",,,,
"MXM00076685","HERMANOS SERDAN INTERNATIONAL, MX","2025-08-19",,,,
"MXM00076685","HERMANOS SERDAN INTERNATIONAL, MX","2025-08-20","82",",,S","53",",,S"
"MXM00076685","HERMANOS SERDAN INTERNATIONAL, MX","2025-08-21",,,,
"MXM00076685","HERMANOS SERDAN INTERNATIONAL, MX","2025-08-22","78",",,S","54",",,S"
"MXM00076685","HERMANOS SERDAN INTERNATIONAL, MX","2025-08-23",,,,
"MXM00076685","HERMANOS SERDAN INTERNATIONAL, MX","2025-08-24",,,,
"MXM00076683","TLAXCALA DE XICONTECATL DGE, MX","2020-01-01","75",",,S","41",",,S"
"MXM00076683","TLAXCALA DE XICONTECATL DGE, MX","2020-01-02",,,,
"MXM00076683","TLAXCALA DE XICONTECATL DGE, MX","2020-01-03","70",",,S","50",",,S"
"MXM00076683","TLAXCALA DE XICONTECATL DGE, MX","2020-01-04","69",",,S","42",",,S"
"MXM00076683","TLAXCALA DE XICONTECATL DGE, MX","2020-01-05",,,,
"MXM00076683","TLAXCALA DE XICONTECATL DGE, MX","2020-01-06","76",",,S","38",",,S"
"MXM00076683","TLAXCALA DE XICONTECATL DGE, MX","2020-01-07","75",",,S","38",",,S"
"MXM00076683","TLAXCALA DE XICONTECATL DGE, MX","2020-01-08","71",",,S","39",",,S"
"MXM00076683","TLAXCALA DE XICONTECATL DGE, MX","2020-01-09",,,,
"MXM00076683","TLAXCALA DE XICONTECATL DGE, MX","2020-01-10","76",",,S","36",",,S"
"MXM00076683","TLAXCALA DE XICONTECATL DGE, MX","2020-01-11",,,,
"MXM00076683","TLAXCALA DE XICONTECATL DGE, MX","2020-01-12","78",",,S","39",",,S"
"MXM00076683","TLAXCALA DE XICONTECATL DGE, MX","2020-01-14","76",",,S","40",",,S"
"MXM00076683","TLAXCALA DE XICONTECATL DGE, MX","2020-01-15","76",",,S","40",",,S"
"MXM00076683","TLAXCALA DE XICONTECATL DGE, MX","2020-01-16","76",",,S","40",",,S"
"MXM00076683","TLAXCALA DE XICONTECATL DGE, MX","2020-01-17","76",",,S","41",",,S"
"MXM00076683","TLAXCALA DE XICONTECATL DGE, MX","2020-01-18","74",",,S","42",",,S"
"MXM00076683","TLAXCALA DE XICONTECATL DGE, MX","2020-01-19","73",",,S","49",",,S"
"MXM00076683","TLAXCALA DE XICONTECATL DGE, MX","2020-01-20","69",",,S","49",",,S"
"MXM00076683","TLAXCALA DE XICONTECATL DGE, MX","2020-01-21",,,,
"MXM00076683","TLAXCALA DE XICONTECATL DGE, MX","2020-01-22",,,,
"MXM00076683","TLAXCALA DE XICONTECATL DGE, MX","2020-01-23","74",",,S","39",",,S"
"MXM00076683","TLAXCALA DE XICONTECATL DGE, MX","2020-01-24","71",",,S","41",",,S"
"MXM00076683","TLAXCALA DE XICONTECATL DGE, MX","2020-01-25","69",",,S","45",",,S"
"MXM00076683","TLAXCALA DE XICONTECATL DGE, MX","2020-01-26",,,,
"MXM00076683","TLAXCALA DE XICONTECATL DGE, MX","2020-01-27","73",",,S","40",",,S"
"MXM00076683","TLAXCALA DE XICONTECATL DGE, MX","2020-01-28","74",",,S","38",",,S"
"MXM00076683","TLAXCALA DE XICONTECATL DGE, MX","2020-01-29","73",",,S","38",",,S"
"MXM00076683","TLAXCALA DE XICONTECATL DGE, MX","2020-01-30","73",",,S","41",",,S"
"MXM00076683","TLAXCALA DE XICONTECATL DGE, MX","2020-01-31",,,,
"MXM00076683","TLAXCALA DE XICONTECATL DGE, MX","2020-02-01","73",",,S","46",",,S"
"MXM00076683","TLAXCALA DE XICONTECATL DGE, MX","2020-02-02","72",",,S","44",",,S"
"MXM00076683","TLAXCALA DE XICONTECATL DGE, MX","2020-02-03","73",",,S","42",",,S"
"MXM00076683","TLAXCALA DE XICONTECATL DGE, MX","2020-02-04","74",",,S","42",",,S"
"MXM00076683","TLAXCALA DE XICONTECATL DGE, MX","2020-02-05","71",",,S","50",",,S"
"MXM00076683","TLAXCALA DE XICONTECATL DGE, MX","2020-02-06",,,,
"MXM00076683","TLAXCALA DE XICONTECATL DGE, MX","2020-02-07",,,,
"MXM00076683","TLAXCALA DE XICONTECATL DGE, MX","2020-02-08","77",",,S","41",",,S"
"MXM00076683","TLAXCALA DE XICONTECATL DGE, MX","2020-02-09","78",",,S","41",",,S"
"MXM00076683","TLAXCALA DE XICONTECATL DGE, MX","2020-02-10",,,,
"MXM00076683","TLAXCALA DE XICONTECATL DGE, MX","2020-02-11","81",",,S","44",",,S"
"MXM00076683","TLAXCALA DE XICONTECATL DGE, MX","2020-02-12","81",",,S","46",",,S"
"MXM00076683","TLAXCALA DE XICONTECATL DGE, MX","2020-02-13","76",",,S","45",",,S"
"MXM00076683","TLAXCALA DE XICONTECATL DGE, MX","2020-02-14","76",",,S","45",",,S"
"MXM00076683","TLAXCALA DE XICONTECATL DGE, MX","2020-02-15","76",",,S","45",",,S"
"MXM00076683","TLAXCALA DE XICONTECATL DGE, MX","2020-02-16",,,,
"MXM00076683","TLAXCALA DE XICONTECATL DGE, MX","2020-02-17","84",",,S","39",",,S"
"MXM00076683","TLAXCALA DE XICONTECATL DGE, MX","2020-02-18","85",",,S","39",",,S"
"MXM00076683","TLAXCALA DE XICONTECATL DGE, MX","2020-02-19","87",",,S","41",",,S"
"MXM00076683","TLAXCALA DE XICONTECATL DGE, MX","2020-02-20","82",",,S","43",",,S"
"MXM00076683","TLAXCALA DE XICONTECATL DGE, MX","2020-02-21","82",",,S","44",",,S"
"MXM00076683","TLAXCALA DE XICONTECATL DGE, MX","2020-02-22","78",",,S","42",",,S"
"MXM00076683","TLAXCALA DE XICONTECATL DGE, MX","2020-02-23",,,,
"MXM00076683","TLAXCALA DE XICONTECATL DGE, MX","2020-02-24","82",",,S","45",",,S"
"MXM00076683","TLAXCALA DE XICONTECATL DGE, MX","2020-02-25","82",",,S","46",",,S"
"MXM00076683","TLAXCALA DE XICONTECATL DGE, MX","2020-02-26","79",",,S","46",",,S"
"MXM00076683","TLAXCALA DE XICONTECATL DGE, MX","2020-02-27","73",",,S","41",",,S"
"MXM00076683","TLAXCALA DE XICONTECATL DGE, MX","2020-02-28",,,,
"MXM00076683","TLAXCALA DE XICONTECATL DGE, MX","2020-02-29",,,,
"MXM00076683","TLAXCALA DE XICONTECATL DGE, MX","2020-03-01","82",",,S","44",",,S"
"MXM00076683","TLAXCALA DE XICONTECATL DGE, MX","2020-03-02","83",",,S","44",",,S"
"MXM00076683","TLAXCALA DE XICONTECATL DGE, MX","2020-03-03","82",",,S","48",",,S"
"MXM00076683","TLAXCALA DE XICONTECATL DGE, MX","2020-03-04","80",",,S","48",",,S"
"MXM00076683","TLAXCALA DE XICONTECATL DGE, MX","2020-03-05",,,,
"MXM00076683","TLAXCALA DE XICONTECATL DGE, MX","2020-03-06","82",",,S","45",",,S"
"MXM00076683","TLAXCALA DE XICONTECATL DGE, MX","2020-03-07","77",",,S","42",",,S"
"MXM00076683","TLAXCALA DE XICONTECATL DGE, MX","2020-03-08","78",",,S","40",",,S"
"MXM00076683","TLAXCALA DE XICONTECATL DGE, MX","2020-03-09",,,,
"MXM00076683","TLAXCALA DE XICONTECATL DGE, MX","2020-03-10","83",",,S","42",",,S"
"MXM00076683","TLAXCALA DE XICONTECATL DGE, MX","2020-03-11","82",",,S","45",",,S"
"MXM00076683","TLAXCALA DE XICONTECATL DGE, MX","2020-03-12","82",",,S","44",",,S"
"MXM00076683","TLAXCALA DE XICONTECATL DGE, MX","2020-03-13",,,,
"MXM00076683","TLAXCALA DE XICONTECATL DGE, MX","2020-03-14","87",",,S","49",",,S"
"MXM00076683","TLAXCALA DE XICONTECATL DGE, MX","2020-03-15","86",",,S","49",",,S"
"MXM00076683","TLAXCALA DE XICONTECATL DGE, MX","2020-03-16","84",",,S","48",",,S"
"MXM00076683","TLAXCALA DE XICONTECATL DGE, MX","2020-03-17","85",",,S","49",",,S"
"MXM00076683","TLAXCALA DE XICONTECATL DGE, MX","2020-03-18","83",",,S","47",",,S"
"MXM00076683","TLAXCALA DE XICONTECATL DGE, MX","2020-03-19",,,,
"MXM00076683","TLAXCALA DE XICONTECATL DGE, MX","2020-03-20","87",",,S","48",",,S"
"MXM00076683","TLAXCALA DE XICONTECATL DGE, MX","2020-03-23","85",",,S","41",",,S"
"MXM00076683","TLAXCALA DE XICONTECATL DGE, MX","2020-03-24",,,,
"MXM00076683","TLAXCALA DE XICONTECATL DGE, MX","2020-03-25","91",",,S","45",",,S"
"MXM00076683","TLAXCALA DE XICONTECATL DGE, MX","2020-03-26","88",",,S","44",",,S"
"MXM00076683","TLAXCALA DE XICONTECATL DGE, MX","2020-03-27","89",",,S","42",",,S"
"MXM00076683","TLAXCALA DE XICONTECATL DGE, MX","2020-03-31","88",",,S","47",",,S"
"MXM00076683","TLAXCALA DE XICONTECATL DGE, MX","2020-04-01","85",",,S","48",",,S"
"MXM00076683","TLAXCALA DE XICONTECATL DGE, MX","2020-04-02",,,,
"MXM00076683","TLAXCALA DE XICONTECATL DGE, MX","2020-04-03",,,,
"MXM00076683","TLAXCALA DE XICONTECATL DGE, MX","2020-04-04","85",",,S","46",",,S"
"MXM00076683","TLAXCALA DE XICONTECATL DGE, MX","2020-04-05","83",",,S","46",",,S"
"MXM00076683","TLAXCALA DE XICONTECATL DGE, MX","2020-04-06","83",",,S","51",",,S"
"MXM00076683","TLAXCALA DE XICONTECATL DGE, MX","2020-04-07","83",",,S","52",",,S"
"MXM00076683","TLAXCALA DE XICONTECATL DGE, MX","2020-04-08","84",",,S","52",",,S"
"MXM00076683","TLAXCALA DE XICONTECATL DGE, MX","2020-04-11",,,,
"MXM00076683","TLAXCALA DE XICONTECATL DGE, MX","2020-04-12","84",",,S","52",",,S"
"MXM00076683","TLAXCALA DE XICONTECATL DGE, MX","2020-04-14","85",",,S","49",",,S"
"MXM00076683","TLAXCALA DE XICONTECATL DGE, MX","2020-04-15","85",",,S","52",",,S"
"MXM00076683","TLAXCALA DE XICONTECATL DGE, MX","2020-04-16","84",",,S","55",",,S"
"MXM00076683","TLAXCALA DE XICONTECATL DGE, MX","2020-04-17","85",",,S","53",",,S"
"MXM00076683","TLAXCALA DE XICONTECATL DGE, MX","2020-04-18",,,,
"MXM00076683","TLAXCALA DE XICONTECATL DGE, MX","2020-04-19","87",",,S","52",",,S"
"MXM00076683","TLAXCALA DE XICONTECATL DGE, MX","2020-04-20",,,,
"MXM00076683","TLAXCALA DE XICONTECATL DGE, MX","2020-04-21","89",",,S","54",",,S"
"MXM00076683","TLAXCALA DE XICONTECATL DGE, MX","2020-04-22","85",",,S","51",",,S"
"MXM00076683","TLAXCALA DE XICONTECATL DGE, MX","2020-04-23","83",",,S","51",",,S"
"MXM00076683","TLAXCALA DE XICONTECATL DGE, MX","2020-04-24","86",",,S","51",",,S"
"MXM00076683","TLAXCALA DE XICONTECATL DGE, MX","2020-04-25","85",",,S","54",",,S"
"MXM00076683","TLAXCALA DE XICONTECATL DGE, MX","2020-04-26","83",",,S","56",",,S"
"MXM00076683","TLAXCALA DE XICONTECATL DGE, MX","2020-04-27",,,,
"MXM00076683","TLAXCALA DE XICONTECATL DGE, MX","2020-04-28","84",",,S","49",",,S"
"MXM00076683","TLAXCALA DE XICONTECATL DGE, MX","2020-04-29","86",",,S","51",",,S"
"MXM00076683","TLAXCALA DE XICONTECATL DGE, MX","2020-04-30","84",",,S","51",",,S"
"MXM00076683","TLAXCALA DE XICONTECATL DGE, MX","2020-05-01","80",",,S","47",",,S"
"MXM00076683","TLAXCALA DE XICONTECATL DGE, MX","2020-05-02","80",",,S","46",",,S"
"MXM00076683","TLAXCALA DE XICONTECATL DGE, MX","2020-05-03",,,,
"MXM00076683","TLAXCALA DE XICONTECATL DGE, MX","2020-05-04","87",",,S","44",",,S"
"MXM00076683","TLAXCALA DE XICONTECATL DGE, MX","2020-05-05","85",",,S","44",",,S"
"MXM00076683","TLAXCALA DE XICONTECATL DGE, MX","2020-05-06","85",",,S","51",",,S"
"MXM00076683","TLAXCALA DE XICONTECATL DGE, MX","2020-05-07","72",",,S","55",",,S"
"MXM00076683","TLAXCALA DE XICONTECATL DGE, MX","2020-05-08","75",",,S","48",",,S"
"MXM00076683","TLAXCALA DE XICONTECATL DGE, MX","2020-05-09","75",",,S","54",",,S"
"MXM00076683","TLAXCALA DE XICONTECATL DGE, MX","2020-05-10",,,,
"MXM00076683","TLAXCALA DE XICONTECATL DGE, MX","2020-05-11",,,,
"MXM00076683","TLAXCALA DE XICONTECATL DGE, MX","2020-05-12","78",",,S","52",",,S"
"MXM00076683","TLAXCALA DE XICONTECATL DGE, MX","2020-05-13",,,,
"MXM00076683","TLAXCALA DE XICONTECATL DGE, MX","2020-05-14","83",",,S","53",",,S"
"MXM00076683","TLAXCALA DE XICONTECATL DGE, MX","2020-05-15","81",",,S","53",",,S"
"MXM00076683","TLAXCALA DE XICONTECATL DGE, MX","2020-05-16","82",",,S","52",",,S"
"MXM00076683","TLAXCALA DE XICONTECATL DGE, MX","2020-05-17",,,,
"MXM00076683","TLAXCALA DE XICONTECATL DGE, MX","2020-05-18","84",",,S","54",",,S"
"MXM00076683","TLAXCALA DE XICONTECATL DGE, MX","2020-05-19",,,,
"MXM00076683","TLAXCALA DE XICONTECATL DGE, MX","2020-05-20","86",",,S","47",",,S"
"MXM00076683","TLAXCALA DE XICONTECATL DGE, MX","2020-05-21","86",",,S","51",",,S"
"MXM00076683","TLAXCALA DE XICONTECATL DGE, MX","2020-05-22","83",",,S","52",",,S"
"MXM00076683","TLAXCALA DE XICONTECATL DGE, MX","2020-05-23","83",",,S","52",",,S"
"MXM00076683","TLAXCALA DE XICONTECATL DGE, MX","2020-05-24","83",",,S","52",",,S"
"MXM00076683","TLAXCALA DE XICONTECATL DGE, MX","2020-05-25","85",",,S","52",",,S"
"MXM00076683","TLAXCALA DE XICONTECATL DGE, MX","2020-05-26","84",",,S","50",",,S"
"MXM00076683","TLAXCALA DE XICONTECATL DGE, MX","2020-05-27","86",",,S","50",",,S"
"MXM00076683","TLAXCALA DE XICONTECATL DGE, MX","2020-05-28","83",",,S","54",",,S"
"MXM00076683","TLAXCALA DE XICONTECATL DGE, MX","2020-05-29","80",",,S","53",",,S"
"MXM00076683","TLAXCALA DE XICONTECATL DGE, MX","2020-05-30",,,,
"MXM00076683","TLAXCALA DE XICONTECATL DGE, MX","2020-05-31","79",",,S","47",",,S"
"MXM00076683","TLAXCALA DE XICONTECATL DGE, MX","2020-06-01","81",",,S","47",",,S"
"MXM00076683","TLAXCALA DE XICONTECATL DGE, MX","2020-06-02",,,,
"MXM00076683","TLAXCALA DE XICONTECATL DGE, MX","2020-06-03","80",",,S","53",",,S"
"MXM00076683","TLAXCALA DE XICONTECATL DGE, MX","2020-06-04","80",",,S","56",",,S"
"MXM00076683","TLAXCALA DE XICONTECATL DGE, MX","2020-06-05",,,,
"MXM00076683","TLAXCALA DE XICONTECATL DGE, MX","2020-06-06","84",",,S","54",",,S"
"MXM00076683","TLAXCALA DE XICONTECATL DGE, MX","2020-06-07","81",",,S","54",",,S"
"MXM00076683","TLAXCALA DE XICONTECATL DGE, MX","2020-06-08",,,,
"MXM00076683","TLAXCALA DE XICONTECATL DGE, MX","2020-06-09",,,,
"MXM00076683","TLAXCALA DE XICONTECATL DGE, MX","2020-06-10","85",",,S","53",",,S"
"MXM00076683","TLAXCALA DE XICONTECATL DGE, MX","2020-06-11","83",",,S","53",",,S"
"MXM00076683","TLAXCALA DE XICONTECATL DGE, MX","2020-06-12","77",",,S","55",",,S"
"MXM00076683","TLAXCALA DE XICONTECATL DGE, MX","2020-06-13",,,,
"MXM00076683","TLAXCALA DE XICONTECATL DGE, MX","2020-06-14",,,,
"MXM00076683","TLAXCALA DE XICONTECATL DGE, MX","2020-06-15","83",",,S","48",",,S"
"MXM00076683","TLAXCALA DE XICONTECATL DGE, MX","2020-06-16","84",",,S","49",",,S"
"MXM00076683","TLAXCALA DE XICONTECATL DGE, MX","2020-06-17","82",",,S","50",",,S"
"MXM00076683","TLAXCALA DE XICONTECATL DGE, MX","2020-06-18","81",",,S","51",",,S"
"MXM00076683","TLAXCALA DE XICONTECATL DGE, MX","2020-06-19","83",",,S","51",",,S"
"MXM00076683","TLAXCALA DE XICONTECATL DGE, MX","2020-06-20","82",",,S","51",",,S"
"MXM00076683","TLAXCALA DE XICONTECATL DGE, MX","2020-06-21","82",",,S","56",",,S"
"MXM00076683","TLAXCALA DE XICONTECATL DGE, MX","2020-06-22","81",",,S","56",",,S"
"MXM00076683","TLAXCALA DE XICONTECATL DGE, MX","2020-06-23","77",",,S","54",",,S"
"MXM00076683","TLAXCALA DE XICONTECATL DGE, MX","2020-06-24",,,,
"MXM00076683","TLAXCALA DE XICONTECATL DGE, MX","2020-06-25",,,,
"MXM00076683","TLAXCALA DE XICONTECATL DGE, MX","2020-06-26","78",",,S","54",",,S"
"MXM00076683","TLAXCALA DE XICONTECATL DGE, MX","2020-06-27",,,,
"MXM00076683","TLAXCALA DE XICONTECATL DGE, MX","2020-06-28",,,,
"MXM00076683","TLAXCALA DE XICONTECATL DGE, MX","2020-06-29","81",",,S","49",",,S"
"MXM00076683","TLAXCALA DE XICONTECATL DGE, MX","2020-06-30","82",",,S","58",",,S"
"MXM00076683","TLAXCALA DE XICONTECATL DGE, MX","2020-07-01","80",",,S","51",",,S"
"MXM00076683","TLAXCALA DE XICONTECATL DGE, MX","2020-07-02","80",",,S","49",",,S"
"MXM00076683","TLAXCALA DE XICONTECATL DGE, MX","2020-07-03","80",",,S","50",",,S"
"MXM00076683","TLAXCALA DE XICONTECATL DGE, MX","2020-07-04","80",",,S","50",",,S"
"MXM00076683","TLAXCALA DE XICONTECATL DGE, MX","2020-07-05",,,,
"MXM00076683","TLAXCALA DE XICONTECATL DGE, MX","2020-07-06",,,,
"MXM00076683","TLAXCALA DE XICONTECATL DGE, MX","2020-07-07","79",",,S","54",",,S"
"MXM00076683","TLAXCALA DE XICONTECATL DGE, MX","2020-07-08","77",",,S","54",",,S"
"MXM00076683","TLAXCALA DE XICONTECATL DGE, MX","2020-07-09",,,,
"MXM00076683","TLAXCALA DE XICONTECATL DGE, MX","2020-07-10","80",",,S","48",",,S"
"MXM00076683","TLAXCALA DE XICONTECATL DGE, MX","2020-07-11","81",",,S","48",",,S"
"MXM00076683","TLAXCALA DE XICONTECATL DGE, MX","2020-07-12",,,,
"MXM00076683","TLAXCALA DE XICONTECATL DGE, MX","2020-07-13","81",",,S","53",",,S"
"MXM00076683","TLAXCALA DE XICONTECATL DGE, MX","2020-07-14","83",",,S","51",",,S"
"MXM00076683","TLAXCALA DE XICONTECATL DGE, MX","2020-07-15","83",",,S","51",",,S"
"MXM00076683","TLAXCALA DE XICONTECATL DGE, MX","2020-07-16","82",",,S","50",",,S"
"MXM00076683","TLAXCALA DE XICONTECATL DGE, MX","2020-07-17","82",",,S","49",",,S"
"MXM00076683","TLAXCALA DE XICONTECATL DGE, MX","2020-07-18","80",",,S","49",",,S"
"MXM00076683","TLAXCALA DE XICONTECATL DGE, MX","2020-07-19","80",",,S","52",",,S"
"MXM00076683","TLAXCALA DE XICONTECATL DGE, MX","2020-07-20","80",",,S","51",",,S"
"MXM00076683","TLAXCALA DE XICONTECATL DGE, MX","2020-07-21","83",",,S","53",",,S"
"MXM00076683","TLAXCALA DE XICONTECATL DGE, MX","2020-07-22","81",",,S","50",",,S"
"MXM00076683","TLAXCALA DE XICONTECATL DGE, MX","2020-07-23","78",",,S","57",",,S"
"MXM00076683","TLAXCALA DE XICONTECATL DGE, MX","2020-07-24",,,,
"MXM00076683","TLAXCALA DE XICONTECATL DGE, MX","2020-07-25","78",",,S","54",",,S"
"MXM00076683","TLAXCALA DE XICONTECATL DGE, MX","2020-07-26","78",",,S","54",",,S"
"MXM00076683","TLAXCALA DE XICONTECATL DGE, MX","2020-07-27",,,,
"MXM00076683","TLAXCALA DE XICONTECATL DGE, MX","2020-07-28","76",",,S","54",",,S"
"MXM00076683","TLAXCALA DE XICONTECATL DGE, MX","2020-07-29","76",",,S","52",",,S"
"MXM00076683","TLAXCALA DE XICONTECATL DGE, MX","2020-07-30",,,,
"MXM00076683","TLAXCALA DE XICONTECATL DGE, MX","2020-07-31","78",",,S","52",",,S"
"MXM00076683","TLAXCALA DE XICONTECATL DGE, MX","2020-08-01","76",",,S","51",",,S"
"MXM00076683","TLAXCALA DE XICONTECATL DGE, MX","2020-08-02","78",",,S","51",",,S"
"MXM00076683","TLAXCALA DE XICONTECATL DGE, MX","2020-08-03",,,,
"MXM00076683","TLAXCALA DE XICONTECATL DGE, MX","2020-08-04","78",",,S","53",",,S"
"MXM00076683","TLAXCALA DE XICONTECATL DGE, MX","2020-08-05","81",",,S","53",",,S"
"MXM00076683","TLAXCALA DE XICONTECATL DGE, MX","2020-08-06","82",",,S","53",",,S"
"MXM00076683","TLAXCALA DE XICONTECATL DGE, MX","2020-08-08","77",",,S","53",",,S"
"MXM00076683","TLAXCALA DE XICONTECATL DGE, MX","2020-08-09",,,,
"MXM00076683","TLAXCALA DE XICONTECATL DGE, MX","2020-08-10","79",",,S","54",",,S"
"MXM00076683","TLAXCALA DE XICONTECATL DGE, MX","2020-08-11","78",",,S","53",",,S"
"MXM00076683","TLAXCALA DE XICONTECATL DGE, MX","2020-08-12","76",",,S","53",",,S"
"MXM00076683","TLAXCALA DE XICONTECATL DGE, MX","2020-08-13",,,,
"MXM00076683","TLAXCALA DE XICONTECATL DGE, MX","2020-08-14","79",",,S","51",",,S"
"MXM00076683","TLAXCALA DE XICONTECATL DGE, MX","2020-08-15","79",",,S","50",",,S"
"MXM00076683","TLAXCALA DE XICONTECATL DGE, MX","2020-08-16","73",",,S","49",",,S"
"MXM00076683","TLAXCALA DE XICONTECATL DGE, MX","2020-08-17","75",",,S","49",",,S"
"MXM00076683","TLAXCALA DE XICONTECATL DGE, MX","2020-08-18","77",",,S","50",",,S"
"MXM00076683","TLAXCALA DE XICONTECATL DGE, MX","2020-08-19","77",",,S","50",",,S"
"MXM00076683","TLAXCALA DE XICONTECATL DGE, MX","2020-08-20",,,,
"MXM00076683","TLAXCALA DE XICONTECATL DGE, MX","2020-08-21","76",",,S","56",",,S"
"MXM00076683","TLAXCALA DE XICONTECATL DGE, MX","2020-08-22","78",",,S","50",",,S"
"MXM00076683","TLAXCALA DE XICONTECATL DGE, MX","2020-08-23","80",",,S","49",",,S"
"MXM00076683","TLAXCALA DE XICONTECATL DGE, MX","2020-08-24","79",",,S","49",",,S"
"MXM00076683","TLAXCALA DE XICONTECATL DGE, MX","2020-08-25","74",",,S","58",",,S"
"MXM00076683","TLAXCALA DE XICONTECATL DGE, MX","2020-08-26",,,,
"MXM00076683","TLAXCALA DE XICONTECATL DGE, MX","2020-08-27","80",",,S","56",",,S"
"MXM00076683","TLAXCALA DE XICONTECATL DGE, MX","2020-08-28",,,,
"MXM00076683","TLAXCALA DE XICONTECATL DGE, MX","2020-08-29",,,,
"MXM00076683","TLAXCALA DE XICONTECATL DGE, MX","2020-08-30","76",",,S","55",",,S"
"MXM00076683","TLAXCALA DE XICONTECATL DGE, MX","2020-08-31",,,,
"MXM00076683","TLAXCALA DE XICONTECATL DGE, MX","2020-09-01","79",",,S","54",",,S"
"MXM00076683","TLAXCALA DE XICONTECATL DGE, MX","2020-09-02",,,,
"MXM00076683","TLAXCALA DE XICONTECATL DGE, MX","2020-09-03","83",",,S","50",",,S"
"MXM00076683","TLAXCALA DE XICONTECATL DGE, MX","2020-09-04","80",",,S","52",",,S"
"MXM00076683","TLAXCALA DE XICONTECATL DGE, MX","2020-09-05","72",",,S","54",",,S"
"MXM00076683","TLAXCALA DE XICONTECATL DGE, MX","2020-09-06",,,,
"MXM00076683","TLAXCALA DE XICONTECATL DGE, MX","2020-09-07","74",",,S","54",",,S"
"MXM00076683","TLAXCALA DE XICONTECATL DGE, MX","2020-09-10","75",",,S","57",",,S"
"MXM00076683","TLAXCALA DE XICONTECATL DGE, MX","2020-09-12","76",",,S","55",",,S"
"MXM00076683","TLAXCALA DE XICONTECATL DGE, MX","2020-09-13","77",",,S","50",",,S"
"MXM00076683","TLAXCALA DE XICONTECATL DGE, MX","2020-09-14","78",",,S","50",",,S"
"MXM00076683","TLAXCALA DE XICONTECATL DGE, MX","2020-09-15","79",",,S","51",",,S"
"MXM00076683","TLAXCALA DE XICONTECATL DGE, MX","2020-09-16","75",",,S","55",",,S"
"MXM00076683","TLAXCALA DE XICONTECATL DGE, MX","2020-09-17",,,,
"MXM00076683","TLAXCALA DE XICONTECATL DGE, MX","2020-09-18",,,,
"MXM00076683","TLAXCALA DE XICONTECATL DGE, MX","2020-09-19","67",",,S","53",",,S"
"MXM00076683","TLAXCALA DE XICONTECATL DGE, MX","2020-09-20",,,,
"MXM00076683","TLAXCALA DE XICONTECATL DGE, MX","2020-09-21","75",",,S","53",",,S"
"MXM00076683","TLAXCALA DE XICONTECATL DGE, MX","2020-09-22","78",",,S","51",",,S"
"MXM00076683","TLAXCALA DE XICONTECATL DGE, MX","2020-09-23",,,,
"MXM00076683","TLAXCALA DE XICONTECATL DGE, MX","2020-09-24","77",",,S","51",",,S"
"MXM00076683","TLAXCALA DE XICONTECATL DGE, MX","2020-09-25","72",",,S","54",",,S"
"MXM00076683","TLAXCALA DE XICONTECATL DGE, MX","2020-09-26","72",",,S","55",",,S"
"MXM00076683","TLAXCALA DE XICONTECATL DGE, MX","2020-09-27","76",",,S","53",",,S"
"MXM00076683","TLAXCALA DE XICONTECATL DGE, MX","2020-09-28","76",",,S","53",",,S"
"MXM00076683","TLAXCALA DE XICONTECATL DGE, MX","2020-09-29",,,,
"MXM00076683","TLAXCALA DE XICONTECATL DGE, MX","2020-09-30",,,,
"MXM00076683","TLAXCALA DE XICONTECATL DGE, MX","2020-10-01","75",",,S","45",",,S"
"MXM00076683","TLAXCALA DE XICONTECATL DGE, MX","2020-10-02","75",",,S","39",",,S"
"MXM00076683","TLAXCALA DE XICONTECATL DGE, MX","2020-10-03",,,,
"MXM00076683","TLAXCALA DE XICONTECATL DGE, MX","2020-10-04","76",",,S","45",",,S"
"MXM00076683","TLAXCALA DE XICONTECATL DGE, MX","2020-10-05","72",",,S","44",",,S"
"MXM00076683","TLAXCALA DE XICONTECATL DGE, MX","2020-10-06",,,,
"MXM00076683","TLAXCALA DE XICONTECATL DGE, MX","2020-10-07",,,,
"MXM00076683","TLAXCALA DE XICONTECATL DGE, MX","2020-10-08","80",",,S","33",",,S"
"MXM00076683","TLAXCALA DE XICONTECATL DGE, MX","2020-10-09","80",",,S","44",",,S"
"MXM00076683","TLAXCALA DE XICONTECATL DGE, MX","2020-10-10",,,,
"MXM00076683","TLAXCALA DE XICONTECATL DGE, MX","2020-10-11",,,,
"MXM00076683","TLAXCALA DE XICONTECATL DGE, MX","2020-10-12","78",",,S","50",",,S"
"MXM00076683","TLAXCALA DE XICONTECATL DGE, MX","2020-10-13","77",",,S","50",",,S"
"MXM00076683","TLAXCALA DE XICONTECATL DGE, MX","2020-10-14","78",",,S","50",",,S"
"MXM00076683","TLAXCALA DE XICONTECATL DGE, MX","2020-10-15",,,,
"MXM00076683","TLAXCALA DE XICONTECATL DGE, MX","2020-10-16","81",",,S","48",",,S"
"MXM00076683","TLAXCALA DE XICONTECATL DGE, MX","2020-10-17",,,,
"MXM00076683","TLAXCALA DE XICONTECATL DGE, MX","2020-10-18","79",",,S","47",",,S"
"MXM00076683","TLAXCALA DE XICONTECATL DGE, MX","2020-10-19","78",",,S","46",",,S"
"MXM00076683","TLAXCALA DE XICONTECATL DGE, MX","2020-10-20",,,,
"MXM00076683","TLAXCALA DE XICONTECATL DGE, MX","2020-10-21","80",",,S","48",",,S"
"MXM00076683","TLAXCALA DE XICONTECATL DGE, MX","2020-10-22","79",",,S","48",",,S"
"MXM00076683","TLAXCALA DE XICONTECATL DGE, MX","2020-10-23","81",",,S","46",",,S"
"MXM00076683","TLAXCALA DE XICONTECATL DGE, MX","2020-10-24",,,,
"MXM00076683","TLAXCALA DE XICONTECATL DGE, MX","2020-10-25",,,,
"MXM00076683","TLAXCALA DE XICONTECATL DGE, MX","2020-10-26","80",",,S","42",",,S"
"MXM00076683","TLAXCALA DE XICONTECATL DGE, MX","2020-10-27","81",",,S","42",",,S"
"MXM00076683","TLAXCALA DE XICONTECATL DGE, MX","2020-10-28","77",",,S","45",",,S"
"MXM00076683","TLAXCALA DE XICONTECATL DGE, MX","2020-10-29","79",",,S","48",",,S"
"MXM00076683","TLAXCALA DE XICONTECATL DGE, MX","2020-10-30","75",",,S","48",",,S"
"MXM00076683","TLAXCALA DE XICONTECATL DGE, MX","2020-10-31",,,,
"MXM00076683","TLAXCALA DE XICONTECATL DGE, MX","2020-11-01","79",",,S","48",",,S"
"MXM00076683","TLAXCALA DE XICONTECATL DGE, MX","2020-11-02","76",",,S","45",",,S"
"MXM00076683","TLAXCALA DE XICONTECATL DGE, MX","2020-11-03",,,,
"MXM00076683","TLAXCALA DE XICONTECATL DGE, MX","2020-11-04",,,,
"MXM00076683","TLAXCALA DE XICONTECATL DGE, MX","2020-11-05","78",",,S","39",",,S"
"MXM00076683","TLAXCALA DE XICONTECATL DGE, MX","2020-11-06","75",",,S","41",",,S"
"MXM00076683","TLAXCALA DE XICONTECATL DGE, MX","2020-11-07","76",",,S","41",",,S"
"MXM00076683","TLAXCALA DE XICONTECATL DGE, MX","2020-11-08","78",",,S","44",",,S"
"MXM00076683","TLAXCALA DE XICONTECATL DGE, MX","2020-11-09",,,,
"MXM00076683","TLAXCALA DE XICONTECATL DGE, MX","2020-11-10","83",",,S","44",",,S"
"MXM00076683","TLAXCALA DE XICONTECATL DGE, MX","2020-11-11","84",",,S","44",",,S"
"MXM00076683","TLAXCALA DE XICONTECATL DGE, MX","2020-11-12",,,,
"MXM00076683","TLAXCALA DE XICONTECATL DGE, MX","2020-11-13",,,,
"MXM00076683","TLAXCALA DE XICONTECATL DGE, MX","2020-11-14",,,,
"MXM00076683","TLAXCALA DE XICONTECATL DGE, MX","2020-11-15","81",",,S","41",",,S"
"MXM00076683","TLAXCALA DE XICONTECATL DGE, MX","2020-11-16","79",",,S","43",",,S"
"MXM00076683","TLAXCALA DE XICONTECATL DGE, MX","2020-11-17","72",",,S","43",",,S"
"MXM00076683","TLAXCALA DE XICONTECATL DGE, MX","2020-11-18","69",",,S","46",",,S"
"MXM00076683","TLAXCALA DE XICONTECATL DGE, MX","2020-11-19",,,,
"MXM00076683","TLAXCALA DE XICONTECATL DGE, MX","2020-11-20","75",",,S","45",",,S"
"MXM00076683","TLAXCALA DE XICONTECATL DGE, MX","2020-11-21","71",",,S","45",",,S"
"MXM00076683","TLAXCALA DE XICONTECATL DGE, MX","2020-11-22",,,,
"MXM00076683","TLAXCALA DE XICONTECATL DGE, MX","2020-11-23","76",",,S","43",",,S"
"MXM00076683","TLAXCALA DE XICONTECATL DGE, MX","2020-11-24",,,,
"MXM00076683","TLAXCALA DE XICONTECATL DGE, MX","2020-11-25",,,,
"MXM00076683","TLAXCALA DE XICONTECATL DGE, MX","2020-11-26",,,,
"MXM00076683","TLAXCALA DE XICONTECATL DGE, MX","2020-11-27","82",",,S","41",",,S"
"MXM00076683","TLAXCALA DE XICONTECATL DGE, MX","2020-11-28","83",",,S","39",",,S"
"MXM00076683","TLAXCALA DE XICONTECATL DGE, MX","2020-11-29","80",",,S","39",",,S"
"MXM00076683","TLAXCALA DE XICONTECATL DGE, MX","2020-11-30",,,,
"MXM00076683","TLAXCALA DE XICONTECATL DGE, MX","2020-12-01","72",",,S","47",",,S"
"MXM00076683","TLAXCALA DE XICONTECATL DGE, MX","2020-12-02",,,,
"MXM00076683","TLAXCALA DE XICONTECATL DGE, MX","2020-12-03","72",",,S","42",",,S"
"MXM00076683","TLAXCALA DE XICONTECATL DGE, MX","2020-12-04","72",",,S","42",",,S"
"MXM00076683","TLAXCALA DE XICONTECATL DGE, MX","2020-12-05","72",",,S","41",",,S"
"MXM00076683","TLAXCALA DE XICONTECATL DGE, MX","2020-12-06","73",",,S","40",",,S"
"MXM00076683","TLAXCALA DE XICONTECATL DGE, MX","2020-12-07","73",",,S","40",",,S"
"MXM00076683","TLAXCALA DE XICONTECATL DGE, MX","2020-12-08",,,,
"MXM00076683","TLAXCALA DE XICONTECATL DGE, MX","2020-12-09","74",",,S","45",",,S"
"MXM00076683","TLAXCALA DE XICONTECATL DGE, MX","2020-12-10","76",",,S","42",",,S"
"MXM00076683","TLAXCALA DE XICONTECATL DGE, MX","2020-12-11","76",",,S","42",",,S"
"MXM00076683","TLAXCALA DE XICONTECATL DGE, MX","2020-12-12","77",",,S","43",",,S"
"MXM00076683","TLAXCALA DE XICONTECATL DGE, MX","2020-12-13","76",",,S","41",",,S"
"MXM00076683","TLAXCALA DE XICONTECATL DGE, MX","2020-12-14","76",",,S","41",",,S"
"MXM00076683","TLAXCALA DE XICONTECATL DGE, MX","2020-12-15",,,,
"MXM00076683","TLAXCALA DE XICONTECATL DGE, MX","2020-12-16","76",",,S","41",",,S"
"MXM00076683","TLAXCALA DE XICONTECATL DGE, MX","2020-12-17","73",",,S","45",",,S"
"MXM00076683","TLAXCALA DE XICONTECATL DGE, MX","2020-12-18","73",",,S","42",",,S"
"MXM00076683","TLAXCALA DE XICONTECATL DGE, MX","2020-12-19",,,,
"MXM00076683","TLAXCALA DE XICONTECATL DGE, MX","2020-12-20","78",",,S","44",",,S"
"MXM00076683","TLAXCALA DE XICONTECATL DGE, MX","2020-12-21","76",",,S","44",",,S"
"MXM00076683","TLAXCALA DE XICONTECATL DGE, MX","2020-12-22",,,,
"MXM00076683","TLAXCALA DE XICONTECATL DGE, MX","2020-12-23","76",",,S","44",",,S"
"MXM00076683","TLAXCALA DE XICONTECATL DGE, MX","2020-12-24","77",",,S","42",",,S"
"MXM00076683","TLAXCALA DE XICONTECATL DGE, MX","2020-12-25","72",",,S","41",",,S"
"MXM00076683","TLAXCALA DE XICONTECATL DGE, MX","2020-12-26",,,,
"MXM00076683","TLAXCALA DE XICONTECATL DGE, MX","2020-12-27","75",",,S","36",",,S"
"MXM00076683","TLAXCALA DE XICONTECATL DGE, MX","2020-12-28","75",",,S","30",",,S"
"MXM00076683","TLAXCALA DE XICONTECATL DGE, MX","2020-12-29","76",",,S","29",",,S"
"MXM00076683","TLAXCALA DE XICONTECATL DGE, MX","2020-12-30","74",",,S","29",",,S"
"MXM00076683","TLAXCALA DE XICONTECATL DGE, MX","2020-12-31","68",",,S","36",",,S"
"MXM00076683","TLAXCALA DE XICONTECATL DGE, MX","2021-01-01",,,,
"MXM00076683","TLAXCALA DE XICONTECATL DGE, MX","2021-01-02",,,,
"MXM00076683","TLAXCALA DE XICONTECATL DGE, MX","2021-01-03","75",",,S","33",",,S"
"MXM00076683","TLAXCALA DE XICONTECATL DGE, MX","2021-01-04",,,,
"MXM00076683","TLAXCALA DE XICONTECATL DGE, MX","2021-01-05","76",",,S","40",",,S"
"MXM00076683","TLAXCALA DE XICONTECATL DGE, MX","2021-01-06","74",",,S","40",",,S"
"MXM00076683","TLAXCALA DE XICONTECATL DGE, MX","2021-01-07","73",",,S","41",",,S"
"MXM00076683","TLAXCALA DE XICONTECATL DGE, MX","2021-01-08",,,,
"MXM00076683","TLAXCALA DE XICONTECATL DGE, MX","2021-01-09","74",",,S","42",",,S"
"MXM00076683","TLAXCALA DE XICONTECATL DGE, MX","2021-01-10","71",",,S","42",",,S"
"MXM00076683","TLAXCALA DE XICONTECATL DGE, MX","2021-01-11","68",",,S","49",",,S"
"MXM00076683","TLAXCALA DE XICONTECATL DGE, MX","2021-01-12",,,,
"MXM00076683","TLAXCALA DE XICONTECATL DGE, MX","2021-01-13",,,,
"MXM00076683","TLAXCALA DE XICONTECATL DGE, MX","2021-01-14","72",",,S","41",",,S"
"MXM00076683","TLAXCALA DE XICONTECATL DGE, MX","2021-01-15",,,,
"MXM00076683","TLAXCALA DE XICONTECATL DGE, MX","2021-01-16","73",",,S","46",",,S"
"MXM00076683","TLAXCALA DE XICONTECATL DGE, MX","2021-01-17","74",",,S","46",",,S"
"MXM00076683","TLAXCALA DE XICONTECATL DGE, MX","2021-01-18",,,,
"MXM00076683","TLAXCALA DE XICONTECATL DGE, MX","2021-01-19",,,,
"MXM00076683","TLAXCALA DE XICONTECATL DGE, MX","2021-01-20",,,,
"MXM00076683","TLAXCALA DE XICONTECATL DGE, MX","2021-01-21",,,,
"MXM00076683","TLAXCALA DE XICONTECATL DGE, MX","2021-01-22",,,,
"MXM00076683","TLAXCALA DE XICONTECATL DGE, MX","2021-01-23","82",",,S","42",",,S"
"MXM00076683","TLAXCALA DE XICONTECATL DGE, MX","2021-01-24","79",",,S","42",",,S"
"MXM00076683","TLAXCALA DE XICONTECATL DGE, MX","2021-01-25","76",",,S","40",",,S"
"MXM00076683","TLAXCALA DE XICONTECATL DGE, MX","2021-01-26",,,,
"MXM00076683","TLAXCALA DE XICONTECATL DGE, MX","2021-01-27","81",",,S","39",",,S"
"MXM00076683","TLAXCALA DE XICONTECATL DGE, MX","2021-01-28","81",",,S","39",",,S"
"MXM00076683","TLAXCALA DE XICONTECATL DGE, MX","2021-01-29",,,,
"MXM00076683","TLAXCALA DE XICONTECATL DGE, MX","2021-01-30",,,,
"MXM00076683","TLAXCALA DE XICONTECATL DGE, MX","2021-01-31","82",",,S","45",",,S"
"MXM00076683","TLAXCALA DE XICONTECATL DGE, MX","2021-02-01","80",",,S","45",",,S"
"MXM00076683","TLAXCALA DE XICONTECATL DGE, MX","2021-02-02",,,,
"MXM00076683","TLAXCALA DE XICONTECATL DGE, MX","2021-02-03",,,,
"MXM00076683","TLAXCALA DE XICONTECATL DGE, MX","2021-02-04",,,,
"MXM00076683","TLAXCALA DE XICONTECATL DGE, MX","2021-02-05","86",",,S","38",",,S"
"MXM00076683","TLAXCALA DE XICONTECATL DGE, MX","2021-02-06","83",",,S","42",",,S"
"MXM00076683","TLAXCALA DE XICONTECATL DGE, MX","2021-02-07","79",",,S","42",",,S"
"MXM00076683","TLAXCALA DE XICONTECATL DGE, MX","2021-02-08","80",",,S","42",",,S"
"MXM00076683","TLAXCALA DE XICONTECATL DGE, MX","2021-02-09","81",",,S","42",",,S"
"MXM00076683","TLAXCALA DE XICONTECATL DGE, MX","2021-02-13","71",",,S","45",",,S"
"MXM00076683","TLAXCALA DE XICONTECATL DGE, MX","2021-02-14",,,,
"MXM00076683","TLAXCALA DE XICONTECATL DGE, MX","2021-02-15","72",",,S","34",",,S"
"MXM00076683","TLAXCALA DE XICONTECATL DGE, MX","2021-02-16","73",",,S","34",",,S"
"MXM00076683","TLAXCALA DE XICONTECATL DGE, MX","2021-02-17","74",",,S","34",",,S"
"MXM00076683","TLAXCALA DE XICONTECATL DGE, MX","2021-02-18","75",",,S","35",",,S"
"MXM00076683","TLAXCALA DE XICONTECATL DGE, MX","2021-02-22","79",",,S","37",",,S"
"MXM00076683","TLAXCALA DE XICONTECATL DGE, MX","2021-02-23","81",",,S","41",",,S"
"MXM00076683","TLAXCALA DE XICONTECATL DGE, MX","2021-02-24",,,,
"MXM00076683","TLAXCALA DE XICONTECATL DGE, MX","2021-02-25","82",",,S","38",",,S"
"MXM00076683","TLAXCALA DE XICONTECATL DGE, MX","2021-02-26","82",",,S","38",",,S"
"MXM00076683","TLAXCALA DE XICONTECATL DGE, MX","2021-02-27","86",",,S","43",",,S"
"MXM00076683","TLAXCALA DE XICONTECATL DGE, MX","2021-02-28","85",",,S","43",",,S"
"MXM00076683","TLAXCALA DE XICONTECATL DGE, MX","2021-03-01",,,,
"MXM00076683","TLAXCALA DE XICONTECATL DGE, MX","2021-03-02","90",",,S","42",",,S"
"MXM00076683","TLAXCALA DE XICONTECATL DGE, MX","2021-03-03","90",",,S","47",",,S"
"MXM00076683","TLAXCALA DE XICONTECATL DGE, MX","2021-03-04","86",",,S","45",",,S"
"MXM00076683","TLAXCALA DE XICONTECATL DGE, MX","2021-03-05","85",",,S","44",",,S"
"MXM00076683","TLAXCALA DE XICONTECATL DGE, MX","2021-03-07","81",",,S","45",",,S"
"MXM00076683","TLAXCALA DE XICONTECATL DGE, MX","2021-03-08",,,,
"MXM00076683","TLAXCALA DE XICONTECATL DGE, MX","2021-03-09","85",",,S","44",",,S"
"MXM00076683","TLAXCALA DE XICONTECATL DGE, MX","2021-03-10",,,,
"MXM00076683","TLAXCALA DE XICONTECATL DGE, MX","2021-03-11","84",",,S","36",",,S"
"MXM00076683","TLAXCALA DE XICONTECATL DGE, MX","2021-03-12","86",",,S","38",",,S"
"MXM00076683","TLAXCALA DE XICONTECATL DGE, MX","2021-03-13","85",",,S","41",",,S"
"MXM00076683","TLAXCALA DE XICONTECATL DGE, MX","2021-03-14","86",",,S","41",",,S"
"MXM00076683","TLAXCALA DE XICONTECATL DGE, MX","2021-03-15","84",",,S","44",",,S"
"MXM00076683","TLAXCALA DE XICONTECATL DGE, MX","2021-03-16","85",",,S","47",",,S"
"MXM00076683","TLAXCALA DE XICONTECATL DGE, MX","2021-03-17","84",",,S","47",",,S"
"MXM00076683","TLAXCALA DE XICONTECATL DGE, MX","2021-03-18","85",",,S","48",",,S"
"MXM00076683","TLAXCALA DE XICONTECATL DGE, MX","2021-03-19",,,,
"MXM00076683","TLAXCALA DE XICONTECATL DGE, MX","2021-03-20","78",",,S","42",",,S"
"MXM00076683","TLAXCALA DE XICONTECATL DGE, MX","2021-03-21","81",",,S","42",",,S"
"MXM00076683","TLAXCALA DE XICONTECATL DGE, MX","2021-03-22","81",",,S","46",",,S"
"MXM00076683","TLAXCALA DE XICONTECATL DGE, MX","2021-03-23","82",",,S","46",",,S"
"MXM00076683","TLAXCALA DE XICONTECATL DGE, MX","2021-03-24","81",",,S","44",",,S"
"MXM00076683","TLAXCALA DE XICONTECATL DGE, MX","2021-03-25",,,,
"MXM00076683","TLAXCALA DE XICONTECATL DGE, MX","2021-04-10",,,,
"MXM00076683","TLAXCALA DE XICONTECATL DGE, MX","2021-04-11","86",",,S","47",",,S"
"MXM00076683","TLAXCALA DE XICONTECATL DGE, MX","2021-04-12","85",",,S","47",",,S"
"MXM00076683","TLAXCALA DE XICONTECATL DGE, MX","2021-04-13","87",",,S","50",",,S"
"MXM00076683","TLAXCALA DE XICONTECATL DGE, MX","2021-04-14","87",",,S","48",",,S"
"MXM00076683","TLAXCALA DE XICONTECATL DGE, MX","2021-04-15","86",",,S","48",",,S"
"MXM00076683","TLAXCALA DE XICONTECATL DGE, MX","2021-04-17","87",",,S","49",",,S"
"MXM00076683","TLAXCALA DE XICONTECATL DGE, MX","2021-04-18","87",",,S","49",",,S"
"MXM00076683","TLAXCALA DE XICONTECATL DGE, MX","2021-04-19",,,,
"MXM00076683","TLAXCALA DE XICONTECATL DGE, MX","2021-04-20","83",",,S","44",",,S"
"MXM00076683","TLAXCALA DE XICONTECATL DGE, MX","2021-04-21",,,,
"MXM00076683","TLAXCALA DE XICONTECATL DGE, MX","2021-04-22",,,,
"MXM00076683","TLAXCALA DE XICONTECATL DGE, MX","2021-04-23",,,,
"MXM00076683","TLAXCALA DE XICONTECATL DGE, MX","2021-04-24","84",",,S","43",",,S"
"MXM00076683","TLAXCALA DE XICONTECATL DGE, MX","2021-04-27","89",",,S","52",",,S"
"MXM00076683","TLAXCALA DE XICONTECATL DGE, MX","2021-04-29","88",",,S","50",",,S"
"MXM00076683","TLAXCALA DE XICONTECATL DGE, MX","2021-05-02","81",",,S","50",",,S"
"MXM00076683","TLAXCALA DE XICONTECATL DGE, MX","2021-05-03","83",",,S","50",",,S"
"MXM00076683","TLAXCALA DE XICONTECATL DGE, MX","2021-05-04","82",",,S","45",",,S"
"MXM00076683","TLAXCALA DE XICONTECATL DGE, MX","2021-05-06","81",",,S","46",",,S"
"MXM00076683","TLAXCALA DE XICONTECATL DGE, MX","2021-05-07","81",",,S","46",",,S"
"MXM00076683","TLAXCALA DE XICONTECATL DGE, MX","2021-05-08","84",",,S","46",",,S"
"MXM00076683","TLAXCALA DE XICONTECATL DGE, MX","2021-05-09",,,,
"MXM00076683","TLAXCALA DE XICONTECATL DGE, MX","2021-05-10","77",",,S","53",",,S"
"MXM00076683","TLAXCALA DE XICONTECATL DGE, MX","2021-05-11","81",",,S","53",",,S"
"MXM00076683","TLAXCALA DE XICONTECATL DGE, MX","2021-05-12","81",",,S","54",",,S"
"MXM00076683","TLAXCALA DE XICONTECATL DGE, MX","2021-05-13","82",",,S","53",",,S"
"MXM00076683","TLAXCALA DE XICONTECATL DGE, MX","2021-05-14","74",",,S","51",",,S"
"MXM00076683","TLAXCALA DE XICONTECATL DGE, MX","2021-05-15","75",",,S","51",",,S"
"MXM00076683","TLAXCALA DE XICONTECATL DGE, MX","2021-05-16","77",",,S","53",",,S"
"MXM00076683","TLAXCALA DE XICONTECATL DGE, MX","2021-05-17",,,,
"MXM00076683","TLAXCALA DE XICONTECATL DGE, MX","2021-05-18","81",",,S","46",",,S"
"MXM00076683","TLAXCALA DE XICONTECATL DGE, MX","2021-05-19","81",",,S","48",",,S"
"MXM00076683","TLAXCALA DE XICONTECATL DGE, MX","2021-05-20","80",",,S","48",",,S"
"MXM00076683","TLAXCALA DE XICONTECATL DGE, MX","2021-05-21","82",",,S","49",",,S"
"MXM00076683","TLAXCALA DE XICONTECATL DGE, MX","2021-05-22","82",",,S","46",",,S"
"MXM00076683","TLAXCALA DE XICONTECATL DGE, MX","2021-05-23","83",",,S","52",",,S"
"MXM00076683","TLAXCALA DE XICONTECATL DGE, MX","2021-05-24","82",",,S","52",",,S"
"MXM00076683","TLAXCALA DE XICONTECATL DGE, MX","2021-05-25","79",",,S","54",",,S"
"MXM00076683","TLAXCALA DE XICONTECATL DGE, MX","2021-05-26","81",",,S","51",",,S"
"MXM00076683","TLAXCALA DE XICONTECATL DGE, MX","2021-05-27",,,,
"MXM00076683","TLAXCALA DE XICONTECATL DGE, MX","2021-05-28","84",",,S","49",",,S"
"MXM00076683","TLAXCALA DE XICONTECATL DGE, MX","2021-05-29","84",",,S","50",",,S"
"MXM00076683","TLAXCALA DE XICONTECATL DGE, MX","2021-05-30","82",",,S","49",",,S"
"MXM00076683","TLAXCALA DE XICONTECATL DGE, MX","2021-05-31","83",",,S","49",",,S"
"MXM00076683","TLAXCALA DE XICONTECATL DGE, MX","2021-06-01","84",",,S","49",",,S"
"MXM00076683","TLAXCALA DE XICONTECATL DGE, MX","2021-06-02","81",",,S","50",",,S"
"MXM00076683","TLAXCALA DE XICONTECATL DGE, MX","2021-06-03","73",",,S","48",",,S"
"MXM00076683","TLAXCALA DE XICONTECATL DGE, MX","2021-06-04","75",",,S","48",",,S"
"MXM00076683","TLAXCALA DE XICONTECATL DGE, MX","2021-06-05","73",",,S","54",",,S"
"MXM00076683","TLAXCALA DE XICONTECATL DGE, MX","2021-06-06",,,,
"MXM00076683","TLAXCALA DE XICONTECATL DGE, MX","2021-06-07",,,,
"MXM00076683","TLAXCALA DE XICONTECATL DGE, MX","2021-06-08","85",",,S","51",",,S"
"MXM00076683","TLAXCALA DE XICONTECATL DGE, MX","2021-06-09","82",",,S","51",",,S"
"MXM00076683","TLAXCALA DE XICONTECATL DGE, MX","2021-06-10","81",",,S","50",",,S"
"MXM00076683","TLAXCALA DE XICONTECATL DGE, MX","2021-06-11","78",",,S","49",",,S"
"MXM00076683","TLAXCALA DE XICONTECATL DGE, MX","2021-06-12","70",",,S","54",",,S"
"MXM00076683","TLAXCALA DE XICONTECATL DGE, MX","2021-06-13","76",",,S","50",",,S"
"MXM00076683","TLAXCALA DE XICONTECATL DGE, MX","2021-06-14","77",",,S","50",",,S"
"MXM00076683","TLAXCALA DE XICONTECATL DGE, MX","2021-06-15","74",",,S","53",",,S"
"MXM00076683","TLAXCALA DE XICONTECATL DGE, MX","2021-06-16",,,,
"MXM00076683","TLAXCALA DE XICONTECATL DGE, MX","2021-06-17","80",",,S","52",",,S"
"MXM00076683","TLAXCALA DE XICONTECATL DGE, MX","2021-06-18","74",",,S","52",",,S"
"MXM00076683","TLAXCALA DE XICONTECATL DGE, MX","2021-06-19","70",",,S","55",",,S"
"MXM00076683","TLAXCALA DE XICONTECATL DGE, MX","2021-06-22","80",",,S","58",",,S"
"MXM00076683","TLAXCALA DE XICONTECATL DGE, MX","2021-06-23","81",",,S","55",",,S"
"MXM00076683","TLAXCALA DE XICONTECATL DGE, MX","2021-06-24","78",",,S","53",",,S"
"MXM00076683","TLAXCALA DE XICONTECATL DGE, MX","2021-06-25","75",",,S","52",",,S"
"MXM00076683","TLAXCALA DE XICONTECATL DGE, MX","2021-06-26","74",",,S","52",",,S"
"MXM00076683","TLAXCALA DE XICONTECATL DGE, MX","2021-06-28",,,,
"MXM00076683","TLAXCALA DE XICONTECATL DGE, MX","2021-06-29","77",",,S","55",",,S"
"MXM00076683","TLAXCALA DE XICONTECATL DGE, MX","2021-06-30","74",",,S","55",",,S"
"MXM00076683","TLAXCALA DE XICONTECATL DGE, MX","2021-07-01","74",",,S","53",",,S"
"MXM00076683","TLAXCALA DE XICONTECATL DGE, MX","2021-07-02",,,,
"MXM00076683","TLAXCALA DE XICONTECATL DGE, MX","2021-07-03",,,,
"MXM00076683","TLAXCALA DE XICONTECATL DGE, MX","2021-07-04","76",",,S","53",",,S"
"MXM00076683","TLAXCALA DE XICONTECATL DGE, MX","2021-07-05","80",",,S","50",",,S"
"MXM00076683","TLAXCALA DE XICONTECATL DGE, MX","2021-07-06",,,,
"MXM00076683","TLAXCALA DE XICONTECATL DGE, MX","2021-07-07",,,,
"MXM00076683","TLAXCALA DE XICONTECATL DGE, MX","2021-07-08","76",",,S","54",",,S"
"MXM00076683","TLAXCALA DE XICONTECATL DGE, MX","2021-07-09","74",",,S","54",",,S"
"MXM00076683","TLAXCALA DE XICONTECATL DGE, MX","2021-07-10",,,,
"MXM00076683","TLAXCALA DE XICONTECATL DGE, MX","2021-07-11","81",",,S","49",",,S"
"MXM00076683","TLAXCALA DE XICONTECATL DGE, MX","2021-07-12","76",",,S","46",",,S"
"MXM00076683","TLAXCALA DE XICONTECATL DGE, MX","2021-07-13","78",",,S","46",",,S"
"MXM00076683","TLAXCALA DE XICONTECATL DGE, MX","2021-07-14","74",",,S","49",",,S"
"MXM00076683","TLAXCALA DE XICONTECATL DGE, MX","2021-07-15","73",",,S","49",",,S"
"MXM00076683","TLAXCALA DE XICONTECATL DGE, MX","2021-07-16",,,,
"MXM00076683","TLAXCALA DE XICONTECATL DGE, MX","2021-07-17","77",",,S","49",",,S"
"MXM00076683","TLAXCALA DE XICONTECATL DGE, MX","2021-07-18","79",",,S","49",",,S"
"MXM00076683","TLAXCALA DE XICONTECATL DGE, MX","2021-07-19","78",",,S","49",",,S"
"MXM00076683","TLAXCALA DE XICONTECATL DGE, MX","2021-07-20","79",",,S","49",",,S"
"MXM00076683","TLAXCALA DE XICONTECATL DGE, MX","2021-07-21",,,,
"MXM00076683","TLAXCALA DE XICONTECATL DGE, MX","2021-07-22","78",",,S","51",",,S"
"MXM00076683","TLAXCALA DE XICONTECATL DGE, MX","2021-07-23","78",",,S","47",",,S"
"MXM00076683","TLAXCALA DE XICONTECATL DGE, MX","2021-07-25",,,,
"MXM00076683","TLAXCALA DE XICONTECATL DGE, MX","2021-07-26",,,,
"MXM00076683","TLAXCALA DE XICONTECATL DGE, MX","2021-07-27","80",",,S","49",",,S"
"MXM00076683","TLAXCALA DE XICONTECATL DGE, MX","2021-07-28","81",",,S","50",",,S"
"MXM00076683","TLAXCALA DE XICONTECATL DGE, MX","2021-07-29","79",",,S","54",",,S"
"MXM00076683","TLAXCALA DE XICONTECATL DGE, MX","2021-07-30","79",",,S","54",",,S"
"MXM00076683","TLAXCALA DE XICONTECATL DGE, MX","2021-07-31","77",",,S","48",",,S"
"MXM00076683","TLAXCALA DE XICONTECATL DGE, MX","2021-08-01","78",",,S","51",",,S"
"MXM00076683","TLAXCALA DE XICONTECATL DGE, MX","2021-08-02","78",",,S","50",",,S"
"MXM00076683","TLAXCALA DE XICONTECATL DGE, MX","2021-08-03","74",",,S","55",",,S"
"MXM00076683","TLAXCALA DE XICONTECATL DGE, MX","2021-08-06","78",",,S","47",",,S"
"MXM00076683","TLAXCALA DE XICONTECATL DGE, MX","2021-08-07",,,,
"MXM00076683","TLAXCALA DE XICONTECATL DGE, MX","2021-08-08","79",",,S","43",",,S"
"MXM00076683","TLAXCALA DE XICONTECATL DGE, MX","2021-08-09","74",",,S","43",",,S"
"MXM00076683","TLAXCALA DE XICONTECATL DGE, MX","2021-08-11","78",",,S","50",",,S"
"MXM00076683","TLAXCALA DE XICONTECATL DGE, MX","2021-08-12","80",",,S","50",",,S"
"MXM00076683","TLAXCALA DE XICONTECATL DGE, MX","2021-08-13",,,,
"MXM00076683","TLAXCALA DE XICONTECATL DGE, MX","2021-08-14","74",",,S","54",",,S"
"MXM00076683","TLAXCALA DE XICONTECATL DGE, MX","2021-08-15","78",",,S","53",",,S"
"MXM00076683","TLAXCALA DE XICONTECATL DGE, MX","2021-08-16",,,,
"MXM00076683","TLAXCALA DE XICONTECATL DGE, MX","2021-08-17","79",",,S","54",",,S"
"MXM00076683","TLAXCALA DE XICONTECATL DGE, MX","2021-08-18","79",",,S","51",",,S"
"MXM00076683","TLAXCALA DE XICONTECATL DGE, MX","2021-08-19","80",",,S","51",",,S"
"MXM00076683","TLAXCALA DE XICONTECATL DGE, MX","2021-08-20","82",",,S","49",",,S"
"MXM00076683","TLAXCALA DE XICONTECATL DGE, MX","2021-08-21","75",",,S","49",",,S"
"MXM00076683","TLAXCALA DE XICONTECATL DGE, MX","2021-08-22","72",",,S","58",",,S"
"MXM00076683","TLAXCALA DE XICONTECATL DGE, MX","2021-08-23","73",",,S","51",",,S"
"MXM00076683","TLAXCALA DE XICONTECATL DGE, MX","2021-08-24","73",",,S","51",",,S"
"MXM00076683","TLAXCALA DE XICONTECATL DGE, MX","2021-08-25","73",",,S","53",",,S"
"MXM00076683","TLAXCALA DE XICONTECATL DGE, MX","2021-08-26","75",",,S","51",",,S"
"MXM00076683","TLAXCALA DE XICONTECATL DGE, MX","2021-08-27","76",",,S","51",",,S"
"MXM00076683","TLAXCALA DE XICONTECATL DGE, MX","2021-08-28",,,,
"MXM00076683","TLAXCALA DE XICONTECATL DGE, MX","2021-08-29","75",",,S","55",",,S"
"MXM00076683","TLAXCALA DE XICONTECATL DGE, MX","2021-08-30",,,,
"MXM00076683","TLAXCALA DE XICONTECATL DGE, MX","2021-08-31","73",",,S","53",",,S"
"MXM00076683","TLAXCALA DE XICONTECATL DGE, MX","2021-09-01",,,,
"MXM00076683","TLAXCALA DE XICONTECATL DGE, MX","2021-09-02",,,,
"MXM00076683","TLAXCALA DE XICONTECATL DGE, MX","2021-09-03","70",",,S","55",",,S"
"MXM00076683","TLAXCALA DE XICONTECATL DGE, MX","2021-09-04",,,,
"MXM00076683","TLAXCALA DE XICONTECATL DGE, MX","2021-09-05","79",",,S","55",",,S"
"MXM00076683","TLAXCALA DE XICONTECATL DGE, MX","2021-09-06","76",",,S","55",",,S"
"MXM00076683","TLAXCALA DE XICONTECATL DGE, MX","2021-09-07","77",",,S","55",",,S"
"MXM00076683","TLAXCALA DE XICONTECATL DGE, MX","2021-09-08","73",",,S","53",",,S"
"MXM00076683","TLAXCALA DE XICONTECATL DGE, MX","2021-09-09",,,,
"MXM00076683","TLAXCALA DE XICONTECATL DGE, MX","2021-09-10","77",",,S","52",",,S"
"MXM00076683","TLAXCALA DE XICONTECATL DGE, MX","2021-09-11","75",",,S","49",",,S"
"MXM00076683","TLAXCALA DE XICONTECATL DGE, MX","2021-09-12","75",",,S","49",",,S"
"MXM00076683","TLAXCALA DE XICONTECATL DGE, MX","2021-09-13","71",",,S","55",",,S"
"MXM00076683","TLAXCALA DE XICONTECATL DGE, MX","2021-09-14","73",",,S","54",",,S"
"MXM00076683","TLAXCALA DE XICONTECATL DGE, MX","2021-09-15","76",",,S","54",",,S"
"MXM00076683","TLAXCALA DE XICONTECATL DGE, MX","2021-09-16","77",",,S","55",",,S"
"MXM00076683","TLAXCALA DE XICONTECATL DGE, MX","2021-09-17",,,,
"MXM00076683","TLAXCALA DE XICONTECATL DGE, MX","2021-09-18","78",",,S","53",",,S"
"MXM00076683","TLAXCALA DE XICONTECATL DGE, MX","2021-09-19",,,,
"MXM00076683","TLAXCALA DE XICONTECATL DGE, MX","2021-09-20",,,,
"MXM00076683","TLAXCALA DE XICONTECATL DGE, MX","2021-09-21",,,,
"MXM00076683","TLAXCALA DE XICONTECATL DGE, MX","2021-09-22","82",",,S","47",",,S"
"MXM00076683","TLAXCALA DE XICONTECATL DGE, MX","2021-09-23","76",",,S","47",",,S"
"MXM00076683","TLAXCALA DE XICONTECATL DGE, MX","2021-09-24","74",",,S","46",",,S"
"MXM00076683","TLAXCALA DE XICONTECATL DGE, MX","2021-09-25","78",",,S","49",",,S"
"MXM00076683","TLAXCALA DE XICONTECATL DGE, MX","2021-09-26","76",",,S","50",",,S"
"MXM00076683","TLAXCALA DE XICONTECATL DGE, MX","2021-09-27","77",",,S","49",",,S"
"MXM00076683","TLAXCALA DE XICONTECATL DGE, MX","2021-09-28","78",",,S","49",",,S"
"MXM00076683","TLAXCALA DE XICONTECATL DGE, MX","2021-09-29",,,,
"MXM00076683","TLAXCALA DE XICONTECATL DGE, MX","2021-09-30","78",",,S","52",",,S"
"MXM00076683","TLAXCALA DE XICONTECATL DGE, MX","2021-10-01","75",",,S","48",",,S"
"MXM00076683","TLAXCALA DE XICONTECATL DGE, MX","2021-10-03","76",",,S","52",",,S"
"MXM00076683","TLAXCALA DE XICONTECATL DGE, MX","2021-10-04","79",",,S","49",",,S"
"MXM00076683","TLAXCALA DE XICONTECATL DGE, MX","2021-10-05","78",",,S","51",",,S"
"MXM00076683","TLAXCALA DE XICONTECATL DGE, MX","2021-10-06","76",",,S","52",",,S"
"MXM00076683","TLAXCALA DE XICONTECATL DGE, MX","2021-10-07",,,,
"MXM00076683","TLAXCALA DE XICONTECATL DGE, MX","2021-10-08",,,,
"MXM00076683","TLAXCALA DE XICONTECATL DGE, MX","2021-10-09",,,,
"MXM00076683","TLAXCALA DE XICONTECATL DGE, MX","2021-10-10","79",",,S","48",",,S"
"MXM00076683","TLAXCALA DE XICONTECATL DGE, MX","2021-10-11",,,,
"MXM00076683","TLAXCALA DE XICONTECATL DGE, MX","2021-10-12","81",",,S","47",",,S"
"MXM00076683","TLAXCALA DE XICONTECATL DGE, MX","2021-10-13","80",",,S","46",",,S"
"MXM00076683","TLAXCALA DE XICONTECATL DGE, MX","2021-10-14",,,,
"MXM00076683","TLAXCALA DE XICONTECATL DGE, MX","2021-10-15","83",",,S","45",",,S"
"MXM00076683","TLAXCALA DE XICONTECATL DGE, MX","2021-10-16","81",",,S","45",",,S"
"MXM00076683","TLAXCALA DE XICONTECATL DGE, MX","2021-10-17","71",",,S","46",",,S"
"MXM00076683","TLAXCALA DE XICONTECATL DGE, MX","2021-10-18","71",",,S","47",",,S"
"MXM00076683","TLAXCALA DE XICONTECATL DGE, MX","2021-10-19",,,,
"MXM00076683","TLAXCALA DE XICONTECATL DGE, MX","2021-10-20",,,,
"MXM00076683","TLAXCALA DE XICONTECATL DGE, MX","2021-10-21","78",",,S","51",",,S"
"MXM00076683","TLAXCALA DE XICONTECATL DGE, MX","2021-10-22","74",",,S","53",",,S"
"MXM00076683","TLAXCALA DE XICONTECATL DGE, MX","2021-10-23","73",",,S","52",",,S"
"MXM00076683","TLAXCALA DE XICONTECATL DGE, MX","2021-10-24",,,,
"MXM00076683","TLAXCALA DE XICONTECATL DGE, MX","2021-10-25","78",",,S","50",",,S"
"MXM00076683","TLAXCALA DE XICONTECATL DGE, MX","2021-10-26","77",",,S","50",",,S"
"MXM00076683","TLAXCALA DE XICONTECATL DGE, MX","2021-10-27","78",",,S","51",",,S"
"MXM00076683","TLAXCALA DE XICONTECATL DGE, MX","2021-10-28",,,,
"MXM00076683","TLAXCALA DE XICONTECATL DGE, MX","2021-10-29",,,,
"MXM00076683","TLAXCALA DE XICONTECATL DGE, MX","2021-10-30","76",",,S","47",",,S"
"MXM00076683","TLAXCALA DE XICONTECATL DGE, MX","2021-10-31","77",",,S","47",",,S"
"MXM00076683","TLAXCALA DE XICONTECATL DGE, MX","2021-11-01","78",",,S","47",",,S"
"MXM00076683","TLAXCALA DE XICONTECATL DGE, MX","2021-11-02","78",",,S","43",",,S"
"MXM00076683","TLAXCALA DE XICONTECATL DGE, MX","2021-11-03","78",",,S","41",",,S"
"MXM00076683","TLAXCALA DE XICONTECATL DGE, MX","2021-11-04","80",",,S","41",",,S"
"MXM00076683","TLAXCALA DE XICONTECATL DGE, MX","2021-11-05","77",",,S","44",",,S"
"MXM00076683","TLAXCALA DE XICONTECATL DGE, MX","2021-11-06",,,,
"MXM00076683","TLAXCALA DE XICONTECATL DGE, MX","2021-11-07","75",",,S","44",",,S"
"MXM00076683","TLAXCALA DE XICONTECATL DGE, MX","2021-11-08",,,,
"MXM00076683","TLAXCALA DE XICONTECATL DGE, MX","2021-11-09","79",",,S","42",",,S"
"MXM00076683","TLAXCALA DE XICONTECATL DGE, MX","2021-11-10","77",",,S","41",",,S"
"MXM00076683","TLAXCALA DE XICONTECATL DGE, MX","2021-11-11","75",",,S","41",",,S"
"MXM00076683","TLAXCALA DE XICONTECATL DGE, MX","2021-11-12","77",",,S","40",",,S"
"MXM00076683","TLAXCALA DE XICONTECATL DGE, MX","2021-11-13","73",",,S","38",",,S"
"MXM00076683","TLAXCALA DE XICONTECATL DGE, MX","2021-11-14",,,,
"MXM00076683","TLAXCALA DE XICONTECATL DGE, MX","2021-11-15",,,,
"MXM00076683","TLAXCALA DE XICONTECATL DGE, MX","2021-11-16","75",",,S","37",",,S"
"MXM00076683","TLAXCALA DE XICONTECATL DGE, MX","2021-11-17",,,,
"MXM00076683","TLAXCALA DE XICONTECATL DGE, MX","2021-11-18","74",",,S","38",",,S"
"MXM00076683","TLAXCALA DE XICONTECATL DGE, MX","2021-11-19","76",",,S","40",",,S"
"MXM00076683","TLAXCALA DE XICONTECATL DGE, MX","2021-11-20",,,,
"MXM00076683","TLAXCALA DE XICONTECATL DGE, MX","2021-11-21",,,,
"MXM00076683","TLAXCALA DE XICONTECATL DGE, MX","2021-11-22","76",",,S","44",",,S"
"MXM00076683","TLAXCALA DE XICONTECATL DGE, MX","2021-11-23","72",",,S","51",",,S"
"MXM00076683","TLAXCALA DE XICONTECATL DGE, MX","2021-11-24",,,,
"MXM00076683","TLAXCALA DE XICONTECATL DGE, MX","2021-11-25",,,,
"MXM00076683","TLAXCALA DE XICONTECATL DGE, MX","2021-11-26",,,,
"MXM00076683","TLAXCALA DE XICONTECATL DGE, MX","2021-11-27",,,,
"MXM00076683","TLAXCALA DE XICONTECATL DGE, MX","2021-11-28",,,,
"MXM00076683","TLAXCALA DE XICONTECATL DGE, MX","2021-11-29","76",",,S","41",",,S"
"MXM00076683","TLAXCALA DE XICONTECATL DGE, MX","2021-11-30",,,,
"MXM00076683","TLAXCALA DE XICONTECATL DGE, MX","2021-12-01","77",",,S","40",",,S"
"MXM00076683","TLAXCALA DE XICONTECATL DGE, MX","2021-12-02","78",",,S","40",",,S"
"MXM00076683","TLAXCALA DE XICONTECATL DGE, MX","2021-12-08",,,,
"MXM00076683","TLAXCALA DE XICONTECATL DGE, MX","2021-12-09","80",",,S","41",",,S"
"MXM00076683","TLAXCALA DE XICONTECATL DGE, MX","2021-12-10","80",",,S","41",",,S"
"MXM00076683","TLAXCALA DE XICONTECATL DGE, MX","2021-12-11",,,,
"MXM00076683","TLAXCALA DE XICONTECATL DGE, MX","2021-12-12",,,,
"MXM00076683","TLAXCALA DE XICONTECATL DGE, MX","2021-12-13","78",",,S","43",",,S"
"MXM00076683","TLAXCALA DE XICONTECATL DGE, MX","2021-12-14","79",",,S","42",",,S"
"MXM00076683","TLAXCALA DE XICONTECATL DGE, MX","2021-12-15","79",",,S","42",",,S"
"MXM00076683","TLAXCALA DE XICONTECATL DGE, MX","2021-12-16",,,,
"MXM00076683","TLAXCALA DE XICONTECATL DGE, MX","2021-12-17","79",",,S","38",",,S"
"MXM00076683","TLAXCALA DE XICONTECATL DGE, MX","2021-12-18","74",",,S","38",",,S"
"MXM00076683","TLAXCALA DE XICONTECATL DGE, MX","2021-12-19","75",",,S","43",",,S"
"MXM00076683","TLAXCALA DE XICONTECATL DGE, MX","2021-12-20","73",",,S","46",",,S"
"MXM00076683","TLAXCALA DE XICONTECATL DGE, MX","2021-12-21",,,,
"MXM00076683","TLAXCALA DE XICONTECATL DGE, MX","2021-12-22",,,,
"MXM00076683","TLAXCALA DE XICONTECATL DGE, MX","2021-12-23",,,,
"MXM00076683","TLAXCALA DE XICONTECATL DGE, MX","2021-12-24","80",",,S","37",",,S"
"MXM00076683","TLAXCALA DE XICONTECATL DGE, MX","2021-12-25","82",",,S","37",",,S"
"MXM00076683","TLAXCALA DE XICONTECATL DGE, MX","2021-12-26",,,,
"MXM00076683","TLAXCALA DE XICONTECATL DGE, MX","2021-12-27","83",",,S","34",",,S"
"MXM00076683","TLAXCALA DE XICONTECATL DGE, MX","2021-12-28","77",",,S","37",",,S"
"MXM00076683","TLAXCALA DE XICONTECATL DGE, MX","2021-12-29",,,,
"MXM00076683","TLAXCALA DE XICONTECATL DGE, MX","2021-12-30",,,,
"MXM00076683","TLAXCALA DE XICONTECATL DGE, MX","2021-12-31","77",",,S","33",",,S"
"MXM00076683","TLAXCALA DE XICONTECATL DGE, MX","2022-01-01",,,,
"MXM00076683","TLAXCALA DE XICONTECATL DGE, MX","2022-01-02","79",",,S","38",",,S"
"MXM00076683","TLAXCALA DE XICONTECATL DGE, MX","2022-01-03","77",",,S","38",",,S"
"MXM00076683","TLAXCALA DE XICONTECATL DGE, MX","2022-01-04",,,,
"MXM00076683","TLAXCALA DE XICONTECATL DGE, MX","2022-01-05","80",",,S","39",",,S"
"MXM00076683","TLAXCALA DE XICONTECATL DGE, MX","2022-01-06","79",",,S","40",",,S"
"MXM00076683","TLAXCALA DE XICONTECATL DGE, MX","2022-01-07","78",",,S","42",",,S"
"MXM00076683","TLAXCALA DE XICONTECATL DGE, MX","2022-01-08",,,,
"MXM00076683","TLAXCALA DE XICONTECATL DGE, MX","2022-01-09",,,,
"MXM00076683","TLAXCALA DE XICONTECATL DGE, MX","2022-01-10","78",",,S","44",",,S"
"MXM00076683","TLAXCALA DE XICONTECATL DGE, MX","2022-01-11","67",",,S","45",",,S"
"MXM00076683","TLAXCALA DE XICONTECATL DGE, MX","2022-01-12",,,,
"MXM00076683","TLAXCALA DE XICONTECATL DGE, MX","2022-01-13","76",",,S","40",",,S"
"MXM00076683","TLAXCALA DE XICONTECATL DGE, MX","2022-01-14","73",",,S","38",",,S"
"MXM00076683","TLAXCALA DE XICONTECATL DGE, MX","2022-01-15","73",",,S","37",",,S"
"MXM00076683","TLAXCALA DE XICONTECATL DGE, MX","2022-01-16","74",",,S","37",",,S"
"MXM00076683","TLAXCALA DE XICONTECATL DGE, MX","2022-01-17","71",",,S","43",",,S"
"MXM00076683","TLAXCALA DE XICONTECATL DGE, MX","2022-01-18","71",",,S","39",",,S"
"MXM00076683","TLAXCALA DE XICONTECATL DGE, MX","2022-01-19","73",",,S","39",",,S"
"MXM00076683","TLAXCALA DE XICONTECATL DGE, MX","2022-01-20","75",",,S","40",",,S"
"MXM00076683","TLAXCALA DE XICONTECATL DGE, MX","2022-01-21","74",",,S","41",",,S"
"MXM00076683","TLAXCALA DE XICONTECATL DGE, MX","2022-01-22",,,,
"MXM00076683","TLAXCALA DE XICONTECATL DGE, MX","2022-01-23",,,,
"MXM00076683","TLAXCALA DE XICONTECATL DGE, MX","2022-01-24","74",",,S","39",",,S"
"MXM00076683","TLAXCALA DE XICONTECATL DGE, MX","2022-01-25","70",",,S","41",",,S"
"MXM00076683","TLAXCALA DE XICONTECATL DGE, MX","2022-01-26",,,,
"MXM00076683","TLAXCALA DE XICONTECATL DGE, MX","2022-01-27","73",",,S","44",",,S"
"MXM00076683","TLAXCALA DE XICONTECATL DGE, MX","2022-01-29","77",",,S","43",",,S"
"MXM00076683","TLAXCALA DE XICONTECATL DGE, MX","2022-01-30","70",",,S","40",",,S"
"MXM00076683","TLAXCALA DE XICONTECATL DGE, MX","2022-01-31","77",",,S","40",",,S"
"MXM00076683","TLAXCALA DE XICONTECATL DGE, MX","2022-02-01",,,,
"MXM00076683","TLAXCALA DE XICONTECATL DGE, MX","2022-02-02","77",",,S","38",",,S"
"MXM00076683","TLAXCALA DE XICONTECATL DGE, MX","2022-02-03","73",",,S","38",",,S"
"MXM00076683","TLAXCALA DE XICONTECATL DGE, MX","2022-02-04","73",",,S","40",",,S"
"MXM00076683","TLAXCALA DE XICONTECATL DGE, MX","2022-02-05","75",",,S","39",",,S"
"MXM00076683","TLAXCALA DE XICONTECATL DGE, MX","2022-02-06",,,,
"MXM00076683","TLAXCALA DE XICONTECATL DGE, MX","2022-02-07","74",",,S","39",",,S"
"MXM00076683","TLAXCALA DE XICONTECATL DGE, MX","2022-02-08","73",",,S","45",",,S"
"MXM00076683","TLAXCALA DE XICONTECATL DGE, MX","2022-02-09",,,,
"MXM00076683","TLAXCALA DE XICONTECATL DGE, MX","2022-02-10","69",",,S","40",",,S"
"MXM00076683","TLAXCALA DE XICONTECATL DGE, MX","2022-02-11","67",",,S","35",",,S"
"MXM00076683","TLAXCALA DE XICONTECATL DGE, MX","2022-02-12",,,,
"MXM00076683","TLAXCALA DE XICONTECATL DGE, MX","2022-02-13","74",",,S","45",",,S"
"MXM00076683","TLAXCALA DE XICONTECATL DGE, MX","2022-02-14",,,,
"MXM00076683","TLAXCALA DE XICONTECATL DGE, MX","2022-02-15",,,,
"MXM00076683","TLAXCALA DE XICONTECATL DGE, MX","2022-02-16","76",",,S","43",",,S"
"MXM00076683","TLAXCALA DE XICONTECATL DGE, MX","2022-02-17",,,,
"MXM00076683","TLAXCALA DE XICONTECATL DGE, MX","2022-02-18","79",",,S","43",",,S"
"MXM00076683","TLAXCALA DE XICONTECATL DGE, MX","2022-02-19","81",",,S","42",",,S"
"MXM00076683","TLAXCALA DE XICONTECATL DGE, MX","2022-02-20","80",",,S","41",",,S"
"MXM00076683","TLAXCALA DE XICONTECATL DGE, MX","2022-02-21",,,,
"MXM00076683","TLAXCALA DE XICONTECATL DGE, MX","2022-02-22",,,,
"MXM00076683","TLAXCALA DE XICONTECATL DGE, MX","2022-02-23","85",",,S","42",",,S"
"MXM00076683","TLAXCALA DE XICONTECATL DGE, MX","2022-02-24","83",",,S","39",",,S"
"MXM00076683","TLAXCALA DE XICONTECATL DGE, MX","2022-02-25","80",",,S","39",",,S"
"MXM00076683","TLAXCALA DE XICONTECATL DGE, MX","2022-02-26","78",",,S","44",",,S"
"MXM00076683","TLAXCALA DE XICONTECATL DGE, MX","2022-02-27","79",",,S","42",",,S"
"MXM00076683","TLAXCALA DE XICONTECATL DGE, MX","2022-02-28","81",",,S","38",",,S"
"MXM00076683","TLAXCALA DE XICONTECATL DGE, MX","2022-03-01",,,,
"MXM00076683","TLAXCALA DE XICONTECATL DGE, MX","2022-03-02","80",",,S","37",",,S"
"MXM00076683","TLAXCALA DE XICONTECATL DGE, MX","2022-03-03",,,,
"MXM00076683","TLAXCALA DE XICONTECATL DGE, MX","2022-03-04","80",",,S","38",",,S"
"MXM00076683","TLAXCALA DE XICONTECATL DGE, MX","2022-03-05","81",",,S","40",",,S"
"MXM00076683","TLAXCALA DE XICONTECATL DGE, MX","2022-03-06","82",",,S","40",",,S"
"MXM00076683","TLAXCALA DE XICONTECATL DGE, MX","2022-03-07","82",",,S","41",",,S"
"MXM00076683","TLAXCALA DE XICONTECATL DGE, MX","2022-03-08","83",",,S","44",",,S"
"MXM00076683","TLAXCALA DE XICONTECATL DGE, MX","2022-03-09","80",",,S","43",",,S"
"MXM00076683","TLAXCALA DE XICONTECATL DGE, MX","2022-03-10","78",",,S","43",",,S"
"MXM00076683","TLAXCALA DE XICONTECATL DGE, MX","2022-03-11","77",",,S","43",",,S"
"MXM00076683","TLAXCALA DE XICONTECATL DGE, MX","2022-03-12","79",",,S","44",",,S"
"MXM00076683","TLAXCALA DE XICONTECATL DGE, MX","2022-03-13","76",",,S","41",",,S"
"MXM00076683","TLAXCALA DE XICONTECATL DGE, MX","2022-03-14",,,,
"MXM00076683","TLAXCALA DE XICONTECATL DGE, MX","2022-03-15","80",",,S","45",",,S"
"MXM00076683","TLAXCALA DE XICONTECATL DGE, MX","2022-03-16","72",",,S","44",",,S"
"MXM00076683","TLAXCALA DE XICONTECATL DGE, MX","2022-03-17","77",",,S","45",",,S"
"MXM00076683","TLAXCALA DE XICONTECATL DGE, MX","2022-03-18","78",",,S","45",",,S"
"MXM00076683","TLAXCALA DE XICONTECATL DGE, MX","2022-03-19",,,,
"MXM00076683","TLAXCALA DE XICONTECATL DGE, MX","2022-03-21","81",",,S","44",",,S"
"MXM00076683","TLAXCALA DE XICONTECATL DGE, MX","2022-03-22","81",",,S","44",",,S"
"MXM00076683","TLAXCALA DE XICONTECATL DGE, MX","2022-03-23","80",",,S","45",",,S"
"MXM00076683","TLAXCALA DE XICONTECATL DGE, MX","2022-03-24","79",",,S","43",",,S"
"MXM00076683","TLAXCALA DE XICONTECATL DGE, MX","2022-03-25",,,,
"MXM00076683","TLAXCALA DE XICONTECATL DGE, MX","2022-03-26",,,,
"MXM00076683","TLAXCALA DE XICONTECATL DGE, MX","2022-03-27","83",",,S","37",",,S"
"MXM00076683","TLAXCALA DE XICONTECATL DGE, MX","2022-03-28","84",",,S","37",",,S"
"MXM00076683","TLAXCALA DE XICONTECATL DGE, MX","2022-03-29","86",",,S","41",",,S"
"MXM00076683","TLAXCALA DE XICONTECATL DGE, MX","2022-03-30","85",",,S","44",",,S"
"MXM00076683","TLAXCALA DE XICONTECATL DGE, MX","2022-03-31","85",",,S","44",",,S"
"MXM00076683","TLAXCALA DE XICONTECATL DGE, MX","2022-04-01","86",",,S","44",",,S"
"MXM00076683","TLAXCALA DE XICONTECATL DGE, MX","2022-04-02",,,,
"MXM00076683","TLAXCALA DE XICONTECATL DGE, MX","2022-04-03","88",",,S","47",",,S"
"MXM00076683","TLAXCALA DE XICONTECATL DGE, MX","2022-04-04","87",",,S","47",",,S"
"MXM00076683","TLAXCALA DE XICONTECATL DGE, MX","2022-04-05","84",",,S","47",",,S"
"MXM00076683","TLAXCALA DE XICONTECATL DGE, MX","2022-04-06",,,,
"MXM00076683","TLAXCALA DE XICONTECATL DGE, MX","2022-04-07","89",",,S","47",",,S"
"MXM00076683","TLAXCALA DE XICONTECATL DGE, MX","2022-04-08","81",",,S","48",",,S"
"MXM00076683","TLAXCALA DE XICONTECATL DGE, MX","2022-04-09","77",",,S","49",",,S"
"MXM00076683","TLAXCALA DE XICONTECATL DGE, MX","2022-04-11",,,,
"MXM00076683","TLAXCALA DE XICONTECATL DGE, MX","2022-04-12","85",",,S","53",",,S"
"MXM00076683","TLAXCALA DE XICONTECATL DGE, MX","2022-04-13","85",",,S","52",",,S"
"MXM00076683","TLAXCALA DE XICONTECATL DGE, MX","2022-04-14","86",",,S","52",",,S"
"MXM00076683","TLAXCALA DE XICONTECATL DGE, MX","2022-04-15",,,,
"MXM00076683","TLAXCALA DE XICONTECATL DGE, MX","2022-04-16","85",",,S","54",",,S"
"MXM00076683","TLAXCALA DE XICONTECATL DGE, MX","2022-04-17","90",",,S","48",",,S"
"MXM00076683","TLAXCALA DE XICONTECATL DGE, MX","2022-04-18","92",",,S","48",",,S"
"MXM00076683","TLAXCALA DE XICONTECATL DGE, MX","2022-04-19","89",",,S","48",",,S"
"MXM00076683","TLAXCALA DE XICONTECATL DGE, MX","2022-04-20",,,,
"MXM00076683","TLAXCALA DE XICONTECATL DGE, MX","2022-04-21","86",",,S","54",",,S"
"MXM00076683","TLAXCALA DE XICONTECATL DGE, MX","2022-04-22",,,,
"MXM00076683","TLAXCALA DE XICONTECATL DGE, MX","2022-04-23","81",",,S","44",",,S"
"MXM00076683","TLAXCALA DE XICONTECATL DGE, MX","2022-04-24","81",",,S","44",",,S"
"MXM00076683","TLAXCALA DE XICONTECATL DGE, MX","2022-04-25","86",",,S","48",",,S"
"MXM00076683","TLAXCALA DE XICONTECATL DGE, MX","2022-04-26",,,,
"MXM00076683","TLAXCALA DE XICONTECATL DGE, MX","2022-04-27","74",",,S","47",",,S"
"MXM00076683","TLAXCALA DE XICONTECATL DGE, MX","2022-04-28","80",",,S","50",",,S"
"MXM00076683","TLAXCALA DE XICONTECATL DGE, MX","2022-04-29","81",",,S","51",",,S"
"MXM00076683","TLAXCALA DE XICONTECATL DGE, MX","2022-04-30","83",",,S","51",",,S"
"MXM00076683","TLAXCALA DE XICONTECATL DGE, MX","2022-05-02",,,,
"MXM00076683","TLAXCALA DE XICONTECATL DGE, MX","2022-05-03",,,,
"MXM00076683","TLAXCALA DE XICONTECATL DGE, MX","2022-05-04",,,,
"MXM00076683","TLAXCALA DE XICONTECATL DGE, MX","2022-05-05",,,,
"MXM00076683","TLAXCALA DE XICONTECATL DGE, MX","2022-05-06","88",",,S","47",",,S"
"MXM00076683","TLAXCALA DE XICONTECATL DGE, MX","2022-05-07","88",",,S","51",",,S"
"MXM00076683","TLAXCALA DE XICONTECATL DGE, MX","2022-05-09","87",",,S","48",",,S"
"MXM00076683","TLAXCALA DE XICONTECATL DGE, MX","2022-05-10","89",",,S","48",",,S"
"MXM00076683","TLAXCALA DE XICONTECATL DGE, MX","2022-05-11","87",",,S","49",",,S"
"MXM00076683","TLAXCALA DE XICONTECATL DGE, MX","2022-05-12","84",",,S","48",",,S"
"MXM00076683","TLAXCALA DE XICONTECATL DGE, MX","2022-05-14","86",",,S","44",",,S"
"MXM00076683","TLAXCALA DE XICONTECATL DGE, MX","2022-05-15","85",",,S","42",",,S"
"MXM00076683","TLAXCALA DE XICONTECATL DGE, MX","2022-05-16","86",",,S","42",",,S"
"MXM00076683","TLAXCALA DE XICONTECATL DGE, MX","2022-05-17","85",",,S","42",",,S"
"MXM00076683","TLAXCALA DE XICONTECATL DGE, MX","2022-05-18","86",",,S","45",",,S"
"MXM00076683","TLAXCALA DE XICONTECATL DGE, MX","2022-05-19","86",",,S","48",",,S"
"MXM00076683","TLAXCALA DE XICONTECATL DGE, MX","2022-05-20","87",",,S","49",",,S"
"MXM00076683","TLAXCALA DE XICONTECATL DGE, MX","2022-05-21","87",",,S","55",",,S"
"MXM00076683","TLAXCALA DE XICONTECATL DGE, MX","2022-05-23","84",",,S","54",",,S"
"MXM00076683","TLAXCALA DE XICONTECATL DGE, MX","2022-05-24","82",",,S","50",",,S"
"MXM00076683","TLAXCALA DE XICONTECATL DGE, MX","2022-05-25","83",",,S","48",",,S"
"MXM00076683","TLAXCALA DE XICONTECATL DGE, MX","2022-05-26","84",",,S","50",",,S"
"MXM00076683","TLAXCALA DE XICONTECATL DGE, MX","2022-05-27","83",",,S","50",",,S"
"MXM00076683","TLAXCALA DE XICONTECATL DGE, MX","2022-05-28","81",",,S","51",",,S"
"MXM00076683","TLAXCALA DE XICONTECATL DGE, MX","2022-05-29","82",",,S","49",",,S"
"MXM00076683","TLAXCALA DE XICONTECATL DGE, MX","2022-05-30","86",",,S","53",",,S"
"MXM00076683","TLAXCALA DE XICONTECATL DGE, MX","2022-06-02","80",",,S","50",",,S"
"MXM00076683","TLAXCALA DE XICONTECATL DGE, MX","2022-06-08","84",",,S","54",",,S"
"MXM00076683","TLAXCALA DE XICONTECATL DGE, MX","2022-06-09","82",",,S","55",",,S"
"MXM00076683","TLAXCALA DE XICONTECATL DGE, MX","2022-06-10",,,,
"MXM00076683","TLAXCALA DE XICONTECATL DGE, MX","2022-06-13","80",",,S","49",",,S"
"MXM00076683","TLAXCALA DE XICONTECATL DGE, MX","2022-06-15","71",",,S","54",",,S"
"MXM00076683","TLAXCALA DE XICONTECATL DGE, MX","2022-06-16","76",",,S","54",",,S"
"MXM00076683","TLAXCALA DE XICONTECATL DGE, MX","2022-06-18","77",",,S","51",",,S"
"MXM00076683","TLAXCALA DE XICONTECATL DGE, MX","2022-06-21","78",",,S","46",",,S"
"MXM00076683","TLAXCALA DE XICONTECATL DGE, MX","2022-06-24","76",",,S","49",",,S"
"MXM00076683","TLAXCALA DE XICONTECATL DGE, MX","2022-06-25","77",",,S","49",",,S"
"MXM00076683","TLAXCALA DE XICONTECATL DGE, MX","2022-06-28","75",",,S","54",",,S"
"MXM00076683","TLAXCALA DE XICONTECATL DGE, MX","2022-06-29",,,,
"MXM00076683","TLAXCALA DE XICONTECATL DGE, MX","2022-07-02",,,,
"MXM00076683","TLAXCALA DE XICONTECATL DGE, MX","2022-07-08",,,,
"MXM00076683","TLAXCALA DE XICONTECATL DGE, MX","2022-07-12","81",",,S","51",",,S"
"MXM00076683","TLAXCALA DE XICONTECATL DGE, MX","2022-07-15","77",",,S","55",",,S"
"MXM00076683","TLAXCALA DE XICONTECATL DGE, MX","2022-07-18","79",",,S","52",",,S"
"MXM00076683","TLAXCALA DE XICONTECATL DGE, MX","2022-07-28","75",",,S","48",",,S"
"MXM00076683","TLAXCALA DE XICONTECATL DGE, MX","2022-07-29","72",",,S","51",",,S"
"MXM00076683","TLAXCALA DE XICONTECATL DGE, MX","2022-08-02",,,,
"MXM00076683","TLAXCALA DE XICONTECATL DGE, MX","2022-08-03","80",",,S","48",",,S"
"MXM00076683","TLAXCALA DE XICONTECATL DGE, MX","2022-08-04","80",",,S","49",",,S"
"MXM00076683","TLAXCALA DE XICONTECATL DGE, MX","2022-08-05","81",",,S","48",",,S"
"MXM00076683","TLAXCALA DE XICONTECATL DGE, MX","2022-08-06","80",",,S","49",",,S"
"MXM00076683","TLAXCALA DE XICONTECATL DGE, MX","2022-08-09",,,,
"MXM00076683","TLAXCALA DE XICONTECATL DGE, MX","2022-08-10",,,,
"MXM00076683","TLAXCALA DE XICONTECATL DGE, MX","2022-08-11","80",",,S","50",",,S"
"MXM00076683","TLAXCALA DE XICONTECATL DGE, MX","2022-08-12","81",",,S","54",",,S"
"MXM00076683","TLAXCALA DE XICONTECATL DGE, MX","2022-08-13","78",",,S","50",",,S"
"MXM00076683","TLAXCALA DE XICONTECATL DGE, MX","2022-08-15",,,,
"MXM00076683","TLAXCALA DE XICONTECATL DGE, MX","2022-08-16",,,,
"MXM00076683","TLAXCALA DE XICONTECATL DGE, MX","2022-08-17","73",",,S","51",",,S"
"MXM00076683","TLAXCALA DE XICONTECATL DGE, MX","2022-08-18",,,,
"MXM00076683","TLAXCALA DE XICONTECATL DGE, MX","2022-08-19",,,,
"MXM00076683","TLAXCALA DE XICONTECATL DGE, MX","2022-08-20","78",",,S","52",",,S"
"MXM00076683","TLAXCALA DE XICONTECATL DGE, MX","2022-08-22","82",",,S","53",",,S"
"MXM00076683","TLAXCALA DE XICONTECATL DGE, MX","2022-08-23","79",",,S","50",",,S"
"MXM00076683","TLAXCALA DE XICONTECATL DGE, MX","2022-08-24","77",",,S","50",",,S"
"MXM00076683","TLAXCALA DE XICONTECATL DGE, MX","2022-08-25","78",",,S","51",",,S"
"MXM00076683","TLAXCALA DE XICONTECATL DGE, MX","2022-08-26","80",",,S","51",",,S"
"MXM00076683","TLAXCALA DE XICONTECATL DGE, MX","2022-08-27","78",",,S","51",",,S"
"MXM00076683","TLAXCALA DE XICONTECATL DGE, MX","2022-08-29",,,,
"MXM00076683","TLAXCALA DE XICONTECATL DGE, MX","2022-08-30",,,,
"MXM00076683","TLAXCALA DE XICONTECATL DGE, MX","2022-08-31",,,,
"MXM00076683","TLAXCALA DE XICONTECATL DGE, MX","2022-09-01","80",",,S","52",",,S"
"MXM00076683","TLAXCALA DE XICONTECATL DGE, MX","2022-09-02","78",",,S","52",",,S"
"MXM00076683","TLAXCALA DE XICONTECATL DGE, MX","2022-09-03","77",",,S","56",",,S"
"MXM00076683","TLAXCALA DE XICONTECATL DGE, MX","2022-09-06","73",",,S","56",",,S"
"MXM00076683","TLAXCALA DE XICONTECATL DGE, MX","2022-09-08",,,,
"MXM00076683","TLAXCALA DE XICONTECATL DGE, MX","2022-09-09",,,,
"MXM00076683","TLAXCALA DE XICONTECATL DGE, MX","2022-09-10","81",",,S","49",",,S"
"MXM00076683","TLAXCALA DE XICONTECATL DGE, MX","2022-09-12",,,,
"MXM00076683","TLAXCALA DE XICONTECATL DGE, MX","2022-09-13","76",",,S","54",",,S"
"MXM00076683","TLAXCALA DE XICONTECATL DGE, MX","2022-09-14","77",",,S","50",",,S"
"MXM00076683","TLAXCALA DE XICONTECATL DGE, MX","2022-09-17","76",",,S","54",",,S"
"MXM00076683","TLAXCALA DE XICONTECATL DGE, MX","2022-09-19","73",",,S","55",",,S"
"MXM00076683","TLAXCALA DE XICONTECATL DGE, MX","2022-09-20","76",",,S","54",",,S"
"MXM00076683","TLAXCALA DE XICONTECATL DGE, MX","2022-09-21",,,,
"MXM00076683","TLAXCALA DE XICONTECATL DGE, MX","2022-09-22","78",",,S","51",",,S"
"MXM00076683","TLAXCALA DE XICONTECATL DGE, MX","2022-09-23","76",",,S","52",",,S"
"MXM00076683","TLAXCALA DE XICONTECATL DGE, MX","2022-09-24",,,,
"MXM00076683","TLAXCALA DE XICONTECATL DGE, MX","2022-09-26","72",",,S","55",",,S"
"MXM00076683","TLAXCALA DE XICONTECATL DGE, MX","2022-09-27","74",",,S","53",",,S"
"MXM00076683","TLAXCALA DE XICONTECATL DGE, MX","2022-09-28","73",",,S","53",",,S"
"MXM00076683","TLAXCALA DE XICONTECATL DGE, MX","2022-10-05","78",",,S","53",",,S"
"MXM00076683","TLAXCALA DE XICONTECATL DGE, MX","2022-10-07","75",",,S","49",",,S"
"MXM00076683","TLAXCALA DE XICONTECATL DGE, MX","2022-10-11","75",",,S","49",",,S"
"MXM00076683","TLAXCALA DE XICONTECATL DGE, MX","2022-10-12",,,,
"MXM00076683","TLAXCALA DE XICONTECATL DGE, MX","2022-10-18","74",",,S","58",",,S"
"MXM00076683","TLAXCALA DE XICONTECATL DGE, MX","2022-10-26","83",",,S","54",",,S"
"MXM00076683","TLAXCALA DE XICONTECATL DGE, MX","2022-10-27","83",",,S","54",",,S"
"MXM00076683","TLAXCALA DE XICONTECATL DGE, MX","2022-10-28","82",",,S","51",",,S"
"MXM00076683","TLAXCALA DE XICONTECATL DGE, MX","2022-10-29","82",",,S","51",",,S"
"MXM00076683","TLAXCALA DE XICONTECATL DGE, MX","2022-11-01","78",",,S","48",",,S"
"MXM00076683","TLAXCALA DE XICONTECATL DGE, MX","2022-11-11","81",",,S","43",",,S"
"MXM00076683","TLAXCALA DE XICONTECATL DGE, MX","2022-11-18",,,,
"MXM00076683","TLAXCALA DE XICONTECATL DGE, MX","2022-11-23","80",",,S","45",",,S"
"MXM00076683","TLAXCALA DE XICONTECATL DGE, MX","2022-11-24","80",",,S","45",",,S"
"MXM00076683","TLAXCALA DE XICONTECATL DGE, MX","2022-11-25",,,,
"MXM00076683","TLAXCALA DE XICONTECATL DGE, MX","2022-11-26","79",",,S","45",",,S"
"MXM00076683","TLAXCALA DE XICONTECATL DGE, MX","2022-11-27","78",",,S","46",",,S"
"MXM00076683","TLAXCALA DE XICONTECATL DGE, MX","2022-11-28","76",",,S","46",",,S"
"MXM00076683","TLAXCALA DE XICONTECATL DGE, MX","2022-11-30",,,,
"MXM00076683","TLAXCALA DE XICONTECATL DGE, MX","2022-12-01","80",",,S","46",",,S"
"MXM00076683","TLAXCALA DE XICONTECATL DGE, MX","2022-12-02",,,,
"MXM00076683","TLAXCALA DE XICONTECATL DGE, MX","2022-12-03","78",",,S","49",",,S"
"MXM00076683","TLAXCALA DE XICONTECATL DGE, MX","2022-12-05",,,,
"MXM00076683","TLAXCALA DE XICONTECATL DGE, MX","2022-12-06","78",",,S","40",",,S"
"MXM00076683","TLAXCALA DE XICONTECATL DGE, MX","2022-12-07","80",",,S","35",",,S"
"MXM00076683","TLAXCALA DE XICONTECATL DGE, MX","2022-12-08","79",",,S","31",",,S"
"MXM00076683","TLAXCALA DE XICONTECATL DGE, MX","2022-12-09","75",",,S","31",",,S"
"MXM00076683","TLAXCALA DE XICONTECATL DGE, MX","2022-12-10","76",",,S","41",",,S"
"MXM00076683","TLAXCALA DE XICONTECATL DGE, MX","2022-12-11","74",",,S","41",",,S"
"MXM00076683","TLAXCALA DE XICONTECATL DGE, MX","2022-12-12","80",",,S","41",",,S"
"MXM00076683","TLAXCALA DE XICONTECATL DGE, MX","2022-12-13","76",",,S","41",",,S"
"MXM00076683","TLAXCALA DE XICONTECATL DGE, MX","2022-12-14","73",",,S","38",",,S"
"MXM00076683","TLAXCALA DE XICONTECATL DGE, MX","2022-12-15","74",",,S","37",",,S"
"MXM00076683","TLAXCALA DE XICONTECATL DGE, MX","2022-12-16","75",",,S","38",",,S"
"MXM00076683","TLAXCALA DE XICONTECATL DGE, MX","2022-12-17","76",",,S","38",",,S"
"MXM00076683","TLAXCALA DE XICONTECATL DGE, MX","2022-12-19",,,,
"MXM00076683","TLAXCALA DE XICONTECATL DGE, MX","2022-12-20","76",",,S","40",",,S"
"MXM00076683","TLAXCALA DE XICONTECATL DGE, MX","2022-12-21","78",",,S","41",",,S"
"MXM00076683","TLAXCALA DE XICONTECATL DGE, MX","2022-12-22",,,,
"MXM00076683","TLAXCALA DE XICONTECATL DGE, MX","2022-12-23","77",",,S","42",",,S"
"MXM00076683","TLAXCALA DE XICONTECATL DGE, MX","2022-12-24","72",",,S","40",",,S"
"MXM00076683","TLAXCALA DE XICONTECATL DGE, MX","2022-12-28","69",",,S","36",",,S"
"MXM00076683","TLAXCALA DE XICONTECATL DGE, MX","2022-12-29","70",",,S","36",",,S"
"MXM00076683","TLAXCALA DE XICONTECATL DGE, MX","2022-12-30","71",",,S","37",",,S"
"MXM00076683","TLAXCALA DE XICONTECATL DGE, MX","2022-12-31","62",",,S","45",",,S"
"MXM00076683","TLAXCALA DE XICONTECATL DGE, MX","2023-01-02","73",",,S","39",",,S"
"MXM00076683","TLAXCALA DE XICONTECATL DGE, MX","2023-01-03",,,,
"MXM00076683","TLAXCALA DE XICONTECATL DGE, MX","2023-01-04",,,,
"MXM00076683","TLAXCALA DE XICONTECATL DGE, MX","2023-01-05","77",",,S","41",",,S"
"MXM00076683","TLAXCALA DE XICONTECATL DGE, MX","2023-01-06","78",",,S","41",",,S"
"MXM00076683","TLAXCALA DE XICONTECATL DGE, MX","2023-01-07",,,,
"MXM00076683","TLAXCALA DE XICONTECATL DGE, MX","2023-01-09","78",",,S","39",",,S"
"MXM00076683","TLAXCALA DE XICONTECATL DGE, MX","2023-01-10","74",",,S","39",",,S"
"MXM00076683","TLAXCALA DE XICONTECATL DGE, MX","2023-01-11","75",",,S","40",",,S"
"MXM00076683","TLAXCALA DE XICONTECATL DGE, MX","2023-01-12","74",",,S","40",",,S"
"MXM00076683","TLAXCALA DE XICONTECATL DGE, MX","2023-01-13","75",",,S","42",",,S"
"MXM00076683","TLAXCALA DE XICONTECATL DGE, MX","2023-01-14","73",",,S","33",",,S"
"MXM00076683","TLAXCALA DE XICONTECATL DGE, MX","2023-01-16","76",",,S","38",",,S"
"MXM00076683","TLAXCALA DE XICONTECATL DGE, MX","2023-01-17","76",",,S","38",",,S"
"MXM00076683","TLAXCALA DE XICONTECATL DGE, MX","2023-01-18","76",",,S","39",",,S"
"MXM00076683","TLAXCALA DE XICONTECATL DGE, MX","2023-01-19",,,,
"MXM00076683","TLAXCALA DE XICONTECATL DGE, MX","2023-01-20","79",",,S","40",",,S"
"MXM00076683","TLAXCALA DE XICONTECATL DGE, MX","2023-01-21","80",",,S","40",",,S"
"MXM00076683","TLAXCALA DE XICONTECATL DGE, MX","2023-01-22","73",",,S","40",",,S"
"MXM00076683","TLAXCALA DE XICONTECATL DGE, MX","2023-01-23","77",",,S","40",",,S"
"MXM00076683","TLAXCALA DE XICONTECATL DGE, MX","2023-01-24","74",",,S","39",",,S"
"MXM00076683","TLAXCALA DE XICONTECATL DGE, MX","2023-01-25",,,,
"MXM00076683","TLAXCALA DE XICONTECATL DGE, MX","2023-01-26","77",",,S","43",",,S"
"MXM00076683","TLAXCALA DE XICONTECATL DGE, MX","2023-01-27",,,,
"MXM00076683","TLAXCALA DE XICONTECATL DGE, MX","2023-01-28","73",",,S","36",",,S"
"MXM00076683","TLAXCALA DE XICONTECATL DGE, MX","2023-01-30","83",",,S","42",",,S"
"MXM00076683","TLAXCALA DE XICONTECATL DGE, MX","2023-01-31","81",",,S","40",",,S"
"MXM00076683","TLAXCALA DE XICONTECATL DGE, MX","2023-02-01","81",",,S","45",",,S"
"MXM00076683","TLAXCALA DE XICONTECATL DGE, MX","2023-02-02",,,,
"MXM00076683","TLAXCALA DE XICONTECATL DGE, MX","2023-02-03","81",",,S","40",",,S"
"MXM00076683","TLAXCALA DE XICONTECATL DGE, MX","2023-02-04","72",",,S","36",",,S"
"MXM00076683","TLAXCALA DE XICONTECATL DGE, MX","2023-02-06","78",",,S","31",",,S"
"MXM00076683","TLAXCALA DE XICONTECATL DGE, MX","2023-02-07",,,,
"MXM00076683","TLAXCALA DE XICONTECATL DGE, MX","2023-02-08","79",",,S","37",",,S"
"MXM00076683","TLAXCALA DE XICONTECATL DGE, MX","2023-02-09","76",",,S","46",",,S"
"MXM00076683","TLAXCALA DE XICONTECATL DGE, MX","2023-02-10","76",",,S","42",",,S"
"MXM00076683","TLAXCALA DE XICONTECATL DGE, MX","2023-02-11","78",",,S","42",",,S"
"MXM00076683","TLAXCALA DE XICONTECATL DGE, MX","2023-02-13",,,,
"MXM00076683","TLAXCALA DE XICONTECATL DGE, MX","2023-02-14","80",",,S","43",",,S"
"MXM00076683","TLAXCALA DE XICONTECATL DGE, MX","2023-02-15","77",",,S","42",",,S"
"MXM00076683","TLAXCALA DE XICONTECATL DGE, MX","2023-02-16",,,,
"MXM00076683","TLAXCALA DE XICONTECATL DGE, MX","2023-02-17","84",",,S","42",",,S"
"MXM00076683","TLAXCALA DE XICONTECATL DGE, MX","2023-02-18","80",",,S","39",",,S"
"MXM00076683","TLAXCALA DE XICONTECATL DGE, MX","2023-02-20",,,,
"MXM00076683","TLAXCALA DE XICONTECATL DGE, MX","2023-02-21","84",",,S","37",",,S"
"MXM00076683","TLAXCALA DE XICONTECATL DGE, MX","2023-02-22","78",",,S","39",",,S"
"MXM00076683","TLAXCALA DE XICONTECATL DGE, MX","2023-02-23",,,,
"MXM00076683","TLAXCALA DE XICONTECATL DGE, MX","2023-02-24","83",",,S","39",",,S"
"MXM00076683","TLAXCALA DE XICONTECATL DGE, MX","2023-02-25","82",",,S","42",",,S"
"MXM00076683","TLAXCALA DE XICONTECATL DGE, MX","2023-02-27","87",",,S","45",",,S"
"MXM00076683","TLAXCALA DE XICONTECATL DGE, MX","2023-02-28","87",",,S","44",",,S"
"MXM00076683","TLAXCALA DE XICONTECATL DGE, MX","2023-03-01","85",",,S","44",",,S"
"MXM00076683","TLAXCALA DE XICONTECATL DGE, MX","2023-03-02","84",",,S","45",",,S"
"MXM00076683","TLAXCALA DE XICONTECATL DGE, MX","2023-03-04","83",",,S","45",",,S"
"MXM00076683","TLAXCALA DE XICONTECATL DGE, MX","2023-03-06","85",",,S","47",",,S"
"MXM00076683","TLAXCALA DE XICONTECATL DGE, MX","2023-03-07",,,,
"MXM00076683","TLAXCALA DE XICONTECATL DGE, MX","2023-03-08",,,,
"MXM00076683","TLAXCALA DE XICONTECATL DGE, MX","2023-03-09","87",",,S","44",",,S"
"MXM00076683","TLAXCALA DE XICONTECATL DGE, MX","2023-03-10","85",",,S","41",",,S"
"MXM00076683","TLAXCALA DE XICONTECATL DGE, MX","2023-03-11","85",",,S","41",",,S"
"MXM00076683","TLAXCALA DE XICONTECATL DGE, MX","2023-03-13","83",",,S","48",",,S"
"MXM00076683","TLAXCALA DE XICONTECATL DGE, MX","2023-03-14","81",",,S","45",",,S"
"MXM00076683","TLAXCALA DE XICONTECATL DGE, MX","2023-03-15","79",",,S","50",",,S"
"MXM00076683","TLAXCALA DE XICONTECATL DGE, MX","2023-03-16",,,,
"MXM00076683","TLAXCALA DE XICONTECATL DGE, MX","2023-03-17","76",",,S","44",",,S"
"MXM00076683","TLAXCALA DE XICONTECATL DGE, MX","2023-03-18","78",",,S","45",",,S"
"MXM00076683","TLAXCALA DE XICONTECATL DGE, MX","2023-03-19","78",",,S","45",",,S"
"MXM00076683","TLAXCALA DE XICONTECATL DGE, MX","2023-03-20","77",",,S","41",",,S"
"MXM00076683","TLAXCALA DE XICONTECATL DGE, MX","2023-03-21",,,,
"MXM00076683","TLAXCALA DE XICONTECATL DGE, MX","2023-03-22","81",",,S","43",",,S"
"MXM00076683","TLAXCALA DE XICONTECATL DGE, MX","2023-03-23","84",",,S","44",",,S"
"MXM00076683","TLAXCALA DE XICONTECATL DGE, MX","2023-03-24",,,,
"MXM00076683","TLAXCALA DE XICONTECATL DGE, MX","2023-03-25","85",",,S","48",",,S"
"MXM00076683","TLAXCALA DE XICONTECATL DGE, MX","2023-03-27","87",",,S","47",",,S"
"MXM00076683","TLAXCALA DE XICONTECATL DGE, MX","2023-03-28","83",",,S","50",",,S"
"MXM00076683","TLAXCALA DE XICONTECATL DGE, MX","2023-03-29","86",",,S","51",",,S"
"MXM00076683","TLAXCALA DE XICONTECATL DGE, MX","2023-03-30","85",",,S","46",",,S"
"MXM00076683","TLAXCALA DE XICONTECATL DGE, MX","2023-03-31",,,,
"MXM00076683","TLAXCALA DE XICONTECATL DGE, MX","2023-04-03","89",",,S","52",",,S"
"MXM00076683","TLAXCALA DE XICONTECATL DGE, MX","2023-04-04","89",",,S","50",",,S"
"MXM00076683","TLAXCALA DE XICONTECATL DGE, MX","2023-04-05",,,,
"MXM00076683","TLAXCALA DE XICONTECATL DGE, MX","2023-04-06","90",",,S","49",",,S"
"MXM00076683","TLAXCALA DE XICONTECATL DGE, MX","2023-04-07","85",",,S","58",",,S"
"MXM00076683","TLAXCALA DE XICONTECATL DGE, MX","2023-04-10","83",",,S","53",",,S"
"MXM00076683","TLAXCALA DE XICONTECATL DGE, MX","2023-04-11","78",",,S","47",",,S"
"MXM00076683","TLAXCALA DE XICONTECATL DGE, MX","2023-04-12","76",",,S","47",",,S"
"MXM00076683","TLAXCALA DE XICONTECATL DGE, MX","2023-05-31",,,,
"MXM00076683","TLAXCALA DE XICONTECATL DGE, MX","2023-06-01","83",",,S","53",",,S"
"MXM00076683","TLAXCALA DE XICONTECATL DGE, MX","2023-06-02",,,,
"MXM00076683","TLAXCALA DE XICONTECATL DGE, MX","2023-06-03","85",",,S","54",",,S"
"MXM00076683","TLAXCALA DE XICONTECATL DGE, MX","2023-06-05","84",",,S","51",",,S"
"MXM00076683","TLAXCALA DE XICONTECATL DGE, MX","2023-06-06","83",",,S","53",",,S"
"MXM00076683","TLAXCALA DE XICONTECATL DGE, MX","2023-06-07","80",",,S","54",",,S"
"MXM00076683","TLAXCALA DE XICONTECATL DGE, MX","2023-06-08",,,,
"MXM00076683","TLAXCALA DE XICONTECATL DGE, MX","2023-06-09",,,,
"MXM00076683","TLAXCALA DE XICONTECATL DGE, MX","2023-06-10","88",",,S","50",",,S"
"MXM00076683","TLAXCALA DE XICONTECATL DGE, MX","2023-06-11","90",",,S","51",",,S"
"MXM00076683","TLAXCALA DE XICONTECATL DGE, MX","2023-06-12","89",",,S","53",",,S"
"MXM00076683","TLAXCALA DE XICONTECATL DGE, MX","2023-06-13",,,,
"MXM00076683","TLAXCALA DE XICONTECATL DGE, MX","2023-06-14","90",",,S","50",",,S"
"MXM00076683","TLAXCALA DE XICONTECATL DGE, MX","2023-06-15","91",",,S","51",",,S"
"MXM00076683","TLAXCALA DE XICONTECATL DGE, MX","2023-06-16",,,,
"MXM00076683","TLAXCALA DE XICONTECATL DGE, MX","2023-06-17","90",",,S","52",",,S"
"MXM00076683","TLAXCALA DE XICONTECATL DGE, MX","2023-06-18","89",",,S","52",",,S"
"MXM00076683","TLAXCALA DE XICONTECATL DGE, MX","2023-06-19","89",",,S","49",",,S"
"MXM00076683","TLAXCALA DE XICONTECATL DGE, MX","2023-06-20","89",",,S","49",",,S"
"MXM00076683","TLAXCALA DE XICONTECATL DGE, MX","2023-06-21","89",",,S","51",",,S"
"MXM00076683","TLAXCALA DE XICONTECATL DGE, MX","2023-06-22","89",",,S","54",",,S"
"MXM00076683","TLAXCALA DE XICONTECATL DGE, MX","2023-06-23","86",",,S","54",",,S"
"MXM00076683","TLAXCALA DE XICONTECATL DGE, MX","2023-06-24","85",",,S","53",",,S"
"MXM00076683","TLAXCALA DE XICONTECATL DGE, MX","2023-06-25","84",",,S","53",",,S"
"MXM00076683","TLAXCALA DE XICONTECATL DGE, MX","2023-06-26",,,,
"MXM00076683","TLAXCALA DE XICONTECATL DGE, MX","2023-06-27",,,,
"MXM00076683","TLAXCALA DE XICONTECATL DGE, MX","2023-06-28","84",",,S","51",",,S"
"MXM00076683","TLAXCALA DE XICONTECATL DGE, MX","2023-06-29","78",",,S","55",",,S"
"MXM00076683","TLAXCALA DE XICONTECATL DGE, MX","2023-06-30",,,,
"MXM00076683","TLAXCALA DE XICONTECATL DGE, MX","2023-07-01",,,,
"MXM00076683","TLAXCALA DE XICONTECATL DGE, MX","2023-07-02","75",",,S","56",",,S"
"MXM00076683","TLAXCALA DE XICONTECATL DGE, MX","2023-07-03","83",",,S","53",",,S"
"MXM00076683","TLAXCALA DE XICONTECATL DGE, MX","2023-07-04","83",",,S","53",",,S"
"MXM00076683","TLAXCALA DE XICONTECATL DGE, MX","2023-07-05","82",",,S","58",",,S"
"MXM00076683","TLAXCALA DE XICONTECATL DGE, MX","2023-07-06","81",",,S","57",",,S"
"MXM00076683","TLAXCALA DE XICONTECATL DGE, MX","2023-07-07",,,,
"MXM00076683","TLAXCALA DE XICONTECATL DGE, MX","2023-07-08",,,,
"MXM00076683","TLAXCALA DE XICONTECATL DGE, MX","2023-07-09","83",",,S","53",",,S"
"MXM00076683","TLAXCALA DE XICONTECATL DGE, MX","2023-07-10","83",",,S","53",",,S"
"MXM00076683","TLAXCALA DE XICONTECATL DGE, MX","2023-07-11",,,,
"MXM00076683","TLAXCALA DE XICONTECATL DGE, MX","2023-07-12",,,,
"MXM00076683","TLAXCALA DE XICONTECATL DGE, MX","2023-07-13",,,,
"MXM00076683","TLAXCALA DE XICONTECATL DGE, MX","2023-07-14","82",",,S","52",",,S"
"MXM00076683","TLAXCALA DE XICONTECATL DGE, MX","2023-07-15","84",",,S","50",",,S"
"MXM00076683","TLAXCALA DE XICONTECATL DGE, MX","2023-07-16","82",",,S","50",",,S"
"MXM00076683","TLAXCALA DE XICONTECATL DGE, MX","2023-07-17","83",",,S","51",",,S"
"MXM00076683","TLAXCALA DE XICONTECATL DGE, MX","2023-07-18",,,,
"MXM00076683","TLAXCALA DE XICONTECATL DGE, MX","2023-07-19","83",",,S","52",",,S"
"MXM00076683","TLAXCALA DE XICONTECATL DGE, MX","2023-07-20",,,,
"MXM00076683","TLAXCALA DE XICONTECATL DGE, MX","2023-07-21",,,,
"MXM00076683","TLAXCALA DE XICONTECATL DGE, MX","2023-07-22","81",",,S","54",",,S"
"MXM00076683","TLAXCALA DE XICONTECATL DGE, MX","2023-07-23","77",",,S","53",",,S"
"MXM00076683","TLAXCALA DE XICONTECATL DGE, MX","2023-07-24","77",",,S","54",",,S"
"MXM00076683","TLAXCALA DE XICONTECATL DGE, MX","2023-07-25",,,,
"MXM00076683","TLAXCALA DE XICONTECATL DGE, MX","2023-07-26",,,,
"MXM00076683","TLAXCALA DE XICONTECATL DGE, MX","2023-07-27",,,,
"MXM00076683","TLAXCALA DE XICONTECATL DGE, MX","2023-07-28",,,,
"MXM00076683","TLAXCALA DE XICONTECATL DGE, MX","2023-07-29",,,,
"MXM00076683","TLAXCALA DE XICONTECATL DGE, MX","2023-07-30","80",",,S","53",",,S"
"MXM00076683","TLAXCALA DE XICONTECATL DGE, MX","2023-07-31","76",",,S","58",",,S"
"MXM00076683","TLAXCALA DE XICONTECATL DGE, MX","2023-08-01",,,,
"MXM00076683","TLAXCALA DE XICONTECATL DGE, MX","2023-08-02","80",",,S","52",",,S"
"MXM00076683","TLAXCALA DE XICONTECATL DGE, MX","2023-08-03","81",",,S","54",",,S"
"MXM00076683","TLAXCALA DE XICONTECATL DGE, MX","2023-08-04",,,,
"MXM00076683","TLAXCALA DE XICONTECATL DGE, MX","2023-08-05","77",",,S","54",",,S"
"MXM00076683","TLAXCALA DE XICONTECATL DGE, MX","2023-08-06","78",",,S","55",",,S"
"MXM00076683","TLAXCALA DE XICONTECATL DGE, MX","2023-08-07",,,,
"MXM00076683","TLAXCALA DE XICONTECATL DGE, MX","2023-08-08",,,,
"MXM00076683","TLAXCALA DE XICONTECATL DGE, MX","2023-08-09","83",",,S","52",",,S"
"MXM00076683","TLAXCALA DE XICONTECATL DGE, MX","2023-08-10","82",",,S","52",",,S"
"MXM00076683","TLAXCALA DE XICONTECATL DGE, MX","2023-08-11",,,,
"MXM00076683","TLAXCALA DE XICONTECATL DGE, MX","2023-08-12","83",",,S","49",",,S"
"MXM00076683","TLAXCALA DE XICONTECATL DGE, MX","2023-08-13","81",",,S","51",",,S"
"MXM00076683","TLAXCALA DE XICONTECATL DGE, MX","2023-08-14","80",",,S","51",",,S"
"MXM00076683","TLAXCALA DE XICONTECATL DGE, MX","2023-08-15","77",",,S","55",",,S"
"MXM00076683","TLAXCALA DE XICONTECATL DGE, MX","2023-08-16",,,,
"MXM00076683","TLAXCALA DE XICONTECATL DGE, MX","2023-08-17","73",",,S","55",",,S"
"MXM00076683","TLAXCALA DE XICONTECATL DGE, MX","2023-08-18",,,,
"MXM00076683","TLAXCALA DE XICONTECATL DGE, MX","2023-08-19","80",",,S","55",",,S"
"MXM00076683","TLAXCALA DE XICONTECATL DGE, MX","2023-08-20","80",",,S","54",",,S"
"MXM00076683","TLAXCALA DE XICONTECATL DGE, MX","2023-08-21",,,,
"MXM00076683","TLAXCALA DE XICONTECATL DGE, MX","2023-08-22",,,,
"MXM00076683","TLAXCALA DE XICONTECATL DGE, MX","2023-08-23","80",",,S","53",",,S"
"MXM00076683","TLAXCALA DE XICONTECATL DGE, MX","2023-08-24",,,,
"MXM00076683","TLAXCALA DE XICONTECATL DGE, MX","2023-08-25","76",",,S","50",",,S"
"MXM00076683","TLAXCALA DE XICONTECATL DGE, MX","2023-08-26","75",",,S","50",",,S"
"MXM00076683","TLAXCALA DE XICONTECATL DGE, MX","2023-08-27","73",",,S","59",",,S"
"MXM00076683","TLAXCALA DE XICONTECATL DGE, MX","2023-08-28","78",",,S","61",",,S"
"MXM00076683","TLAXCALA DE XICONTECATL DGE, MX","2023-08-29",,,,
"MXM00076683","TLAXCALA DE XICONTECATL DGE, MX","2023-08-30",,,,
"MXM00076683","TLAXCALA DE XICONTECATL DGE, MX","2023-08-31",,,,
"MXM00076683","TLAXCALA DE XICONTECATL DGE, MX","2023-09-01",,,,
"MXM00076683","TLAXCALA DE XICONTECATL DGE, MX","2023-09-02",,,,
"MXM00076683","TLAXCALA DE XICONTECATL DGE, MX","2023-09-03","85",",,S","54",",,S"
"MXM00076683","TLAXCALA DE XICONTECATL DGE, MX","2023-09-04","81",",,S","51",",,S"
"MXM00076683","TLAXCALA DE XICONTECATL DGE, MX","2023-09-05","81",",,S","50",",,S"
"MXM00076683","TLAXCALA DE XICONTECATL DGE, MX","2023-09-06","81",",,S","55",",,S"
"MXM00076683","TLAXCALA DE XICONTECATL DGE, MX","2023-09-07",,,,
"MXM00076683","TLAXCALA DE XICONTECATL DGE, MX","2023-09-08","80",",,S","54",",,S"
"MXM00076683","TLAXCALA DE XICONTECATL DGE, MX","2023-09-09",,,,
"MXM00076683","TLAXCALA DE XICONTECATL DGE, MX","2023-09-10","74",",,S","51",",,S"
"MXM00076683","TLAXCALA DE XICONTECATL DGE, MX","2023-09-11","81",",,S","50",",,S"
"MXM00076683","TLAXCALA DE XICONTECATL DGE, MX","2023-09-12",,,,
"MXM00076683","TLAXCALA DE XICONTECATL DGE, MX","2023-09-13","82",",,S","51",",,S"
"MXM00076683","TLAXCALA DE XICONTECATL DGE, MX","2023-09-14","83",",,S","55",",,S"
"MXM00076683","TLAXCALA DE XICONTECATL DGE, MX","2023-09-15","81",",,S","54",",,S"
"MXM00076683","TLAXCALA DE XICONTECATL DGE, MX","2023-09-16",,,,
"MXM00076683","TLAXCALA DE XICONTECATL DGE, MX","2023-09-18","79",",,S","54",",,S"
"MXM00076683","TLAXCALA DE XICONTECATL DGE, MX","2023-09-19","76",",,S","53",",,S"
"MXM00076683","TLAXCALA DE XICONTECATL DGE, MX","2023-09-20",,,,
"MXM00076683","TLAXCALA DE XICONTECATL DGE, MX","2023-09-21","82",",,S","49",",,S"
"MXM00076683","TLAXCALA DE XICONTECATL DGE, MX","2023-09-22",,,,
"MXM00076683","TLAXCALA DE XICONTECATL DGE, MX","2023-09-23",,,,
"MXM00076683","TLAXCALA DE XICONTECATL DGE, MX","2023-09-24","85",",,S","47",",,S"
"MXM00076683","TLAXCALA DE XICONTECATL DGE, MX","2023-09-25","85",",,S","46",",,S"
"MXM00076683","TLAXCALA DE XICONTECATL DGE, MX","2023-09-26",,,,
"MXM00076683","TLAXCALA DE XICONTECATL DGE, MX","2023-09-27","81",",,S","45",",,S"
"MXM00076683","TLAXCALA DE XICONTECATL DGE, MX","2023-09-28",,,,
"MXM00076683","TLAXCALA DE XICONTECATL DGE, MX","2023-09-29","85",",,S","49",",,S"
"MXM00076683","TLAXCALA DE XICONTECATL DGE, MX","2023-09-30","83",",,S","52",",,S"
"MXM00076683","TLAXCALA DE XICONTECATL DGE, MX","2023-10-01","83",",,S","52",",,S"
"MXM00076683","TLAXCALA DE XICONTECATL DGE, MX","2023-10-02","83",",,S","54",",,S"
"MXM00076683","TLAXCALA DE XICONTECATL DGE, MX","2023-10-03",,,,
"MXM00076683","TLAXCALA DE XICONTECATL DGE, MX","2023-10-04","80",",,S","55",",,S"
"MXM00076683","TLAXCALA DE XICONTECATL DGE, MX","2023-10-05",,,,
"MXM00076683","TLAXCALA DE XICONTECATL DGE, MX","2023-10-06",,,,
"MXM00076683","TLAXCALA DE XICONTECATL DGE, MX","2023-10-07","84",",,S","54",",,S"
"MXM00076683","TLAXCALA DE XICONTECATL DGE, MX","2023-10-08","72",",,S","50",",,S"
"MXM00076683","TLAXCALA DE XICONTECATL DGE, MX","2023-10-09","76",",,S","56",",,S"
"MXM00076683","TLAXCALA DE XICONTECATL DGE, MX","2023-10-10",,,,
"MXM00076683","TLAXCALA DE XICONTECATL DGE, MX","2023-10-11","72",",,S","56",",,S"
"MXM00076683","TLAXCALA DE XICONTECATL DGE, MX","2023-10-12",,,,
"MXM00076683","TLAXCALA DE XICONTECATL DGE, MX","2023-10-13",,,,
"MXM00076683","TLAXCALA DE XICONTECATL DGE, MX","2023-10-14","83",",,S","52",",,S"
"MXM00076683","TLAXCALA DE XICONTECATL DGE, MX","2023-10-15","71",",,S","54",",,S"
"MXM00076683","TLAXCALA DE XICONTECATL DGE, MX","2023-10-16","70",",,S","52",",,S"
"MXM00076683","TLAXCALA DE XICONTECATL DGE, MX","2023-10-17",,,,
"MXM00076683","TLAXCALA DE XICONTECATL DGE, MX","2023-10-18","75",",,S","41",",,S"
"MXM00076683","TLAXCALA DE XICONTECATL DGE, MX","2023-10-19",,,,
"MXM00076683","TLAXCALA DE XICONTECATL DGE, MX","2023-10-20","80",",,S","44",",,S"
"MXM00076683","TLAXCALA DE XICONTECATL DGE, MX","2023-10-21","82",",,S","47",",,S"
"MXM00076683","TLAXCALA DE XICONTECATL DGE, MX","2023-10-22","82",",,S","47",",,S"
"MXM00076683","TLAXCALA DE XICONTECATL DGE, MX","2023-10-23","79",",,S","47",",,S"
"MXM00076683","TLAXCALA DE XICONTECATL DGE, MX","2023-10-24","78",",,S","47",",,S"
"MXM00076683","TLAXCALA DE XICONTECATL DGE, MX","2023-10-25","79",",,S","49",",,S"
"MXM00076683","TLAXCALA DE XICONTECATL DGE, MX","2023-10-26",,,,
"MXM00076683","TLAXCALA DE XICONTECATL DGE, MX","2023-10-27",,,,
"MXM00076683","TLAXCALA DE XICONTECATL DGE, MX","2023-10-28","84",",,S","48",",,S"
"MXM00076683","TLAXCALA DE XICONTECATL DGE, MX","2023-10-29","84",",,S","46",",,S"
"MXM00076683","TLAXCALA DE XICONTECATL DGE, MX","2023-10-30","84",",,S","46",",,S"
"MXM00076683","TLAXCALA DE XICONTECATL DGE, MX","2023-10-31",,,,
"MXM00076683","TLAXCALA DE XICONTECATL DGE, MX","2023-11-01",,,,
"MXM00076683","TLAXCALA DE XICONTECATL DGE, MX","2023-11-02","75",",,S","42",",,S"
"MXM00076683","TLAXCALA DE XICONTECATL DGE, MX","2023-11-03",,,,
"MXM00076683","TLAXCALA DE XICONTECATL DGE, MX","2023-11-04","82",",,S","44",",,S"
"MXM00076683","TLAXCALA DE XICONTECATL DGE, MX","2023-11-05","82",",,S","44",",,S"
"MXM00076683","TLAXCALA DE XICONTECATL DGE, MX","2023-11-06","83",",,S","44",",,S"
"MXM00076683","TLAXCALA DE XICONTECATL DGE, MX","2023-11-07","83",",,S","45",",,S"
"MXM00076683","TLAXCALA DE XICONTECATL DGE, MX","2023-11-08",,,,
"MXM00076683","TLAXCALA DE XICONTECATL DGE, MX","2023-11-09","86",",,S","54",",,S"
"MXM00076683","TLAXCALA DE XICONTECATL DGE, MX","2023-11-10","80",",,S","51",",,S"
"MXM00076683","TLAXCALA DE XICONTECATL DGE, MX","2023-11-11",,,,
"MXM00076683","TLAXCALA DE XICONTECATL DGE, MX","2023-11-12","83",",,S","51",",,S"
"MXM00076683","TLAXCALA DE XICONTECATL DGE, MX","2023-11-13","81",",,S","54",",,S"
"MXM00076683","TLAXCALA DE XICONTECATL DGE, MX","2023-11-14","82",",,S","53",",,S"
"MXM00076683","TLAXCALA DE XICONTECATL DGE, MX","2023-11-15",,,,
"MXM00076683","TLAXCALA DE XICONTECATL DGE, MX","2023-11-16","81",",,S","39",",,S"
"MXM00076683","TLAXCALA DE XICONTECATL DGE, MX","2023-11-17",,,,
"MXM00076683","TLAXCALA DE XICONTECATL DGE, MX","2023-11-18","86",",,S","40",",,S"
"MXM00076683","TLAXCALA DE XICONTECATL DGE, MX","2023-11-19","85",",,S","40",",,S"
"MXM00076683","TLAXCALA DE XICONTECATL DGE, MX","2023-11-20","84",",,S","40",",,S"
"MXM00076683","TLAXCALA DE XICONTECATL DGE, MX","2023-11-21","82",",,S","49",",,S"
"MXM00076683","TLAXCALA DE XICONTECATL DGE, MX","2023-11-22","78",",,S","49",",,S"
"MXM00076683","TLAXCALA DE XICONTECATL DGE, MX","2023-11-23","68",",,S","48",",,S"
"MXM00076683","TLAXCALA DE XICONTECATL DGE, MX","2023-11-24",,,,
"MXM00076683","TLAXCALA DE XICONTECATL DGE, MX","2023-11-25",,,,
"MXM00076683","TLAXCALA DE XICONTECATL DGE, MX","2023-11-26","76",",,S","43",",,S"
"MXM00076683","TLAXCALA DE XICONTECATL DGE, MX","2023-11-27","79",",,S","43",",,S"
"MXM00076683","TLAXCALA DE XICONTECATL DGE, MX","2023-11-28","74",",,S","53",",,S"
"MXM00076683","TLAXCALA DE XICONTECATL DGE, MX","2023-11-29","73",",,S","53",",,S"
"MXM00076683","TLAXCALA DE XICONTECATL DGE, MX","2023-11-30","73",",,S","53",",,S"
"MXM00076683","TLAXCALA DE XICONTECATL DGE, MX","2023-12-01",,,,
"MXM00076683","TLAXCALA DE XICONTECATL DGE, MX","2023-12-02","75",",,S","52",",,S"
"MXM00076683","TLAXCALA DE XICONTECATL DGE, MX","2023-12-03","72",",,S","52",",,S"
"MXM00076683","TLAXCALA DE XICONTECATL DGE, MX","2023-12-04","76",",,S","53",",,S"
"MXM00076683","TLAXCALA DE XICONTECATL DGE, MX","2023-12-05","76",",,S","49",",,S"
"MXM00076683","TLAXCALA DE XICONTECATL DGE, MX","2023-12-06","71",",,S","49",",,S"
"MXM00076683","TLAXCALA DE XICONTECATL DGE, MX","2023-12-07",,,,
"MXM00076683","TLAXCALA DE XICONTECATL DGE, MX","2023-12-08",,,,
"MXM00076683","TLAXCALA DE XICONTECATL DGE, MX","2023-12-09",,,,
"MXM00076683","TLAXCALA DE XICONTECATL DGE, MX","2023-12-10",,,,
"MXM00076683","TLAXCALA DE XICONTECATL DGE, MX","2023-12-11","66",",,S","45",",,S"
"MXM00076683","TLAXCALA DE XICONTECATL DGE, MX","2023-12-12",,,,
"MXM00076683","TLAXCALA DE XICONTECATL DGE, MX","2023-12-13","72",",,S","40",",,S"
"MXM00076683","TLAXCALA DE XICONTECATL DGE, MX","2023-12-14","70",",,S","43",",,S"
"MXM00076683","TLAXCALA DE XICONTECATL DGE, MX","2023-12-15","71",",,S","52",",,S"
"MXM00076683","TLAXCALA DE XICONTECATL DGE, MX","2023-12-16","72",",,S","49",",,S"
"MXM00076683","TLAXCALA DE XICONTECATL DGE, MX","2023-12-17","70",",,S","45",",,S"
"MXM00076683","TLAXCALA DE XICONTECATL DGE, MX","2023-12-18",,,,
"MXM00076683","TLAXCALA DE XICONTECATL DGE, MX","2023-12-19","74",",,S","35",",,S"
"MXM00076683","TLAXCALA DE XICONTECATL DGE, MX","2023-12-20",,,,
"MXM00076683","TLAXCALA DE XICONTECATL DGE, MX","2023-12-21","78",",,S","34",",,S"
"MXM00076683","TLAXCALA DE XICONTECATL DGE, MX","2023-12-22","78",",,S","38",",,S"
"MXM00076683","TLAXCALA DE XICONTECATL DGE, MX","2023-12-23",,,,
"MXM00076683","TLAXCALA DE XICONTECATL DGE, MX","2023-12-24","71",",,S","37",",,S"
"MXM00076683","TLAXCALA DE XICONTECATL DGE, MX","2023-12-25",,,,
"MXM00076683","TLAXCALA DE XICONTECATL DGE, MX","2023-12-26","71",",,S","46",",,S"
"MXM00076683","TLAXCALA DE XICONTECATL DGE, MX","2023-12-27","68",",,S","50",",,S"
"MXM00076683","TLAXCALA DE XICONTECATL DGE, MX","2023-12-28","61",",,S","41",",,S"
"MXM00076683","TLAXCALA DE XICONTECATL DGE, MX","2023-12-29","68",",,S","37",",,S"
"MXM00076683","TLAXCALA DE XICONTECATL DGE, MX","2023-12-30","67",",,S","37",",,S"
"MXM00076683","TLAXCALA DE XICONTECATL DGE, MX","2023-12-31","67",",,S","36",",,S"
"MXM00076683","TLAXCALA DE XICONTECATL DGE, MX","2024-01-01","72",",,S","35",",,S"
"MXM00076683","TLAXCALA DE XICONTECATL DGE, MX","2024-01-02","73",",,S","35",",,S"
"MXM00076683","TLAXCALA DE XICONTECATL DGE, MX","2024-01-03","70",",,S","37",",,S"
"MXM00076683","TLAXCALA DE XICONTECATL DGE, MX","2024-01-04","71",",,S","39",",,S"
"MXM00076683","TLAXCALA DE XICONTECATL DGE, MX","2024-01-05","71",",,S","39",",,S"
"MXM00076683","TLAXCALA DE XICONTECATL DGE, MX","2024-01-06","70",",,S","42",",,S"
"MXM00076683","TLAXCALA DE XICONTECATL DGE, MX","2024-01-07","71",",,S","42",",,S"
"MXM00076683","TLAXCALA DE XICONTECATL DGE, MX","2024-01-08",,,,
"MXM00076683","TLAXCALA DE XICONTECATL DGE, MX","2024-01-09","72",",,S","43",",,S"
"MXM00076683","TLAXCALA DE XICONTECATL DGE, MX","2024-01-10",,,,
"MXM00076683","TLAXCALA DE XICONTECATL DGE, MX","2024-01-11","72",",,S","38",",,S"
"MXM00076683","TLAXCALA DE XICONTECATL DGE, MX","2024-01-12",,,,
"MXM00076683","TLAXCALA DE XICONTECATL DGE, MX","2024-01-13","78",",,S","42",",,S"
"MXM00076683","TLAXCALA DE XICONTECATL DGE, MX","2024-01-14","76",",,S","43",",,S"
"MXM00076683","TLAXCALA DE XICONTECATL DGE, MX","2024-01-15","79",",,S","43",",,S"
"MXM00076683","TLAXCALA DE XICONTECATL DGE, MX","2024-01-16","79",",,S","43",",,S"
"MXM00076683","TLAXCALA DE XICONTECATL DGE, MX","2024-01-17","78",",,S","44",",,S"
"MXM00076683","TLAXCALA DE XICONTECATL DGE, MX","2024-01-18",,,,
"MXM00076683","TLAXCALA DE XICONTECATL DGE, MX","2024-01-19","83",",,S","46",",,S"
"MXM00076683","TLAXCALA DE XICONTECATL DGE, MX","2024-01-20","77",",,S","47",",,S"
"MXM00076683","TLAXCALA DE XICONTECATL DGE, MX","2024-01-21","65",",,S","51",",,S"
"MXM00076683","TLAXCALA DE XICONTECATL DGE, MX","2024-01-22",,,,
"MXM00076683","TLAXCALA DE XICONTECATL DGE, MX","2024-01-23","73",",,S","43",",,S"
"MXM00076683","TLAXCALA DE XICONTECATL DGE, MX","2024-01-24",,,,
"MXM00076683","TLAXCALA DE XICONTECATL DGE, MX","2024-01-25",,,,
"MXM00076683","TLAXCALA DE XICONTECATL DGE, MX","2024-01-26","77",",,S","41",",,S"
"MXM00076683","TLAXCALA DE XICONTECATL DGE, MX","2024-01-27","78",",,S","41",",,S"
"MXM00076683","TLAXCALA DE XICONTECATL DGE, MX","2024-01-28",,,,
"MXM00076683","TLAXCALA DE XICONTECATL DGE, MX","2024-01-29",,,,
"MXM00076683","TLAXCALA DE XICONTECATL DGE, MX","2024-01-30",,,,
"MXM00076683","TLAXCALA DE XICONTECATL DGE, MX","2024-01-31","75",",,S","45",",,S"
"MXM00076683","TLAXCALA DE XICONTECATL DGE, MX","2024-02-01","76",",,S","43",",,S"
"MXM00076683","TLAXCALA DE XICONTECATL DGE, MX","2024-02-02",,,,
"MXM00076683","TLAXCALA DE XICONTECATL DGE, MX","2024-02-03","75",",,S","42",",,S"
"MXM00076683","TLAXCALA DE XICONTECATL DGE, MX","2024-02-04","71",",,S","38",",,S"
"MXM00076683","TLAXCALA DE XICONTECATL DGE, MX","2024-02-05","78",",,S","38",",,S"
"MXM00076683","TLAXCALA DE XICONTECATL DGE, MX","2024-02-06",,,,
"MXM00076683","TLAXCALA DE XICONTECATL DGE, MX","2024-02-07","81",",,S","37",",,S"
"MXM00076683","TLAXCALA DE XICONTECATL DGE, MX","2024-02-08",,,,
"MXM00076683","TLAXCALA DE XICONTECATL DGE, MX","2024-02-09","84",",,S","42",",,S"
"MXM00076683","TLAXCALA DE XICONTECATL DGE, MX","2024-02-10","83",",,S","42",",,S"
"MXM00076683","TLAXCALA DE XICONTECATL DGE, MX","2024-02-11","80",",,S","42",",,S"
"MXM00076683","TLAXCALA DE XICONTECATL DGE, MX","2024-02-12","80",",,S","42",",,S"
"MXM00076683","TLAXCALA DE XICONTECATL DGE, MX","2024-02-13","80",",,S","45",",,S"
"MXM00076683","TLAXCALA DE XICONTECATL DGE, MX","2024-02-14",,,,
"MXM00076683","TLAXCALA DE XICONTECATL DGE, MX","2024-02-15","79",",,S","43",",,S"
"MXM00076683","TLAXCALA DE XICONTECATL DGE, MX","2024-02-16","80",",,S","50",",,S"
"MXM00076683","TLAXCALA DE XICONTECATL DGE, MX","2024-02-17",,,,
"MXM00076683","TLAXCALA DE XICONTECATL DGE, MX","2024-02-18","61",",,S","42",",,S"
"MXM00076683","TLAXCALA DE XICONTECATL DGE, MX","2024-02-19",,,,
"MXM00076683","TLAXCALA DE XICONTECATL DGE, MX","2024-02-20",,,,
"MXM00076683","TLAXCALA DE XICONTECATL DGE, MX","2024-02-21",,,,
"MXM00076683","TLAXCALA DE XICONTECATL DGE, MX","2024-02-22",,,,
"MXM00076683","TLAXCALA DE XICONTECATL DGE, MX","2024-02-23","87",",,S","40",",,S"
"MXM00076683","TLAXCALA DE XICONTECATL DGE, MX","2024-02-24","86",",,S","41",",,S"
"MXM00076683","TLAXCALA DE XICONTECATL DGE, MX","2024-02-25","84",",,S","44",",,S"
"MXM00076683","TLAXCALA DE XICONTECATL DGE, MX","2024-02-26","86",",,S","43",",,S"
"MXM00076683","TLAXCALA DE XICONTECATL DGE, MX","2024-02-27","86",",,S","43",",,S"
"MXM00076683","TLAXCALA DE XICONTECATL DGE, MX","2024-02-28",,,,
"MXM00076683","TLAXCALA DE XICONTECATL DGE, MX","2024-02-29","87",",,S","46",",,S"
"MXM00076683","TLAXCALA DE XICONTECATL DGE, MX","2024-03-01","84",",,S","48",",,S"
"MXM00076683","TLAXCALA DE XICONTECATL DGE, MX","2024-03-02","81",",,S","48",",,S"
"MXM00076683","TLAXCALA DE XICONTECATL DGE, MX","2024-03-03","81",",,S","45",",,S"
"MXM00076683","TLAXCALA DE XICONTECATL DGE, MX","2024-03-04",,,,
"MXM00076683","TLAXCALA DE XICONTECATL DGE, MX","2024-03-05","82",",,S","46",",,S"
"MXM00076683","TLAXCALA DE XICONTECATL DGE, MX","2024-03-06","83",",,S","46",",,S"
"MXM00076683","TLAXCALA DE XICONTECATL DGE, MX","2024-03-07","83",",,S","47",",,S"
"MXM00076683","TLAXCALA DE XICONTECATL DGE, MX","2024-03-08",,,,
"MXM00076683","TLAXCALA DE XICONTECATL DGE, MX","2024-03-09",,,,
"MXM00076683","TLAXCALA DE XICONTECATL DGE, MX","2024-03-10","87",",,S","46",",,S"
"MXM00076683","TLAXCALA DE XICONTECATL DGE, MX","2024-03-11","84",",,S","48",",,S"
"MXM00076683","TLAXCALA DE XICONTECATL DGE, MX","2024-03-12","83",",,S","47",",,S"
"MXM00076683","TLAXCALA DE XICONTECATL DGE, MX","2024-03-13","84",",,S","47",",,S"
"MXM00076683","TLAXCALA DE XICONTECATL DGE, MX","2024-03-14",,,,
"MXM00076683","TLAXCALA DE XICONTECATL DGE, MX","2024-03-15","85",",,S","50",",,S"
"MXM00076683","TLAXCALA DE XICONTECATL DGE, MX","2024-03-16",,,,
"MXM00076683","TLAXCALA DE XICONTECATL DGE, MX","2024-03-17","85",",,S","49",",,S"
"MXM00076683","TLAXCALA DE XICONTECATL DGE, MX","2024-03-18",,,,
"MXM00076683","TLAXCALA DE XICONTECATL DGE, MX","2024-03-19","86",",,S","49",",,S"
"MXM00076683","TLAXCALA DE XICONTECATL DGE, MX","2024-03-20","83",",,S","51",",,S"
"MXM00076683","TLAXCALA DE XICONTECATL DGE, MX","2024-03-21","84",",,S","50",",,S"
"MXM00076683","TLAXCALA DE XICONTECATL DGE, MX","2024-03-22",,,,
"MXM00076683","TLAXCALA DE XICONTECATL DGE, MX","2024-03-23","85",",,S","48",",,S"
"MXM00076683","TLAXCALA DE XICONTECATL DGE, MX","2024-03-24","83",",,S","45",",,S"
"MXM00076683","TLAXCALA DE XICONTECATL DGE, MX","2024-03-25","83",",,S","44",",,S"
"MXM00076683","TLAXCALA DE XICONTECATL DGE, MX","2024-03-26","80",",,S","41",",,S"
"MXM00076683","TLAXCALA DE XICONTECATL DGE, MX","2024-03-27","82",",,S","41",",,S"
"MXM00076683","TLAXCALA DE XICONTECATL DGE, MX","2024-04-01",,,,
"MXM00076683","TLAXCALA DE XICONTECATL DGE, MX","2024-04-02",,,,
"MXM00076683","TLAXCALA DE XICONTECATL DGE, MX","2024-04-03","84",",,S","48",",,S"
"MXM00076683","TLAXCALA DE XICONTECATL DGE, MX","2024-04-04","85",",,S","47",",,S"
"MXM00076683","TLAXCALA DE XICONTECATL DGE, MX","2024-04-05",,,,
"MXM00076683","TLAXCALA DE XICONTECATL DGE, MX","2024-04-06","83",",,S","47",",,S"
"MXM00076683","TLAXCALA DE XICONTECATL DGE, MX","2024-04-08","87",",,S","48",",,S"
"MXM00076683","TLAXCALA DE XICONTECATL DGE, MX","2024-04-09",,,,
"MXM00076683","TLAXCALA DE XICONTECATL DGE, MX","2024-04-10",,,,
"MXM00076683","TLAXCALA DE XICONTECATL DGE, MX","2024-04-11","83",",,S","50",",,S"
"MXM00076683","TLAXCALA DE XICONTECATL DGE, MX","2024-04-12",,,,
"MXM00076683","TLAXCALA DE XICONTECATL DGE, MX","2024-04-13",,,,
"MXM00076683","TLAXCALA DE XICONTECATL DGE, MX","2024-04-14","89",",,S","47",",,S"
"MXM00076683","TLAXCALA DE XICONTECATL DGE, MX","2024-04-15","89",",,S","47",",,S"
"MXM00076683","TLAXCALA DE XICONTECATL DGE, MX","2024-04-16","90",",,S","49",",,S"
"MXM00076683","TLAXCALA DE XICONTECATL DGE, MX","2024-04-17","91",",,S","50",",,S"
"MXM00076683","TLAXCALA DE XICONTECATL DGE, MX","2024-04-18","91",",,S","51",",,S"
"MXM00076683","TLAXCALA DE XICONTECATL DGE, MX","2024-04-19","90",",,S","53",",,S"
"MXM00076683","TLAXCALA DE XICONTECATL DGE, MX","2024-04-20","89",",,S","53",",,S"
"MXM00076683","TLAXCALA DE XICONTECATL DGE, MX","2024-04-21","85",",,S","52",",,S"
"MXM00076683","TLAXCALA DE XICONTECATL DGE, MX","2024-04-22","84",",,S","54",",,S"
"MXM00076683","TLAXCALA DE XICONTECATL DGE, MX","2024-04-23",,,,
"MXM00076683","TLAXCALA DE XICONTECATL DGE, MX","2024-04-24",,,,
"MXM00076683","TLAXCALA DE XICONTECATL DGE, MX","2024-04-25","86",",,S","48",",,S"
"MXM00076683","TLAXCALA DE XICONTECATL DGE, MX","2024-04-26","87",",,S","49",",,S"
"MXM00076683","TLAXCALA DE XICONTECATL DGE, MX","2024-04-27","85",",,S","53",",,S"
"MXM00076683","TLAXCALA DE XICONTECATL DGE, MX","2024-04-29",,,,
"MXM00076683","TLAXCALA DE XICONTECATL DGE, MX","2024-04-30","87",",,S","50",",,S"
"MXM00076683","TLAXCALA DE XICONTECATL DGE, MX","2024-05-02",,,,
"MXM00076683","TLAXCALA DE XICONTECATL DGE, MX","2024-05-03","87",",,S","55",",,S"
"MXM00076683","TLAXCALA DE XICONTECATL DGE, MX","2024-05-04","90",",,S","53",",,S"
"MXM00076683","TLAXCALA DE XICONTECATL DGE, MX","2024-05-05","86",",,S","53",",,S"
"MXM00076683","TLAXCALA DE XICONTECATL DGE, MX","2024-05-06",,,,
"MXM00076683","TLAXCALA DE XICONTECATL DGE, MX","2024-05-07","90",",,S","54",",,S"
"MXM00076683","TLAXCALA DE XICONTECATL DGE, MX","2024-05-08","90",",,S","51",",,S"
"MXM00076683","TLAXCALA DE XICONTECATL DGE, MX","2024-05-09","91",",,S","51",",,S"
"MXM00076683","TLAXCALA DE XICONTECATL DGE, MX","2024-05-10","92",",,S","56",",,S"
"MXM00076683","TLAXCALA DE XICONTECATL DGE, MX","2024-05-11",,,,
"MXM00076683","TLAXCALA DE XICONTECATL DGE, MX","2024-05-12","81",",,S","54",",,S"
"MXM00076683","TLAXCALA DE XICONTECATL DGE, MX","2024-05-13","89",",,S","54",",,S"
"MXM00076683","TLAXCALA DE XICONTECATL DGE, MX","2024-05-14","89",",,S","54",",,S"
"MXM00076683","TLAXCALA DE XICONTECATL DGE, MX","2024-05-15","89",",,S","54",",,S"
"MXM00076683","TLAXCALA DE XICONTECATL DGE, MX","2024-05-16","88",",,S","54",",,S"
"MXM00076683","TLAXCALA DE XICONTECATL DGE, MX","2024-05-17",,,,
"MXM00076683","TLAXCALA DE XICONTECATL DGE, MX","2024-05-18",,,,
"MXM00076683","TLAXCALA DE XICONTECATL DGE, MX","2024-05-19","81",",,S","57",",,S"
"MXM00076683","TLAXCALA DE XICONTECATL DGE, MX","2024-05-20",,,,
"MXM00076683","TLAXCALA DE XICONTECATL DGE, MX","2024-05-21","90",",,S","51",",,S"
"MXM00076683","TLAXCALA DE XICONTECATL DGE, MX","2024-05-22","91",",,S","58",",,S"
"MXM00076683","TLAXCALA DE XICONTECATL DGE, MX","2024-05-23","91",",,S","56",",,S"
"MXM00076683","TLAXCALA DE XICONTECATL DGE, MX","2024-05-24","91",",,S","56",",,S"
"MXM00076683","TLAXCALA DE XICONTECATL DGE, MX","2024-05-25","89",",,S","56",",,S"
"MXM00076683","TLAXCALA DE XICONTECATL DGE, MX","2024-05-26","83",",,S","55",",,S"
"MXM00076683","TLAXCALA DE XICONTECATL DGE, MX","2024-05-27","91",",,S","54",",,S"
"MXM00076683","TLAXCALA DE XICONTECATL DGE, MX","2024-05-28","91",",,S","54",",,S"
"MXM00076683","TLAXCALA DE XICONTECATL DGE, MX","2024-05-29","89",",,S","54",",,S"
"MXM00076683","TLAXCALA DE XICONTECATL DGE, MX","2024-05-30","88",",,S","54",",,S"
"MXM00076683","TLAXCALA DE XICONTECATL DGE, MX","2024-05-31","88",",,S","50",",,S"
"MXM00076683","TLAXCALA DE XICONTECATL DGE, MX","2024-06-01",,,,
"MXM00076683","TLAXCALA DE XICONTECATL DGE, MX","2024-06-02","91",",,S","44",",,S"
"MXM00076683","TLAXCALA DE XICONTECATL DGE, MX","2024-06-03","91",",,S","52",",,S"
"MXM00076683","TLAXCALA DE XICONTECATL DGE, MX","2024-06-04","92",",,S","51",",,S"
"MXM00076683","TLAXCALA DE XICONTECATL DGE, MX","2024-06-05","90",",,S","55",",,S"
"MXM00076683","TLAXCALA DE XICONTECATL DGE, MX","2024-06-06",,,,
"MXM00076683","TLAXCALA DE XICONTECATL DGE, MX","2024-06-07","91",",,S","54",",,S"
"MXM00076683","TLAXCALA DE XICONTECATL DGE, MX","2024-06-08","87",",,S","53",",,S"
"MXM00076683","TLAXCALA DE XICONTECATL DGE, MX","2024-06-09","81",",,S","54",",,S"
"MXM00076683","TLAXCALA DE XICONTECATL DGE, MX","2024-06-10",,,,
"MXM00076683","TLAXCALA DE XICONTECATL DGE, MX","2024-06-11","87",",,S","54",",,S"
"MXM00076683","TLAXCALA DE XICONTECATL DGE, MX","2024-06-12","85",",,S","52",",,S"
"MXM00076683","TLAXCALA DE XICONTECATL DGE, MX","2024-06-13","87",",,S","52",",,S"
"MXM00076683","TLAXCALA DE XICONTECATL DGE, MX","2024-06-14","88",",,S","54",",,S"
"MXM00076683","TLAXCALA DE XICONTECATL DGE, MX","2024-06-15","84",",,S","54",",,S"
"MXM00076683","TLAXCALA DE XICONTECATL DGE, MX","2024-06-16","84",",,S","54",",,S"
"MXM00076683","TLAXCALA DE XICONTECATL DGE, MX","2024-06-17","89",",,S","54",",,S"
"MXM00076683","TLAXCALA DE XICONTECATL DGE, MX","2024-06-18","87",",,S","54",",,S"
"MXM00076683","TLAXCALA DE XICONTECATL DGE, MX","2024-06-19","88",",,S","54",",,S"
"MXM00076683","TLAXCALA DE XICONTECATL DGE, MX","2024-06-20",,,,
"MXM00076683","TLAXCALA DE XICONTECATL DGE, MX","2024-06-21",,,,
"MXM00076683","TLAXCALA DE XICONTECATL DGE, MX","2024-06-22",,,,
"MXM00076683","TLAXCALA DE XICONTECATL DGE, MX","2024-06-23","78",",,S","57",",,S"
"MXM00076683","TLAXCALA DE XICONTECATL DGE, MX","2024-06-24",,,,
"MXM00076683","TLAXCALA DE XICONTECATL DGE, MX","2024-06-25",,,,
"MXM00076683","TLAXCALA DE XICONTECATL DGE, MX","2024-06-26","74",",,S","58",",,S"
"MXM00076683","TLAXCALA DE XICONTECATL DGE, MX","2024-06-27",,,,
"MXM00076683","TLAXCALA DE XICONTECATL DGE, MX","2024-06-28",,,,
"MXM00076683","TLAXCALA DE XICONTECATL DGE, MX","2024-06-29","76",",,S","57",",,S"
"MXM00076683","TLAXCALA DE XICONTECATL DGE, MX","2024-06-30",,,,
"MXM00076683","TLAXCALA DE XICONTECATL DGE, MX","2024-07-01",,,,
"MXM00076683","TLAXCALA DE XICONTECATL DGE, MX","2024-07-02",,,,
"MXM00076683","TLAXCALA DE XICONTECATL DGE, MX","2024-07-03",,,,
"MXM00076683","TLAXCALA DE XICONTECATL DGE, MX","2024-07-04",,,,
"MXM00076683","TLAXCALA DE XICONTECATL DGE, MX","2024-07-05",,,,
"MXM00076683","TLAXCALA DE XICONTECATL DGE, MX","2024-07-06","83",",,S","53",",,S"
"MXM00076683","TLAXCALA DE XICONTECATL DGE, MX","2024-07-07","75",",,S","55",",,S"
"MXM00076683","TLAXCALA DE XICONTECATL DGE, MX","2024-07-08",,,,
"MXM00076683","TLAXCALA DE XICONTECATL DGE, MX","2024-07-09",,,,
"MXM00076683","TLAXCALA DE XICONTECATL DGE, MX","2024-07-10",,,,
"MXM00076683","TLAXCALA DE XICONTECATL DGE, MX","2024-07-11",,,,
"MXM00076683","TLAXCALA DE XICONTECATL DGE, MX","2024-07-12","78",",,S","55",",,S"
"MXM00076683","TLAXCALA DE XICONTECATL DGE, MX","2024-07-13","77",",,S","56",",,S"
"MXM00076683","TLAXCALA DE XICONTECATL DGE, MX","2024-07-14","77",",,S","54",",,S"
"MXM00076683","TLAXCALA DE XICONTECATL DGE, MX","2024-07-15",,,,
"MXM00076683","TLAXCALA DE XICONTECATL DGE, MX","2024-07-16","80",",,S","52",",,S"
"MXM00076683","TLAXCALA DE XICONTECATL DGE, MX","2024-07-17",,,,
"MXM00076683","TLAXCALA DE XICONTECATL DGE, MX","2024-07-18","82",",,S","57",",,S"
"MXM00076683","TLAXCALA DE XICONTECATL DGE, MX","2024-07-19","77",",,S","56",",,S"
"MXM00076683","TLAXCALA DE XICONTECATL DGE, MX","2024-07-20",,,,
"MXM00076683","TLAXCALA DE XICONTECATL DGE, MX","2024-07-21","75",",,S","53",",,S"
"MXM00076683","TLAXCALA DE XICONTECATL DGE, MX","2024-07-22","77",",,S","53",",,S"
"MXM00076683","TLAXCALA DE XICONTECATL DGE, MX","2024-07-23",,,,
"MXM00076683","TLAXCALA DE XICONTECATL DGE, MX","2024-07-24","76",",,S","58",",,S"
"MXM00076683","TLAXCALA DE XICONTECATL DGE, MX","2024-07-25",,,,
"MXM00076683","TLAXCALA DE XICONTECATL DGE, MX","2024-07-26","82",",,S","56",",,S"
"MXM00076683","TLAXCALA DE XICONTECATL DGE, MX","2024-07-27","81",",,S","56",",,S"
"MXM00076683","TLAXCALA DE XICONTECATL DGE, MX","2024-07-28","80",",,S","54",",,S"
"MXM00076683","TLAXCALA DE XICONTECATL DGE, MX","2024-07-29",,,,
"MXM00076683","TLAXCALA DE XICONTECATL DGE, MX","2024-07-30","80",",,S","54",",,S"
"MXM00076683","TLAXCALA DE XICONTECATL DGE, MX","2024-07-31","79",",,S","52",",,S"
"MXM00076683","TLAXCALA DE XICONTECATL DGE, MX","2024-08-01","79",",,S","53",",,S"
"MXM00076683","TLAXCALA DE XICONTECATL DGE, MX","2024-08-02","78",",,S","53",",,S"
"MXM00076683","TLAXCALA DE XICONTECATL DGE, MX","2024-08-03",,,,
"MXM00076683","TLAXCALA DE XICONTECATL DGE, MX","2024-08-04","73",",,S","49",",,S"
"MXM00076683","TLAXCALA DE XICONTECATL DGE, MX","2024-08-05","82",",,S","49",",,S"
"MXM00076683","TLAXCALA DE XICONTECATL DGE, MX","2024-08-06","80",",,S","53",",,S"
"MXM00076683","TLAXCALA DE XICONTECATL DGE, MX","2024-08-07","81",",,S","55",",,S"
"MXM00076683","TLAXCALA DE XICONTECATL DGE, MX","2024-08-08","80",",,S","55",",,S"
"MXM00076683","TLAXCALA DE XICONTECATL DGE, MX","2024-08-09",,,,
"MXM00076683","TLAXCALA DE XICONTECATL DGE, MX","2024-08-10","81",",,S","54",",,S"
"MXM00076683","TLAXCALA DE XICONTECATL DGE, MX","2024-08-13",,,,
"MXM00076683","TLAXCALA DE XICONTECATL DGE, MX","2024-08-14",,,,
"MXM00076683","TLAXCALA DE XICONTECATL DGE, MX","2024-08-15","81",",,S","56",",,S"
"MXM00076683","TLAXCALA DE XICONTECATL DGE, MX","2024-08-16","79",",,S","55",",,S"
"MXM00076683","TLAXCALA DE XICONTECATL DGE, MX","2024-08-17",,,,
"MXM00076683","TLAXCALA DE XICONTECATL DGE, MX","2024-08-18","74",",,S","53",",,S"
"MXM00076683","TLAXCALA DE XICONTECATL DGE, MX","2024-08-19","80",",,S","53",",,S"
"MXM00076683","TLAXCALA DE XICONTECATL DGE, MX","2024-08-20","80",",,S","54",",,S"
"MXM00076683","TLAXCALA DE XICONTECATL DGE, MX","2024-08-21","80",",,S","54",",,S"
"MXM00076683","TLAXCALA DE XICONTECATL DGE, MX","2024-08-22","80",",,S","53",",,S"
"MXM00076683","TLAXCALA DE XICONTECATL DGE, MX","2024-08-23","78",",,S","56",",,S"
"MXM00076683","TLAXCALA DE XICONTECATL DGE, MX","2024-08-24",,,,
"MXM00076683","TLAXCALA DE XICONTECATL DGE, MX","2024-08-25","80",",,S","51",",,S"
"MXM00076683","TLAXCALA DE XICONTECATL DGE, MX","2024-08-26",,,,
"MXM00076683","TLAXCALA DE XICONTECATL DGE, MX","2024-08-27","80",",,S","53",",,S"
"MXM00076683","TLAXCALA DE XICONTECATL DGE, MX","2024-08-28",,,,
"MXM00076683","TLAXCALA DE XICONTECATL DGE, MX","2024-08-29","80",",,S","55",",,S"
"MXM00076683","TLAXCALA DE XICONTECATL DGE, MX","2024-08-30",,,,
"MXM00076683","TLAXCALA DE XICONTECATL DGE, MX","2024-08-31","80",",,S","56",",,S"
"MXM00076683","TLAXCALA DE XICONTECATL DGE, MX","2024-09-01","74",",,S","54",",,S"
"MXM00076683","TLAXCALA DE XICONTECATL DGE, MX","2024-09-02","74",",,S","58",",,S"
"MXM00076683","TLAXCALA DE XICONTECATL DGE, MX","2024-09-03",,,,
"MXM00076683","TLAXCALA DE XICONTECATL DGE, MX","2024-09-04","81",",,S","57",",,S"
"MXM00076683","TLAXCALA DE XICONTECATL DGE, MX","2024-09-05","81",",,S","58",",,S"
"MXM00076683","TLAXCALA DE XICONTECATL DGE, MX","2024-09-06",,,,
"MXM00076683","TLAXCALA DE XICONTECATL DGE, MX","2024-09-07","80",",,S","57",",,S"
"MXM00076683","TLAXCALA DE XICONTECATL DGE, MX","2024-09-08",,,,
"MXM00076683","TLAXCALA DE XICONTECATL DGE, MX","2024-09-09",,,,
"MXM00076683","TLAXCALA DE XICONTECATL DGE, MX","2024-09-10","77",",,S","55",",,S"
"MXM00076683","TLAXCALA DE XICONTECATL DGE, MX","2024-09-11","78",",,S","58",",,S"
"MXM00076683","TLAXCALA DE XICONTECATL DGE, MX","2024-09-12","77",",,S","59",",,S"
"MXM00076683","TLAXCALA DE XICONTECATL DGE, MX","2024-09-13",,,,
"MXM00076683","TLAXCALA DE XICONTECATL DGE, MX","2024-09-14",,,,
"MXM00076683","TLAXCALA DE XICONTECATL DGE, MX","2024-09-15","82",",,S","58",",,S"
"MXM00076683","TLAXCALA DE XICONTECATL DGE, MX","2024-09-16","79",",,S","61",",,S"
"MXM00076683","TLAXCALA DE XICONTECATL DGE, MX","2024-09-17","80",",,S","58",",,S"
"MXM00076683","TLAXCALA DE XICONTECATL DGE, MX","2024-09-18",,,,
"MXM00076683","TLAXCALA DE XICONTECATL DGE, MX","2024-09-19","82",",,S","55",",,S"
"MXM00076683","TLAXCALA DE XICONTECATL DGE, MX","2024-09-20","82",",,S","54",",,S"
"MXM00076683","TLAXCALA DE XICONTECATL DGE, MX","2024-09-21","81",",,S","52",",,S"
"MXM00076683","TLAXCALA DE XICONTECATL DGE, MX","2024-09-22","80",",,S","55",",,S"
"MXM00076683","TLAXCALA DE XICONTECATL DGE, MX","2024-09-23","81",",,S","54",",,S"
"MXM00076683","TLAXCALA DE XICONTECATL DGE, MX","2024-09-24","76",",,S","53",",,S"
"MXM00076683","TLAXCALA DE XICONTECATL DGE, MX","2024-09-25","70",",,S","53",",,S"
"MXM00076683","TLAXCALA DE XICONTECATL DGE, MX","2024-09-26","70",",,S","53",",,S"
"MXM00076683","TLAXCALA DE XICONTECATL DGE, MX","2024-09-27",,,,
"MXM00076683","TLAXCALA DE XICONTECATL DGE, MX","2024-09-28","74",",,S","56",",,S"
"MXM00076683","TLAXCALA DE XICONTECATL DGE, MX","2024-09-29","76",",,S","56",",,S"
"MXM00076683","TLAXCALA DE XICONTECATL DGE, MX","2024-09-30",,,,
"MXM00076683","TLAXCALA DE XICONTECATL DGE, MX","2024-10-01","76",",,S","53",",,S"
"MXM00076683","TLAXCALA DE XICONTECATL DGE, MX","2024-10-02","73",",,S","53",",,S"
"MXM00076683","TLAXCALA DE XICONTECATL DGE, MX","2024-10-03","69",",,S","49",",,S"
"MXM00076683","TLAXCALA DE XICONTECATL DGE, MX","2024-10-04",,,,
"MXM00076683","TLAXCALA DE XICONTECATL DGE, MX","2024-10-05","74",",,S","53",",,S"
"MXM00076683","TLAXCALA DE XICONTECATL DGE, MX","2024-10-06",,,,
"MXM00076683","TLAXCALA DE XICONTECATL DGE, MX","2024-10-07",,,,
"MXM00076683","TLAXCALA DE XICONTECATL DGE, MX","2024-10-08",,,,
"MXM00076683","TLAXCALA DE XICONTECATL DGE, MX","2024-10-09","77",",,S","51",",,S"
"MXM00076683","TLAXCALA DE XICONTECATL DGE, MX","2024-10-10",,,,
"MXM00076683","TLAXCALA DE XICONTECATL DGE, MX","2024-10-11",,,,
"MXM00076683","TLAXCALA DE XICONTECATL DGE, MX","2024-10-12","76",",,S","41",",,S"
"MXM00076683","TLAXCALA DE XICONTECATL DGE, MX","2024-10-13","76",",,S","44",",,S"
"MXM00076683","TLAXCALA DE XICONTECATL DGE, MX","2024-10-14","78",",,S","50",",,S"
"MXM00076683","TLAXCALA DE XICONTECATL DGE, MX","2024-10-15",,,,
"MXM00076683","TLAXCALA DE XICONTECATL DGE, MX","2024-10-16","80",",,S","50",",,S"
"MXM00076683","TLAXCALA DE XICONTECATL DGE, MX","2024-10-17","79",",,S","46",",,S"
"MXM00076683","TLAXCALA DE XICONTECATL DGE, MX","2024-10-18",,,,
"MXM00076683","TLAXCALA DE XICONTECATL DGE, MX","2024-10-19","77",",,S","53",",,S"
"MXM00076683","TLAXCALA DE XICONTECATL DGE, MX","2024-10-20","75",",,S","52",",,S"
"MXM00076683","TLAXCALA DE XICONTECATL DGE, MX","2024-10-21",,,,
"MXM00076683","TLAXCALA DE XICONTECATL DGE, MX","2024-10-22",,,,
"MXM00076683","TLAXCALA DE XICONTECATL DGE, MX","2024-10-23",,,,
"MXM00076683","TLAXCALA DE XICONTECATL DGE, MX","2024-10-24","80",",,S","49",",,S"
"MXM00076683","TLAXCALA DE XICONTECATL DGE, MX","2024-10-25","79",",,S","51",",,S"
"MXM00076683","TLAXCALA DE XICONTECATL DGE, MX","2024-10-26","76",",,S","52",",,S"
"MXM00076683","TLAXCALA DE XICONTECATL DGE, MX","2024-10-28",,,,
"MXM00076683","TLAXCALA DE XICONTECATL DGE, MX","2024-10-29",,,,
"MXM00076683","TLAXCALA DE XICONTECATL DGE, MX","2024-10-30",,,,
"MXM00076683","TLAXCALA DE XICONTECATL DGE, MX","2024-10-31","81",",,S","50",",,S"
"MXM00076683","TLAXCALA DE XICONTECATL DGE, MX","2024-11-01","80",",,S","53",",,S"
"MXM00076683","TLAXCALA DE XICONTECATL DGE, MX","2024-11-02","80",",,S","51",",,S"
"MXM00076683","TLAXCALA DE XICONTECATL DGE, MX","2024-11-03","79",",,S","49",",,S"
"MXM00076683","TLAXCALA DE XICONTECATL DGE, MX","2024-11-04","81",",,S","49",",,S"
"MXM00076683","TLAXCALA DE XICONTECATL DGE, MX","2024-11-05",,,,
"MXM00076683","TLAXCALA DE XICONTECATL DGE, MX","2024-11-06",,,,
"MXM00076683","TLAXCALA DE XICONTECATL DGE, MX","2024-11-07",,,,
"MXM00076683","TLAXCALA DE XICONTECATL DGE, MX","2024-11-08","83",",,S","46",",,S"
"MXM00076683","TLAXCALA DE XICONTECATL DGE, MX","2024-11-09","83",",,S","43",",,S"
"MXM00076683","TLAXCALA DE XICONTECATL DGE, MX","2024-11-10","84",",,S","43",",,S"
"MXM00076683","TLAXCALA DE XICONTECATL DGE, MX","2024-11-11","84",",,S","43",",,S"
"MXM00076683","TLAXCALA DE XICONTECATL DGE, MX","2024-11-12","81",",,S","41",",,S"
"MXM00076683","TLAXCALA DE XICONTECATL DGE, MX","2024-11-13",,,,
"MXM00076683","TLAXCALA DE XICONTECATL DGE, MX","2024-11-14","81",",,S","42",",,S"
"MXM00076683","TLAXCALA DE XICONTECATL DGE, MX","2024-11-15",,,,
"MXM00076683","TLAXCALA DE XICONTECATL DGE, MX","2024-11-16",,,,
"MXM00076683","TLAXCALA DE XICONTECATL DGE, MX","2024-11-17","82",",,S","45",",,S"
"MXM00076683","TLAXCALA DE XICONTECATL DGE, MX","2024-11-22","76",",,S","42",",,S"
"MXM00076683","TLAXCALA DE XICONTECATL DGE, MX","2024-11-23",,,,
"MXM00076683","TLAXCALA DE XICONTECATL DGE, MX","2024-11-24","78",",,S","34",",,S"
"MXM00076683","TLAXCALA DE XICONTECATL DGE, MX","2024-11-25",,,,
"MXM00076683","TLAXCALA DE XICONTECATL DGE, MX","2024-11-26","80",",,S","33",",,S"
"MXM00076683","TLAXCALA DE XICONTECATL DGE, MX","2024-11-27",,,,
"MXM00076683","TLAXCALA DE XICONTECATL DGE, MX","2024-11-28","84",",,S","34",",,S"
"MXM00076683","TLAXCALA DE XICONTECATL DGE, MX","2024-11-29","84",",,S","38",",,S"
"MXM00076683","TLAXCALA DE XICONTECATL DGE, MX","2024-11-30","80",",,S","37",",,S"
"MXM00076683","TLAXCALA DE XICONTECATL DGE, MX","2024-12-02","80",",,S","36",",,S"
"MXM00076683","TLAXCALA DE XICONTECATL DGE, MX","2024-12-03","78",",,S","36",",,S"
"MXM00076683","TLAXCALA DE XICONTECATL DGE, MX","2024-12-04","75",",,S","43",",,S"
"MXM00076683","TLAXCALA DE XICONTECATL DGE, MX","2024-12-05","78",",,S","44",",,S"
"MXM00076683","TLAXCALA DE XICONTECATL DGE, MX","2024-12-06","78",",,S","44",",,S"
"MXM00076683","TLAXCALA DE XICONTECATL DGE, MX","2024-12-07",,,,
"MXM00076683","TLAXCALA DE XICONTECATL DGE, MX","2024-12-08","73",",,S","38",",,S"
"MXM00076683","TLAXCALA DE XICONTECATL DGE, MX","2024-12-09",,,,
"MXM00076683","TLAXCALA DE XICONTECATL DGE, MX","2024-12-10",,,,
"MXM00076683","TLAXCALA DE XICONTECATL DGE, MX","2024-12-11","82",",,S","40",",,S"
"MXM00076683","TLAXCALA DE XICONTECATL DGE, MX","2024-12-12","74",",,S","41",",,S"
"MXM00076683","TLAXCALA DE XICONTECATL DGE, MX","2024-12-13","82",",,S","40",",,S"
"MXM00076683","TLAXCALA DE XICONTECATL DGE, MX","2024-12-14","79",",,S","40",",,S"
"MXM00076683","TLAXCALA DE XICONTECATL DGE, MX","2024-12-15","80",",,S","40",",,S"
"MXM00076683","TLAXCALA DE XICONTECATL DGE, MX","2024-12-16",,,,
"MXM00076683","TLAXCALA DE XICONTECATL DGE, MX","2024-12-17","76",",,S","39",",,S"
"MXM00076683","TLAXCALA DE XICONTECATL DGE, MX","2024-12-18","73",",,S","40",",,S"
"MXM00076683","TLAXCALA DE XICONTECATL DGE, MX","2024-12-19","72",",,S","46",",,S"
"MXM00076683","TLAXCALA DE XICONTECATL DGE, MX","2024-12-20",,,,
"MXM00076683","TLAXCALA DE XICONTECATL DGE, MX","2024-12-21","73",",,S","45",",,S"
"MXM00076683","TLAXCALA DE XICONTECATL DGE, MX","2024-12-22","73",",,S","45",",,S"
"MXM00076683","TLAXCALA DE XICONTECATL DGE, MX","2024-12-23",,,,
"MXM00076683","TLAXCALA DE XICONTECATL DGE, MX","2024-12-24","68",",,S","41",",,S"
"MXM00076683","TLAXCALA DE XICONTECATL DGE, MX","2024-12-25","67",",,S","41",",,S"
"MXM00076683","TLAXCALA DE XICONTECATL DGE, MX","2024-12-26","71",",,S","39",",,S"
"MXM00076683","TLAXCALA DE XICONTECATL DGE, MX","2024-12-27",,,,
"MXM00076683","TLAXCALA DE XICONTECATL DGE, MX","2024-12-28","74",",,S","36",",,S"
"MXM00076683","TLAXCALA DE XICONTECATL DGE, MX","2024-12-29","72",",,S","36",",,S"
"MXM00076683","TLAXCALA DE XICONTECATL DGE, MX","2024-12-30",,,,
"MXM00076683","TLAXCALA DE XICONTECATL DGE, MX","2024-12-31",,,,
"MXM00076683","TLAXCALA DE XICONTECATL DGE, MX","2025-01-01","75","H,,2","42","H,,2"
"MXM00076683","TLAXCALA DE XICONTECATL DGE, MX","2025-01-02","73","H,,2","44","H,,2"
"MXM00076683","TLAXCALA DE XICONTECATL DGE, MX","2025-01-03","70","H,,2","44","H,,2"
"MXM00076683","TLAXCALA DE XICONTECATL DGE, MX","2025-01-04","72","H,,2","45","H,,2"
"MXM00076683","TLAXCALA DE XICONTECATL DGE, MX","2025-01-07","67","H,,2","46","H,,2"
"MXM00076683","TLAXCALA DE XICONTECATL DGE, MX","2025-01-08","69","H,,2","48","H,,2"
"MXM00076683","TLAXCALA DE XICONTECATL DGE, MX","2025-01-09","69","H,,2","43","H,,2"
"MXM00076683","TLAXCALA DE XICONTECATL DGE, MX","2025-01-10","71","H,,2","53","H,,2"
"MXM00076683","TLAXCALA DE XICONTECATL DGE, MX","2025-01-14","73","H,,2","46","H,,2"
"MXM00076683","TLAXCALA DE XICONTECATL DGE, MX","2025-01-15","79","H,,2","46","H,,2"
"MXM00076683","TLAXCALA DE XICONTECATL DGE, MX","2025-01-16","75","H,,2","47","H,,2"
"MXM00076683","TLAXCALA DE XICONTECATL DGE, MX","2025-01-17","76","H,,2","44","H,,2"
"MXM00076683","TLAXCALA DE XICONTECATL DGE, MX","2025-01-18","78","H,,2","46","H,,2"
"MXM00076683","TLAXCALA DE XICONTECATL DGE, MX","2025-01-20","71","H,,2","48","H,,2"
"MXM00076683","TLAXCALA DE XICONTECATL DGE, MX","2025-01-21","73","H,,2","42","H,,2"
"MXM00076683","TLAXCALA DE XICONTECATL DGE, MX","2025-01-22","71","H,,2","40","H,,2"
"MXM00076683","TLAXCALA DE XICONTECATL DGE, MX","2025-01-23","72","H,,2","43","H,,2"
"MXM00076683","TLAXCALA DE XICONTECATL DGE, MX","2025-01-24","70","H,,2","44","H,,2"
"MXM00076683","TLAXCALA DE XICONTECATL DGE, MX","2025-01-25","73","H,,2","43","H,,2"
"MXM00076683","TLAXCALA DE XICONTECATL DGE, MX","2025-01-28","77","H,,2","44","H,,2"
"MXM00076683","TLAXCALA DE XICONTECATL DGE, MX","2025-01-30","74","H,,2","47","H,,2"
"MXM00076683","TLAXCALA DE XICONTECATL DGE, MX","2025-01-31","73","H,,2","46","H,,2"
"MXM00076683","TLAXCALA DE XICONTECATL DGE, MX","2025-02-03","74","H,,2","47","H,,2"
"MXM00076683","TLAXCALA DE XICONTECATL DGE, MX","2025-02-04","73","H,,2","50","H,,2"
"MXM00076683","TLAXCALA DE XICONTECATL DGE, MX","2025-02-05","77","H,,2","43","H,,2"
"MXM00076683","TLAXCALA DE XICONTECATL DGE, MX","2025-02-06","78","H,,2","46","H,,2"
"MXM00076683","TLAXCALA DE XICONTECATL DGE, MX","2025-02-07","76","H,,2","54","H,,2"
"MXM00076683","TLAXCALA DE XICONTECATL DGE, MX","2025-02-10","79","H,,2","56","H,,2"
"MXM00076683","TLAXCALA DE XICONTECATL DGE, MX","2025-02-11","79","H,,2","45","H,,2"
"MXM00076683","TLAXCALA DE XICONTECATL DGE, MX","2025-02-12","75","H,,2","51","H,,2"
"MXM00076683","TLAXCALA DE XICONTECATL DGE, MX","2025-02-13","77","H,,2","46","H,,2"
"MXM00076683","TLAXCALA DE XICONTECATL DGE, MX","2025-02-14","75","H,,2","50","H,,2"
"MXM00076683","TLAXCALA DE XICONTECATL DGE, MX","2025-02-15","78","H,,2","47","H,,2"
"MXM00076683","TLAXCALA DE XICONTECATL DGE, MX","2025-02-17","77","H,,2","50","H,,2"
"MXM00076683","TLAXCALA DE XICONTECATL DGE, MX","2025-02-18","76","H,,2","50","H,,2"
"MXM00076683","TLAXCALA DE XICONTECATL DGE, MX","2025-02-19","72","H,,2","51","H,,2"
"MXM00076683","TLAXCALA DE XICONTECATL DGE, MX","2025-02-20","72","H,,2","46","H,,2"
"MXM00076683","TLAXCALA DE XICONTECATL DGE, MX","2025-02-21","76","H,,2","51","H,,2"
"MXM00076683","TLAXCALA DE XICONTECATL DGE, MX","2025-02-22","80","H,,2","49","H,,2"
"MXM00076683","TLAXCALA DE XICONTECATL DGE, MX","2025-02-24","80","H,,2","47","H,,2"
"MXM00076683","TLAXCALA DE XICONTECATL DGE, MX","2025-02-25","81","H,,2","41","H,,2"
"MXM00076683","TLAXCALA DE XICONTECATL DGE, MX","2025-02-26","81","H,,2","41","H,,2"
"MXM00076683","TLAXCALA DE XICONTECATL DGE, MX","2025-02-27","82","H,,2","47","H,,2"
"MXM00076683","TLAXCALA DE XICONTECATL DGE, MX","2025-03-01","84","H,,2","49","H,,2"
"MXM00076683","TLAXCALA DE XICONTECATL DGE, MX","2025-03-03","84","H,,2","48","H,,2"
"MXM00076683","TLAXCALA DE XICONTECATL DGE, MX","2025-03-04","83","H,,2","49","H,,2"
"MXM00076683","TLAXCALA DE XICONTECATL DGE, MX","2025-03-05","82","H,,2","53","H,,2"
"MXM00076683","TLAXCALA DE XICONTECATL DGE, MX","2025-03-06","79","H,,2","45","H,,2"
"MXM00076683","TLAXCALA DE XICONTECATL DGE, MX","2025-03-07","81","H,,2","46","H,,2"
"MXM00076683","TLAXCALA DE XICONTECATL DGE, MX","2025-03-08","75","H,,2","53","H,,2"
"MXM00076683","TLAXCALA DE XICONTECATL DGE, MX","2025-03-11","81","H,,2","47","H,,2"
"MXM00076683","TLAXCALA DE XICONTECATL DGE, MX","2025-03-12","82","H,,2","48","H,,2"
"MXM00076683","TLAXCALA DE XICONTECATL DGE, MX","2025-03-13","84","H,,2","48","H,,2"
"MXM00076683","TLAXCALA DE XICONTECATL DGE, MX","2025-03-14","82","H,,2","48","H,,2"
"MXM00076683","TLAXCALA DE XICONTECATL DGE, MX","2025-03-15","77","H,,2","44","H,,2"
"MXM00076683","TLAXCALA DE XICONTECATL DGE, MX","2025-03-17","80","H,,2","46","H,,2"
"MXM00076683","TLAXCALA DE XICONTECATL DGE, MX","2025-03-18","85","H,,2","44","H,,2"
"MXM00076683","TLAXCALA DE XICONTECATL DGE, MX","2025-03-20","77","H,,2","50","H,,2"
"MXM00076683","TLAXCALA DE XICONTECATL DGE, MX","2025-03-21","82","H,,2","43","H,,2"
"MXM00076683","TLAXCALA DE XICONTECATL DGE, MX","2025-03-22","74","H,,2","52","H,,2"
"MXM00076683","TLAXCALA DE XICONTECATL DGE, MX","2025-03-24","83","H,,2","47","H,,2"
"MXM00076683","TLAXCALA DE XICONTECATL DGE, MX","2025-03-25","81","H,,2","53","H,,2"
"MXM00076683","TLAXCALA DE XICONTECATL DGE, MX","2025-03-26","80","H,,2","55","H,,2"
"MXM00076683","TLAXCALA DE XICONTECATL DGE, MX","2025-03-27","72","H,,2","50","H,,2"
"MXM00076683","TLAXCALA DE XICONTECATL DGE, MX","2025-03-31","83","H,,2","48","H,,2"
"MXM00076683","TLAXCALA DE XICONTECATL DGE, MX","2025-04-01","84","H,,2","48","H,,2"
"MXM00076683","TLAXCALA DE XICONTECATL DGE, MX","2025-04-02","83","H,,2","51","H,,2"
"MXM00076683","TLAXCALA DE XICONTECATL DGE, MX","2025-04-03","82","H,,2","49","H,,2"
"MXM00076683","TLAXCALA DE XICONTECATL DGE, MX","2025-04-04","82","H,,2","48","H,,2"
"MXM00076683","TLAXCALA DE XICONTECATL DGE, MX","2025-04-05","76","H,,2","62","H,,2"
"MXM00076683","TLAXCALA DE XICONTECATL DGE, MX","2025-04-07","77","H,,2","53","H,,2"
"MXM00076683","TLAXCALA DE XICONTECATL DGE, MX","2025-04-08","81","H,,2","51","H,,2"
"MXM00076683","TLAXCALA DE XICONTECATL DGE, MX","2025-04-09","80","H,,2","46","H,,2"
"MXM00076683","TLAXCALA DE XICONTECATL DGE, MX","2025-04-10","81","H,,2","46","H,,2"
"MXM00076683","TLAXCALA DE XICONTECATL DGE, MX","2025-04-11","79","H,,2","38","H,,2"
"MXM00076683","TLAXCALA DE XICONTECATL DGE, MX","2025-04-12","71","H,,2","45","H,,2"
"MXM00076683","TLAXCALA DE XICONTECATL DGE, MX","2025-04-14","84","H,,2","38","H,,2"
"MXM00076683","TLAXCALA DE XICONTECATL DGE, MX","2025-04-15","79","H,,2","42","H,,2"
"MXM00076683","TLAXCALA DE XICONTECATL DGE, MX","2025-04-16","82","H,,2","41","H,,2"
"MXM00076683","TLAXCALA DE XICONTECATL DGE, MX","2025-04-18","84","H,,2","45","H,,2"
"MXM00076683","TLAXCALA DE XICONTECATL DGE, MX","2025-04-19","77","H,,2","59","H,,2"
"MXM00076683","TLAXCALA DE XICONTECATL DGE, MX","2025-04-21","82","H,,2","53","H,,2"
"MXM00076683","TLAXCALA DE XICONTECATL DGE, MX","2025-04-22","85","H,,2","52","H,,2"
"MXM00076683","TLAXCALA DE XICONTECATL DGE, MX","2025-04-23","84","H,,2","56","H,,2"
"MXM00076683","TLAXCALA DE XICONTECATL DGE, MX","2025-04-24","84","H,,2","53","H,,2"
"MXM00076683","TLAXCALA DE XICONTECATL DGE, MX","2025-04-25","82","H,,2","55","H,,2"
"MXM00076683","TLAXCALA DE XICONTECATL DGE, MX","2025-04-26","83","H,,2","50","H,,2"
"MXM00076683","TLAXCALA DE XICONTECATL DGE, MX","2025-04-29","83","H,,2","47","H,,2"
"MXM00076683","TLAXCALA DE XICONTECATL DGE, MX","2025-04-30","83","H,,2","54","H,,2"
"MXM00076683","TLAXCALA DE XICONTECATL DGE, MX","2025-05-01","83","H,,2","52","H,,2"
"MXM00076683","TLAXCALA DE XICONTECATL DGE, MX","2025-05-02","84","H,,2","54","H,,2"
"MXM00076683","TLAXCALA DE XICONTECATL DGE, MX","2025-05-03","84","H,,2","58","H,,2"
"MXM00076683","TLAXCALA DE XICONTECATL DGE, MX","2025-05-05","86","H,,2","54","H,,2"
"MXM00076683","TLAXCALA DE XICONTECATL DGE, MX","2025-05-06","87","H,,2","54","H,,2"
"MXM00076683","TLAXCALA DE XICONTECATL DGE, MX","2025-05-07","92","H,,2","52","H,,2"
"MXM00076683","TLAXCALA DE XICONTECATL DGE, MX","2025-05-08","89","H,,2","54","H,,2"
"MXM00076683","TLAXCALA DE XICONTECATL DGE, MX","2025-05-09","80","H,,2","53","H,,2"
"MXM00076683","TLAXCALA DE XICONTECATL DGE, MX","2025-05-10","69","H,,2","55","H,,2"
"MXM00076683","TLAXCALA DE XICONTECATL DGE, MX","2025-05-12","85","H,,2","49","H,,2"
"MXM00076683","TLAXCALA DE XICONTECATL DGE, MX","2025-05-13","84","H,,2","49","H,,2"
"MXM00076683","TLAXCALA DE XICONTECATL DGE, MX","2025-05-15","91","H,,2","49","H,,2"
"MXM00076683","TLAXCALA DE XICONTECATL DGE, MX","2025-05-16","87","H,,2","53","H,,2"
"MXM00076683","TLAXCALA DE XICONTECATL DGE, MX","2025-05-17","86","H,,2","51","H,,2"
"MXM00076683","TLAXCALA DE XICONTECATL DGE, MX","2025-05-19","88","H,,2","54","H,,2"
"MXM00076683","TLAXCALA DE XICONTECATL DGE, MX","2025-05-20","90","H,,2","55","H,,2"
"MXM00076683","TLAXCALA DE XICONTECATL DGE, MX","2025-05-21","88","H,,2","54","H,,2"
"MXM00076683","TLAXCALA DE XICONTECATL DGE, MX","2025-05-22","87","H,,2","59","H,,2"
"MXM00076683","TLAXCALA DE XICONTECATL DGE, MX","2025-05-23","80","H,,2","57","H,,2"
"MXM00076683","TLAXCALA DE XICONTECATL DGE, MX","2025-05-24","80","H,,2","56","H,,2"
"MXM00076683","TLAXCALA DE XICONTECATL DGE, MX","2025-05-26","76","H,,2","56","H,,2"
"MXM00076683","TLAXCALA DE XICONTECATL DGE, MX","2025-05-27","77","H,,2","58","H,,2"
"MXM00076683","TLAXCALA DE XICONTECATL DGE, MX","2025-05-28","76","H,,2","55","H,,2"
"MXM00076683","TLAXCALA DE XICONTECATL DGE, MX","2025-05-29","74","H,,2","56","H,,2"
"MXM00076683","TLAXCALA DE XICONTECATL DGE, MX","2025-05-30","79","H,,2","57","H,,2"
"MXM00076683","TLAXCALA DE XICONTECATL DGE, MX","2025-05-31","78","H,,2","59","H,,2"
"MXM00076683","TLAXCALA DE XICONTECATL DGE, MX","2025-06-03","77","H,,2","58","H,,2"
"MXM00076683","TLAXCALA DE XICONTECATL DGE, MX","2025-06-04","80","H,,2","54","H,,2"
"MXM00076683","TLAXCALA DE XICONTECATL DGE, MX","2025-06-05","81","H,,2","55","H,,2"
"MXM00076683","TLAXCALA DE XICONTECATL DGE, MX","2025-06-06","78","H,,2","56","H,,2"
"MXM00076683","TLAXCALA DE XICONTECATL DGE, MX","2025-06-07","80","H,,2","57","H,,2"
"MXM00076683","TLAXCALA DE XICONTECATL DGE, MX","2025-06-09","83","H,,2","61","H,,2"
"MXM00076683","TLAXCALA DE XICONTECATL DGE, MX","2025-06-10","83","H,,2","57","H,,2"
"MXM00076683","TLAXCALA DE XICONTECATL DGE, MX","2025-06-11","79","H,,2","60","H,,2"
"MXM00076683","TLAXCALA DE XICONTECATL DGE, MX","2025-06-12","77","H,,2","54","H,,2"
"MXM00076683","TLAXCALA DE XICONTECATL DGE, MX","2025-06-13","74","H,,2","56","H,,2"
"MXM00076683","TLAXCALA DE XICONTECATL DGE, MX","2025-06-14","73","H,,2","55","H,,2"
"MXM00076683","TLAXCALA DE XICONTECATL DGE, MX","2025-06-16","68","H,,2","56","H,,2"
"MXM00076683","TLAXCALA DE XICONTECATL DGE, MX","2025-06-17","74","H,,2","56","H,,2"
"MXM00076683","TLAXCALA DE XICONTECATL DGE, MX","2025-06-18","71","H,,2","56","H,,2"
"MXM00076683","TLAXCALA DE XICONTECATL DGE, MX","2025-06-19","72","H,,2","58","H,,2"
"MXM00076683","TLAXCALA DE XICONTECATL DGE, MX","2025-06-20","62","H,,2","56","H,,2"
"MXM00076683","TLAXCALA DE XICONTECATL DGE, MX","2025-06-21","65","H,,2","58","H,,2"
"MXM00076683","TLAXCALA DE XICONTECATL DGE, MX","2025-06-23","63","H,,2","57","H,,2"
"MXM00076683","TLAXCALA DE XICONTECATL DGE, MX","2025-06-24","62","H,,2","55","H,,2"
"MXM00076683","TLAXCALA DE XICONTECATL DGE, MX","2025-06-25","71","H,,2","53","H,,2"
"MXM00076683","TLAXCALA DE XICONTECATL DGE, MX","2025-06-26","74","H,,2","55","H,,2"
"MXM00076683","TLAXCALA DE XICONTECATL DGE, MX","2025-06-27","76","H,,2","53","H,,2"
"MXM00076683","TLAXCALA DE XICONTECATL DGE, MX","2025-06-28","78","H,,2","55","H,,2"
"MXM00076683","TLAXCALA DE XICONTECATL DGE, MX","2025-06-30","68","H,,2","56","H,,2"
"MXM00076683","TLAXCALA DE XICONTECATL DGE, MX","2025-07-01","74","H,,2","58","H,,2"
"MXM00076683","TLAXCALA DE XICONTECATL DGE, MX","2025-07-02","74","H,,2","59","H,,2"
"MXM00076683","TLAXCALA DE XICONTECATL DGE, MX","2025-07-03","80","H,,2","51","H,,2"
"MXM00076683","TLAXCALA DE XICONTECATL DGE, MX","2025-07-04","82","H,,2","48","H,,2"
"MXM00076683","TLAXCALA DE XICONTECATL DGE, MX","2025-07-05","81","H,,2","53","H,,2"
"MXM00076683","TLAXCALA DE XICONTECATL DGE, MX","2025-07-07","76","H,,2","51","H,,2"
"MXM00076683","TLAXCALA DE XICONTECATL DGE, MX","2025-07-08","75","H,,2","52","H,,2"
"MXM00076683","TLAXCALA DE XICONTECATL DGE, MX","2025-07-09","71","H,,2","55","H,,2"
"MXM00076683","TLAXCALA DE XICONTECATL DGE, MX","2025-07-10","77","H,,2","51","H,,2"
"MXM00076683","TLAXCALA DE XICONTECATL DGE, MX","2025-07-11","74","H,,2","53","H,,2"
"MXM00076683","TLAXCALA DE XICONTECATL DGE, MX","2025-07-12","71","H,,2","53","H,,2"
"MXM00076683","TLAXCALA DE XICONTECATL DGE, MX","2025-07-14","77","H,,2","57","H,,2"
"MXM00076683","TLAXCALA DE XICONTECATL DGE, MX","2025-07-15","78","H,,2","55","H,,2"
"MXM00076683","TLAXCALA DE XICONTECATL DGE, MX","2025-07-16","78","H,,2","51","H,,2"
"MXM00076683","TLAXCALA DE XICONTECATL DGE, MX","2025-07-17","76","H,,2","54","H,,2"
"MXM00076683","TLAXCALA DE XICONTECATL DGE, MX","2025-07-18","77","H,,2","53","H,,2"
"MXM00076683","TLAXCALA DE XICONTECATL DGE, MX","2025-07-19","76","H,,2","54","H,,2"
"MXM00076683","TLAXCALA DE XICONTECATL DGE, MX","2025-07-21","80","H,,2","49","H,,2"
"MXM00076683","TLAXCALA DE XICONTECATL DGE, MX","2025-07-22","80","H,,2","51","H,,2"
"MXM00076683","TLAXCALA DE XICONTECATL DGE, MX","2025-07-23","78","H,,2","54","H,,2"
"MXM00076683","TLAXCALA DE XICONTECATL DGE, MX","2025-07-24","77","H,,2","51","H,,2"
"MXM00076683","TLAXCALA DE XICONTECATL DGE, MX","2025-07-25","80","H,,2","56","H,,2"
"MXM00076683","TLAXCALA DE XICONTECATL DGE, MX","2025-07-26","75","H,,2","56","H,,2"
"MXM00076683","TLAXCALA DE XICONTECATL DGE, MX","2025-07-28","71","H,,2","53","H,,2"
"MXM00076683","TLAXCALA DE XICONTECATL DGE, MX","2025-07-29","76","H,,2","50","H,,2"
"MXM00076683","TLAXCALA DE XICONTECATL DGE, MX","2025-07-30","75","H,,2","52","H,,2"
"MXM00076683","TLAXCALA DE XICONTECATL DGE, MX","2025-07-31","73","H,,2","52","H,,2"
"MXM00076683","TLAXCALA DE XICONTECATL DGE, MX","2025-08-01","72","H,,2","57","H,,2"
"MXM00076683","TLAXCALA DE XICONTECATL DGE, MX","2025-08-02","75","H,,2","49","H,,2"
"MXM00076683","TLAXCALA DE XICONTECATL DGE, MX","2025-08-04","79","H,,2","49","H,,2"
"MXM00076683","TLAXCALA DE XICONTECATL DGE, MX","2025-08-05","76","H,,2","50","H,,2"
"MXM00076683","TLAXCALA DE XICONTECATL DGE, MX","2025-08-06","67","H,,2","56","H,,2"
"MXM00076683","TLAXCALA DE XICONTECATL DGE, MX","2025-08-07","74","H,,2","53","H,,2"
"MXM00076683","TLAXCALA DE XICONTECATL DGE, MX","2025-08-08","79","H,,2","51","H,,2"
"MXM00076683","TLAXCALA DE XICONTECATL DGE, MX","2025-08-09","80","H,,2","51","H,,2"
"MXM00076683","TLAXCALA DE XICONTECATL DGE, MX","2025-08-11","80","H,,2","54","H,,2"
"MXM00076683","TLAXCALA DE XICONTECATL DGE, MX","2025-08-12","80","H,,2","55","H,,2"
"MXM00076683","TLAXCALA DE XICONTECATL DGE, MX","2025-08-13","77","H,,2","53","H,,2"
"MXM00076683","TLAXCALA DE XICONTECATL DGE, MX","2025-08-14","77","H,,2","53","H,,2"
"MXM00076683","TLAXCALA DE XICONTECATL DGE, MX","2025-08-15","74","H,,2","54","H,,2"
"MXM00076683","TLAXCALA DE XICONTECATL DGE, MX","2025-08-16","77","H,,2","48","H,,2"
"MXM00076683","TLAXCALA DE XICONTECATL DGE, MX","2025-08-18","75","H,,2","50","H,,2"
"MXM00076683","TLAXCALA DE XICONTECATL DGE, MX","2025-08-19","80","H,,2","55","H,,2"
"MXM00076683","TLAXCALA DE XICONTECATL DGE, MX","2025-08-20","78","H,,2","53","H,,2"
"MXM00076683","TLAXCALA DE XICONTECATL DGE, MX","2025-08-21","76","H,,2","58","H,,2"
"MXM00076683","TLAXCALA DE XICONTECATL DGE, MX","2025-08-22","77","H,,2","56","H,,2"
"MXM00076683","TLAXCALA DE XICONTECATL DGE, MX","2025-08-23","77","H,,2","57","H,,2"
"MXM00076683","TLAXCALA DE XICONTECATL DGE, MX","2025-08-25","77","H,,2","57","H,,2"
"MXM00076683","TLAXCALA DE XICONTECATL DGE, MX","2025-08-26","79","H,,2","53","H,,2"
"MXM00076683","TLAXCALA DE XICONTECATL DGE, MX","2025-08-27","69","H,,2","56","H,,2"
"MXM00076683","TLAXCALA DE XICONTECATL DGE, MX","2025-08-28","78","H,,2","52","H,,2"
"MXM00076683","TLAXCALA DE XICONTECATL DGE, MX","2025-08-29","78","H,,2","53","H,,2"
"MXM00076683","TLAXCALA DE XICONTECATL DGE, MX","2025-09-03","62","H,,2","54","H,,2"
"MXM00076683","TLAXCALA DE XICONTECATL DGE, MX","2025-09-04","77","H,,2","55","H,,2"
"MXM00076683","TLAXCALA DE XICONTECATL DGE, MX","2025-09-05","76","H,,2","55","H,,2"
"MXM00076683","TLAXCALA DE XICONTECATL DGE, MX","2025-09-06","81","H,,2","56","H,,2"
"MXM00076683","TLAXCALA DE XICONTECATL DGE, MX","2025-09-08","75","H,,2","55","H,,2"
"MXM00076683","TLAXCALA DE XICONTECATL DGE, MX","2025-09-09","80","H,,2","55","H,,2"
"MXM00076683","TLAXCALA DE XICONTECATL DGE, MX","2025-09-10","76","H,,2","55","H,,2"
"MXM00076683","TLAXCALA DE XICONTECATL DGE, MX","2025-09-11","69","H,,2","57","H,,2"
"MXM00076683","TLAXCALA DE XICONTECATL DGE, MX","2025-09-12","70","H,,2","58","H,,2"
"MXM00076683","TLAXCALA DE XICONTECATL DGE, MX","2025-09-13","76","H,,2","58","H,,2"
"MXM00076683","TLAXCALA DE XICONTECATL DGE, MX","2025-09-15","74","H,,2","54","H,,2"
"MXM00076683","TLAXCALA DE XICONTECATL DGE, MX","2025-09-16","77","H,,2","53","H,,2"
"MXM00076683","TLAXCALA DE XICONTECATL DGE, MX","2025-09-17","76","H,,2","56","H,,2"
"MXM00076683","TLAXCALA DE XICONTECATL DGE, MX","2025-09-18","78","H,,2","55","H,,2"
"MXM00076683","TLAXCALA DE XICONTECATL DGE, MX","2025-09-19","78","H,,2","54","H,,2"
"MXM00076683","TLAXCALA DE XICONTECATL DGE, MX","2025-09-22","79","H,,2","52","H,,2"
"MXM00076683","TLAXCALA DE XICONTECATL DGE, MX","2025-09-23","79","H,,2","54","H,,2"
"MXM00076683","TLAXCALA DE XICONTECATL DGE, MX","2025-09-24","76","H,,2","56","H,,2"
"MXM00076683","TLAXCALA DE XICONTECATL DGE, MX","2025-09-25","77","H,,2","56","H,,2"
"MXM00076683","TLAXCALA DE XICONTECATL DGE, MX","2025-09-26","74","H,,2","57","H,,2"
"MXM00076683","TLAXCALA DE XICONTECATL DGE, MX","2025-09-27","78","H,,2","56","H,,2"
"MXM00076683","TLAXCALA DE XICONTECATL DGE, MX","2025-09-29","77","H,,2","59","H,,2"
"MXM00076683","TLAXCALA DE XICONTECATL DGE, MX","2025-09-30","78","H,,2","56","H,,2"
"MXM00076683","TLAXCALA DE XICONTECATL DGE, MX","2025-10-01","77","H,,2","57","H,,2"
"MXM00076683","TLAXCALA DE XICONTECATL DGE, MX","2025-10-02","74","H,,2","55","H,,2"
"MXM00076683","TLAXCALA DE XICONTECATL DGE, MX","2025-10-03","74","H,,2","51","H,,2"
"MXM00076683","TLAXCALA DE XICONTECATL DGE, MX","2025-10-04","74","H,,2","51","H,,2"
"MXM00076683","TLAXCALA DE XICONTECATL DGE, MX","2025-10-06","76","H,,2","54","H,,2"
"MXM00076683","TLAXCALA DE XICONTECATL DGE, MX","2025-10-07","76","H,,2","55","H,,2"
"MXM00076683","TLAXCALA DE XICONTECATL DGE, MX","2025-10-08","68","H,,2","58","H,,2"
"MXM00076683","TLAXCALA DE XICONTECATL DGE, MX","2025-10-09","70","H,,2","57","H,,2"
"MXM00076683","TLAXCALA DE XICONTECATL DGE, MX","2025-10-10","73","H,,2","58","H,,2"
"MXM00076683","TLAXCALA DE XICONTECATL DGE, MX","2025-10-11","68","H,,2","53","H,,2"
"MXM00076683","TLAXCALA DE XICONTECATL DGE, MX","2025-10-13","81","H,,2","47","H,,2"
"MXM00076683","TLAXCALA DE XICONTECATL DGE, MX","2025-10-14","74","H,,2","50","H,,2"
"MXM00076683","TLAXCALA DE XICONTECATL DGE, MX","2025-10-15","71","H,,2","49","H,,2"
"MXM00076683","TLAXCALA DE XICONTECATL DGE, MX","2025-10-16","75","H,,2","47","H,,2"
"MXM00076683","TLAXCALA DE XICONTECATL DGE, MX","2025-10-17","75","H,,2","52","H,,2"
"MXM00076683","TLAXCALA DE XICONTECATL DGE, MX","2025-10-18","71","H,,2","55","H,,2"
"MXM00076683","TLAXCALA DE XICONTECATL DGE, MX","2025-10-20","77","H,,2","56","H,,2"
"MXM00076683","TLAXCALA DE XICONTECATL DGE, MX","2025-10-21","78","H,,2","48","H,,2"
"MXM00076683","TLAXCALA DE XICONTECATL DGE, MX","2025-10-22","78","H,,2","53","H,,2"
"MXM00076683","TLAXCALA DE XICONTECATL DGE, MX","2025-10-23","78","H,,2","56","H,,2"
"MXM00076683","TLAXCALA DE XICONTECATL DGE, MX","2025-10-24","81","H,,2","46","H,,2"
"MXM00076683","TLAXCALA DE XICONTECATL DGE, MX","2025-10-25","84","H,,2","46","H,,2"
"MXM00076683","TLAXCALA DE XICONTECATL DGE, MX","2025-10-27","81","H,,2","44","H,,2"
"MXM00076683","TLAXCALA DE XICONTECATL DGE, MX","2025-10-28","81","H,,2","42","H,,2"
"MXM00076683","TLAXCALA DE XICONTECATL DGE, MX","2025-10-29","72","H,,2","43","H,,2"
"MXM00076683","TLAXCALA DE XICONTECATL DGE, MX","2025-10-30","73","H,,2","50","H,,2"
"MXM00076683","TLAXCALA DE XICONTECATL DGE, MX","2025-10-31","80","H,,2","43","H,,2"
"MXM00076683","TLAXCALA DE XICONTECATL DGE, MX","2025-11-01","76","H,,2","43","H,,2"
"MXM00076683","TLAXCALA DE XICONTECATL DGE, MX","2025-11-03","74","H,,2","51","H,,2"
"MXM00076683","TLAXCALA DE XICONTECATL DGE, MX","2025-11-05","77","H,,2","42","H,,2"
"MXM00076683","TLAXCALA DE XICONTECATL DGE, MX","2025-11-06","80","H,,2","40","H,,2"
"MXM00076683","TLAXCALA DE XICONTECATL DGE, MX","2025-11-07","79","H,,2","40","H,,2"
"MXM00076683","TLAXCALA DE XICONTECATL DGE, MX","2025-11-08","79","H,,2","43","H,,2"
"MXM00076683","TLAXCALA DE XICONTECATL DGE, MX","2025-11-10","66","H,,2","51","H,,2"
"MXM00076683","TLAXCALA DE XICONTECATL DGE, MX","2025-11-11","73","H,,2","44","H,,2"
"MXM00076683","TLAXCALA DE XICONTECATL DGE, MX","2025-11-12","79","H,,2","41","H,,2"
"MXM00076683","TLAXCALA DE XICONTECATL DGE, MX","2025-11-13","83","H,,2","42","H,,2"
"MXM00076683","TLAXCALA DE XICONTECATL DGE, MX","2025-11-14","82","H,,2","41","H,,2"
"MXM00076683","TLAXCALA DE XICONTECATL DGE, MX","2025-11-15","83","H,,2","41","H,,2"
"MXM00076683","TLAXCALA DE XICONTECATL DGE, MX","2025-11-17","81","H,,2","41","H,,2"
"MXM00076683","TLAXCALA DE XICONTECATL DGE, MX","2025-11-18","83","H,,2","43","H,,2"
"MXM00076683","TLAXCALA DE XICONTECATL DGE, MX","2025-11-19","81","H,,2","44","H,,2"
"MXM00076683","TLAXCALA DE XICONTECATL DGE, MX","2025-11-20","77","H,,2","42","H,,2"
"MXM00076683","TLAXCALA DE XICONTECATL DGE, MX","2025-11-21","81","H,,2","46","H,,2"
"MXM00076683","TLAXCALA DE XICONTECATL DGE, MX","2025-11-22","78","H,,2","45","H,,2"
"MXM00076683","TLAXCALA DE XICONTECATL DGE, MX","2025-11-24","77","H,,2","40","H,,2"
"MXM00076683","TLAXCALA DE XICONTECATL DGE, MX","2025-11-25","78","H,,2","41","H,,2"
"MXM00076683","TLAXCALA DE XICONTECATL DGE, MX","2025-11-26","77","H,,2","45","H,,2"
"MXM00076683","TLAXCALA DE XICONTECATL DGE, MX","2025-11-27","72","H,,2","51","H,,2"
"MXM00076683","TLAXCALA DE XICONTECATL DGE, MX","2025-11-28","70","H,,2","48","H,,2"
"MXM00076683","TLAXCALA DE XICONTECATL DGE, MX","2025-11-29","70","H,,2","44","H,,2"
